Lipid_name,Amine,Tail,Delivery_target,Route_of_administration,Purity,Batch_or_individual,Experiment_weight,Mix_type
A11-T1 ,RM_carbonate_A11,RM_carbonate_T1 ,hela,in_vitro,Crude,Individual,1,Hand
A11-T2 ,RM_carbonate_A11,RM_carbonate_T2 ,hela,in_vitro,Crude,Individual,1,Hand
A9-T1 ,RM_carbonate_A9,RM_carbonate_T1 ,hela,in_vitro,Crude,Individual,1,Hand
A56-T3 ,RM_carbonate_A56,RM_carbonate_T3 ,hela,in_vitro,Crude,Individual,1,Hand
A18-T7 ,RM_carbonate_A18,RM_carbonate_T7 ,hela,in_vitro,Crude,Individual,1,Hand
A6-T1 ,RM_carbonate_A6,RM_carbonate_T1 ,hela,in_vitro,Crude,Individual,1,Hand
A9-T2 ,RM_carbonate_A9,RM_carbonate_T2 ,hela,in_vitro,Crude,Individual,1,Hand
A22-T1 ,RM_carbonate_A22,RM_carbonate_T1 ,hela,in_vitro,Crude,Individual,1,Hand
A9-T3 ,RM_carbonate_A9,RM_carbonate_T3 ,hela,in_vitro,Crude,Individual,1,Hand
A33-T1 ,RM_carbonate_A33,RM_carbonate_T1 ,hela,in_vitro,Crude,Individual,1,Hand
A1-T2 ,RM_carbonate_A1,RM_carbonate_T2 ,hela,in_vitro,Crude,Individual,1,Hand
A11-T3 ,RM_carbonate_A11,RM_carbonate_T3 ,hela,in_vitro,Crude,Individual,1,Hand
A1-T1 ,RM_carbonate_A1,RM_carbonate_T1 ,hela,in_vitro,Crude,Individual,1,Hand
A2-T2 ,RM_carbonate_A2,RM_carbonate_T2 ,hela,in_vitro,Crude,Individual,1,Hand
A18-T6 ,RM_carbonate_A18,RM_carbonate_T6 ,hela,in_vitro,Crude,Individual,1,Hand
A14-T10 ,RM_carbonate_A14,RM_carbonate_T10 ,hela,in_vitro,Crude,Individual,1,Hand
A4-T2 ,RM_carbonate_A4,RM_carbonate_T2 ,hela,in_vitro,Crude,Individual,1,Hand
A22-T2 ,RM_carbonate_A22,RM_carbonate_T2 ,hela,in_vitro,Crude,Individual,1,Hand
A12-T2 ,RM_carbonate_A12,RM_carbonate_T2 ,hela,in_vitro,Crude,Individual,1,Hand
A25-T8 ,RM_carbonate_A25,RM_carbonate_T8 ,hela,in_vitro,Crude,Individual,1,Hand
A3-T1 ,RM_carbonate_A3,RM_carbonate_T1 ,hela,in_vitro,Crude,Individual,1,Hand
A30-T2 ,RM_carbonate_A30,RM_carbonate_T2 ,hela,in_vitro,Crude,Individual,1,Hand
A4-T3 ,RM_carbonate_A4,RM_carbonate_T3 ,hela,in_vitro,Crude,Individual,1,Hand
A18-T5 ,RM_carbonate_A18,RM_carbonate_T5 ,hela,in_vitro,Crude,Individual,1,Hand
A30-T1 ,RM_carbonate_A30,RM_carbonate_T1 ,hela,in_vitro,Crude,Individual,1,Hand
A30-T3 ,RM_carbonate_A30,RM_carbonate_T3 ,hela,in_vitro,Crude,Individual,1,Hand
A5-T1 ,RM_carbonate_A5,RM_carbonate_T1 ,hela,in_vitro,Crude,Individual,1,Hand
A8-T2 ,RM_carbonate_A8,RM_carbonate_T2 ,hela,in_vitro,Crude,Individual,1,Hand
A51-T3 ,RM_carbonate_A51,RM_carbonate_T3 ,hela,in_vitro,Crude,Individual,1,Hand
A12-T3 ,RM_carbonate_A12,RM_carbonate_T3 ,hela,in_vitro,Crude,Individual,1,Hand
A55-T3 ,RM_carbonate_A55,RM_carbonate_T3 ,hela,in_vitro,Crude,Individual,1,Hand
A6-T3 ,RM_carbonate_A6,RM_carbonate_T3 ,hela,in_vitro,Crude,Individual,1,Hand
A37-T6 ,RM_carbonate_A37,RM_carbonate_T6 ,hela,in_vitro,Crude,Individual,1,Hand
A16-T3 ,RM_carbonate_A16,RM_carbonate_T3 ,hela,in_vitro,Crude,Individual,1,Hand
A1-T3 ,RM_carbonate_A1,RM_carbonate_T3 ,hela,in_vitro,Crude,Individual,1,Hand
A47-T5 ,RM_carbonate_A47,RM_carbonate_T5 ,hela,in_vitro,Crude,Individual,1,Hand
A28-T10 ,RM_carbonate_A28,RM_carbonate_T10 ,hela,in_vitro,Crude,Individual,1,Hand
A6-T2 ,RM_carbonate_A6,RM_carbonate_T2 ,hela,in_vitro,Crude,Individual,1,Hand
A3-T3 ,RM_carbonate_A3,RM_carbonate_T3 ,hela,in_vitro,Crude,Individual,1,Hand
A20-T8 ,RM_carbonate_A20,RM_carbonate_T8 ,hela,in_vitro,Crude,Individual,1,Hand
A2-T5 ,RM_carbonate_A2,RM_carbonate_T5 ,hela,in_vitro,Crude,Individual,1,Hand
A18-T8 ,RM_carbonate_A18,RM_carbonate_T8 ,hela,in_vitro,Crude,Individual,1,Hand
A63-T4 ,RM_carbonate_A63,RM_carbonate_T4 ,hela,in_vitro,Crude,Individual,1,Hand
A36-T3 ,RM_carbonate_A36,RM_carbonate_T3 ,hela,in_vitro,Crude,Individual,1,Hand
A3-T2 ,RM_carbonate_A3,RM_carbonate_T2 ,hela,in_vitro,Crude,Individual,1,Hand
A4-T1 ,RM_carbonate_A4,RM_carbonate_T1 ,hela,in_vitro,Crude,Individual,1,Hand
A8-T3 ,RM_carbonate_A8,RM_carbonate_T3 ,hela,in_vitro,Crude,Individual,1,Hand
A25-T2 ,RM_carbonate_A25,RM_carbonate_T2 ,hela,in_vitro,Crude,Individual,1,Hand
A63-T10 ,RM_carbonate_A63,RM_carbonate_T10 ,hela,in_vitro,Crude,Individual,1,Hand
A34-T1 ,RM_carbonate_A34,RM_carbonate_T1 ,hela,in_vitro,Crude,Individual,1,Hand
A24-T10 ,RM_carbonate_A24,RM_carbonate_T10 ,hela,in_vitro,Crude,Individual,1,Hand
A12-T1 ,RM_carbonate_A12,RM_carbonate_T1 ,hela,in_vitro,Crude,Individual,1,Hand
A25-T7 ,RM_carbonate_A25,RM_carbonate_T7 ,hela,in_vitro,Crude,Individual,1,Hand
A8-T1 ,RM_carbonate_A8,RM_carbonate_T1 ,hela,in_vitro,Crude,Individual,1,Hand
A36-T2 ,RM_carbonate_A36,RM_carbonate_T2 ,hela,in_vitro,Crude,Individual,1,Hand
A2-T8 ,RM_carbonate_A2,RM_carbonate_T8 ,hela,in_vitro,Crude,Individual,1,Hand
A31-T1 ,RM_carbonate_A31,RM_carbonate_T1 ,hela,in_vitro,Crude,Individual,1,Hand
A18-T4 ,RM_carbonate_A18,RM_carbonate_T4 ,hela,in_vitro,Crude,Individual,1,Hand
A15-T10 ,RM_carbonate_A15,RM_carbonate_T10 ,hela,in_vitro,Crude,Individual,1,Hand
A51-T1 ,RM_carbonate_A51,RM_carbonate_T1 ,hela,in_vitro,Crude,Individual,1,Hand
A63-T8 ,RM_carbonate_A63,RM_carbonate_T8 ,hela,in_vitro,Crude,Individual,1,Hand
A18-T3 ,RM_carbonate_A18,RM_carbonate_T3 ,hela,in_vitro,Crude,Individual,1,Hand
A14-T3 ,RM_carbonate_A14,RM_carbonate_T3 ,hela,in_vitro,Crude,Individual,1,Hand
A4-T6 ,RM_carbonate_A4,RM_carbonate_T6 ,hela,in_vitro,Crude,Individual,1,Hand
A51-T9 ,RM_carbonate_A51,RM_carbonate_T9 ,hela,in_vitro,Crude,Individual,1,Hand
A15-T1 ,RM_carbonate_A15,RM_carbonate_T1 ,hela,in_vitro,Crude,Individual,1,Hand
A17-T2 ,RM_carbonate_A17,RM_carbonate_T2 ,hela,in_vitro,Crude,Individual,1,Hand
A16-T1 ,RM_carbonate_A16,RM_carbonate_T1 ,hela,in_vitro,Crude,Individual,1,Hand
A31-T3 ,RM_carbonate_A31,RM_carbonate_T3 ,hela,in_vitro,Crude,Individual,1,Hand
A44-T1 ,RM_carbonate_A44,RM_carbonate_T1 ,hela,in_vitro,Crude,Individual,1,Hand
A34-T7 ,RM_carbonate_A34,RM_carbonate_T7 ,hela,in_vitro,Crude,Individual,1,Hand
A47-T4 ,RM_carbonate_A47,RM_carbonate_T4 ,hela,in_vitro,Crude,Individual,1,Hand
A25-T10 ,RM_carbonate_A25,RM_carbonate_T10 ,hela,in_vitro,Crude,Individual,1,Hand
A33-T10 ,RM_carbonate_A33,RM_carbonate_T10 ,hela,in_vitro,Crude,Individual,1,Hand
A31-T6 ,RM_carbonate_A31,RM_carbonate_T6 ,hela,in_vitro,Crude,Individual,1,Hand
A33-T2 ,RM_carbonate_A33,RM_carbonate_T2 ,hela,in_vitro,Crude,Individual,1,Hand
A33-T9 ,RM_carbonate_A33,RM_carbonate_T9 ,hela,in_vitro,Crude,Individual,1,Hand
A25-T3 ,RM_carbonate_A25,RM_carbonate_T3 ,hela,in_vitro,Crude,Individual,1,Hand
A2-T4 ,RM_carbonate_A2,RM_carbonate_T4 ,hela,in_vitro,Crude,Individual,1,Hand
A5-T3 ,RM_carbonate_A5,RM_carbonate_T3 ,hela,in_vitro,Crude,Individual,1,Hand
A44-T4 ,RM_carbonate_A44,RM_carbonate_T4 ,hela,in_vitro,Crude,Individual,1,Hand
A19-T7 ,RM_carbonate_A19,RM_carbonate_T7 ,hela,in_vitro,Crude,Individual,1,Hand
A63-T6 ,RM_carbonate_A63,RM_carbonate_T6 ,hela,in_vitro,Crude,Individual,1,Hand
A33-T7 ,RM_carbonate_A33,RM_carbonate_T7 ,hela,in_vitro,Crude,Individual,1,Hand
A14-T2 ,RM_carbonate_A14,RM_carbonate_T2 ,hela,in_vitro,Crude,Individual,1,Hand
A7-T2 ,RM_carbonate_A7,RM_carbonate_T2 ,hela,in_vitro,Crude,Individual,1,Hand
A23-T4 ,RM_carbonate_A23,RM_carbonate_T4 ,hela,in_vitro,Crude,Individual,1,Hand
A49-T10 ,RM_carbonate_A49,RM_carbonate_T10 ,hela,in_vitro,Crude,Individual,1,Hand
A34-T8 ,RM_carbonate_A34,RM_carbonate_T8 ,hela,in_vitro,Crude,Individual,1,Hand
A17-T1 ,RM_carbonate_A17,RM_carbonate_T1 ,hela,in_vitro,Crude,Individual,1,Hand
A25-T1 ,RM_carbonate_A25,RM_carbonate_T1 ,hela,in_vitro,Crude,Individual,1,Hand
A34-T3 ,RM_carbonate_A34,RM_carbonate_T3 ,hela,in_vitro,Crude,Individual,1,Hand
A14-T1 ,RM_carbonate_A14,RM_carbonate_T1 ,hela,in_vitro,Crude,Individual,1,Hand
A34-T4 ,RM_carbonate_A34,RM_carbonate_T4 ,hela,in_vitro,Crude,Individual,1,Hand
A34-T6 ,RM_carbonate_A34,RM_carbonate_T6 ,hela,in_vitro,Crude,Individual,1,Hand
A14-T9 ,RM_carbonate_A14,RM_carbonate_T9 ,hela,in_vitro,Crude,Individual,1,Hand
A35-T3 ,RM_carbonate_A35,RM_carbonate_T3 ,hela,in_vitro,Crude,Individual,1,Hand
A47-T6 ,RM_carbonate_A47,RM_carbonate_T6 ,hela,in_vitro,Crude,Individual,1,Hand
A63-T5 ,RM_carbonate_A63,RM_carbonate_T5 ,hela,in_vitro,Crude,Individual,1,Hand
A23-T5 ,RM_carbonate_A23,RM_carbonate_T5 ,hela,in_vitro,Crude,Individual,1,Hand
A44-T8 ,RM_carbonate_A44,RM_carbonate_T8 ,hela,in_vitro,Crude,Individual,1,Hand
A18-T2 ,RM_carbonate_A18,RM_carbonate_T2 ,hela,in_vitro,Crude,Individual,1,Hand
A22-T3 ,RM_carbonate_A22,RM_carbonate_T3 ,hela,in_vitro,Crude,Individual,1,Hand
A5-T2 ,RM_carbonate_A5,RM_carbonate_T2 ,hela,in_vitro,Crude,Individual,1,Hand
A31-T5 ,RM_carbonate_A31,RM_carbonate_T5 ,hela,in_vitro,Crude,Individual,1,Hand
A48-T4 ,RM_carbonate_A48,RM_carbonate_T4 ,hela,in_vitro,Crude,Individual,1,Hand
A19-T3 ,RM_carbonate_A19,RM_carbonate_T3 ,hela,in_vitro,Crude,Individual,1,Hand
A63-T7 ,RM_carbonate_A63,RM_carbonate_T7 ,hela,in_vitro,Crude,Individual,1,Hand
A2-T3 ,RM_carbonate_A2,RM_carbonate_T3 ,hela,in_vitro,Crude,Individual,1,Hand
A21-T2 ,RM_carbonate_A21,RM_carbonate_T2 ,hela,in_vitro,Crude,Individual,1,Hand
A47-T7 ,RM_carbonate_A47,RM_carbonate_T7 ,hela,in_vitro,Crude,Individual,1,Hand
A5-T5 ,RM_carbonate_A5,RM_carbonate_T5 ,hela,in_vitro,Crude,Individual,1,Hand
A33-T8 ,RM_carbonate_A33,RM_carbonate_T8 ,hela,in_vitro,Crude,Individual,1,Hand
A52-T9 ,RM_carbonate_A52,RM_carbonate_T9 ,hela,in_vitro,Crude,Individual,1,Hand
A21-T9 ,RM_carbonate_A21,RM_carbonate_T9 ,hela,in_vitro,Crude,Individual,1,Hand
A7-T1 ,RM_carbonate_A7,RM_carbonate_T1 ,hela,in_vitro,Crude,Individual,1,Hand
A28-T9 ,RM_carbonate_A28,RM_carbonate_T9 ,hela,in_vitro,Crude,Individual,1,Hand
A2-T7 ,RM_carbonate_A2,RM_carbonate_T7 ,hela,in_vitro,Crude,Individual,1,Hand
A18-T1 ,RM_carbonate_A18,RM_carbonate_T1 ,hela,in_vitro,Crude,Individual,1,Hand
A25-T6 ,RM_carbonate_A25,RM_carbonate_T6 ,hela,in_vitro,Crude,Individual,1,Hand
A33-T6 ,RM_carbonate_A33,RM_carbonate_T6 ,hela,in_vitro,Crude,Individual,1,Hand
A35-T1 ,RM_carbonate_A35,RM_carbonate_T1 ,hela,in_vitro,Crude,Individual,1,Hand
A37-T4 ,RM_carbonate_A37,RM_carbonate_T4 ,hela,in_vitro,Crude,Individual,1,Hand
A4-T8 ,RM_carbonate_A4,RM_carbonate_T8 ,hela,in_vitro,Crude,Individual,1,Hand
A31-T7 ,RM_carbonate_A31,RM_carbonate_T7 ,hela,in_vitro,Crude,Individual,1,Hand
A22-T8 ,RM_carbonate_A22,RM_carbonate_T8 ,hela,in_vitro,Crude,Individual,1,Hand
A7-T7 ,RM_carbonate_A7,RM_carbonate_T7 ,hela,in_vitro,Crude,Individual,1,Hand
A47-T8 ,RM_carbonate_A47,RM_carbonate_T8 ,hela,in_vitro,Crude,Individual,1,Hand
A20-T7 ,RM_carbonate_A20,RM_carbonate_T7 ,hela,in_vitro,Crude,Individual,1,Hand
A36-T1 ,RM_carbonate_A36,RM_carbonate_T1 ,hela,in_vitro,Crude,Individual,1,Hand
A16-T2 ,RM_carbonate_A16,RM_carbonate_T2 ,hela,in_vitro,Crude,Individual,1,Hand
A39-T3 ,RM_carbonate_A39,RM_carbonate_T3 ,hela,in_vitro,Crude,Individual,1,Hand
A7-T8 ,RM_carbonate_A7,RM_carbonate_T8 ,hela,in_vitro,Crude,Individual,1,Hand
A2-T6 ,RM_carbonate_A2,RM_carbonate_T6 ,hela,in_vitro,Crude,Individual,1,Hand
A25-T9 ,RM_carbonate_A25,RM_carbonate_T9 ,hela,in_vitro,Crude,Individual,1,Hand
A71-T6 ,RM_carbonate_A71,RM_carbonate_T6 ,hela,in_vitro,Crude,Individual,1,Hand
A9-T9 ,RM_carbonate_A9,RM_carbonate_T9 ,hela,in_vitro,Crude,Individual,1,Hand
A7-T10 ,RM_carbonate_A7,RM_carbonate_T10 ,hela,in_vitro,Crude,Individual,1,Hand
A1-T8 ,RM_carbonate_A1,RM_carbonate_T8 ,hela,in_vitro,Crude,Individual,1,Hand
A4-T5 ,RM_carbonate_A4,RM_carbonate_T5 ,hela,in_vitro,Crude,Individual,1,Hand
A42-T8 ,RM_carbonate_A42,RM_carbonate_T8 ,hela,in_vitro,Crude,Individual,1,Hand
A15-T2 ,RM_carbonate_A15,RM_carbonate_T2 ,hela,in_vitro,Crude,Individual,1,Hand
A57-T3 ,RM_carbonate_A57,RM_carbonate_T3 ,hela,in_vitro,Crude,Individual,1,Hand
A38-T6 ,RM_carbonate_A38,RM_carbonate_T6 ,hela,in_vitro,Crude,Individual,1,Hand
A16-T7 ,RM_carbonate_A16,RM_carbonate_T7 ,hela,in_vitro,Crude,Individual,1,Hand
A15-T9 ,RM_carbonate_A15,RM_carbonate_T9 ,hela,in_vitro,Crude,Individual,1,Hand
A63-T3 ,RM_carbonate_A63,RM_carbonate_T3 ,hela,in_vitro,Crude,Individual,1,Hand
A34-T5 ,RM_carbonate_A34,RM_carbonate_T5 ,hela,in_vitro,Crude,Individual,1,Hand
A26-T6 ,RM_carbonate_A26,RM_carbonate_T6 ,hela,in_vitro,Crude,Individual,1,Hand
A19-T1 ,RM_carbonate_A19,RM_carbonate_T1 ,hela,in_vitro,Crude,Individual,1,Hand
A57-T10 ,RM_carbonate_A57,RM_carbonate_T10 ,hela,in_vitro,Crude,Individual,1,Hand
A45-T7 ,RM_carbonate_A45,RM_carbonate_T7 ,hela,in_vitro,Crude,Individual,1,Hand
A32-T8 ,RM_carbonate_A32,RM_carbonate_T8 ,hela,in_vitro,Crude,Individual,1,Hand
A39-T2 ,RM_carbonate_A39,RM_carbonate_T2 ,hela,in_vitro,Crude,Individual,1,Hand
A71-T7 ,RM_carbonate_A71,RM_carbonate_T7 ,hela,in_vitro,Crude,Individual,1,Hand
A16-T6 ,RM_carbonate_A16,RM_carbonate_T6 ,hela,in_vitro,Crude,Individual,1,Hand
A5-T6 ,RM_carbonate_A5,RM_carbonate_T6 ,hela,in_vitro,Crude,Individual,1,Hand
A44-T10 ,RM_carbonate_A44,RM_carbonate_T10 ,hela,in_vitro,Crude,Individual,1,Hand
A21-T8 ,RM_carbonate_A21,RM_carbonate_T8 ,hela,in_vitro,Crude,Individual,1,Hand
A49-T4 ,RM_carbonate_A49,RM_carbonate_T4 ,hela,in_vitro,Crude,Individual,1,Hand
A19-T6 ,RM_carbonate_A19,RM_carbonate_T6 ,hela,in_vitro,Crude,Individual,1,Hand
A15-T7 ,RM_carbonate_A15,RM_carbonate_T7 ,hela,in_vitro,Crude,Individual,1,Hand
A44-T6 ,RM_carbonate_A44,RM_carbonate_T6 ,hela,in_vitro,Crude,Individual,1,Hand
A51-T2 ,RM_carbonate_A51,RM_carbonate_T2 ,hela,in_vitro,Crude,Individual,1,Hand
A31-T8 ,RM_carbonate_A31,RM_carbonate_T8 ,hela,in_vitro,Crude,Individual,1,Hand
A23-T6 ,RM_carbonate_A23,RM_carbonate_T6 ,hela,in_vitro,Crude,Individual,1,Hand
A21-T10 ,RM_carbonate_A21,RM_carbonate_T10 ,hela,in_vitro,Crude,Individual,1,Hand
A35-T2 ,RM_carbonate_A35,RM_carbonate_T2 ,hela,in_vitro,Crude,Individual,1,Hand
A28-T1 ,RM_carbonate_A28,RM_carbonate_T1 ,hela,in_vitro,Crude,Individual,1,Hand
A70-T10 ,RM_carbonate_A70,RM_carbonate_T10 ,hela,in_vitro,Crude,Individual,1,Hand
A24-T7 ,RM_carbonate_A24,RM_carbonate_T7 ,hela,in_vitro,Crude,Individual,1,Hand
A7-T9 ,RM_carbonate_A7,RM_carbonate_T9 ,hela,in_vitro,Crude,Individual,1,Hand
A71-T5 ,RM_carbonate_A71,RM_carbonate_T5 ,hela,in_vitro,Crude,Individual,1,Hand
A10-T1 ,RM_carbonate_A10,RM_carbonate_T1 ,hela,in_vitro,Crude,Individual,1,Hand
A10-T8 ,RM_carbonate_A10,RM_carbonate_T8 ,hela,in_vitro,Crude,Individual,1,Hand
A7-T5 ,RM_carbonate_A7,RM_carbonate_T5 ,hela,in_vitro,Crude,Individual,1,Hand
A28-T2 ,RM_carbonate_A28,RM_carbonate_T2 ,hela,in_vitro,Crude,Individual,1,Hand
A41-T10 ,RM_carbonate_A41,RM_carbonate_T10 ,hela,in_vitro,Crude,Individual,1,Hand
A21-T3 ,RM_carbonate_A21,RM_carbonate_T3 ,hela,in_vitro,Crude,Individual,1,Hand
A33-T5 ,RM_carbonate_A33,RM_carbonate_T5 ,hela,in_vitro,Crude,Individual,1,Hand
A26-T8 ,RM_carbonate_A26,RM_carbonate_T8 ,hela,in_vitro,Crude,Individual,1,Hand
A71-T8 ,RM_carbonate_A71,RM_carbonate_T8 ,hela,in_vitro,Crude,Individual,1,Hand
A37-T5 ,RM_carbonate_A37,RM_carbonate_T5 ,hela,in_vitro,Crude,Individual,1,Hand
A9-T7 ,RM_carbonate_A9,RM_carbonate_T7 ,hela,in_vitro,Crude,Individual,1,Hand
A13-T3 ,RM_carbonate_A13,RM_carbonate_T3 ,hela,in_vitro,Crude,Individual,1,Hand
A21-T1 ,RM_carbonate_A21,RM_carbonate_T1 ,hela,in_vitro,Crude,Individual,1,Hand
A29-T8 ,RM_carbonate_A29,RM_carbonate_T8 ,hela,in_vitro,Crude,Individual,1,Hand
A7-T3 ,RM_carbonate_A7,RM_carbonate_T3 ,hela,in_vitro,Crude,Individual,1,Hand
A34-T2 ,RM_carbonate_A34,RM_carbonate_T2 ,hela,in_vitro,Crude,Individual,1,Hand
A16-T9 ,RM_carbonate_A16,RM_carbonate_T9 ,hela,in_vitro,Crude,Individual,1,Hand
A19-T4 ,RM_carbonate_A19,RM_carbonate_T4 ,hela,in_vitro,Crude,Individual,1,Hand
A24-T8 ,RM_carbonate_A24,RM_carbonate_T8 ,hela,in_vitro,Crude,Individual,1,Hand
A17-T7 ,RM_carbonate_A17,RM_carbonate_T7 ,hela,in_vitro,Crude,Individual,1,Hand
A45-T4 ,RM_carbonate_A45,RM_carbonate_T4 ,hela,in_vitro,Crude,Individual,1,Hand
A27-T1 ,RM_carbonate_A27,RM_carbonate_T1 ,hela,in_vitro,Crude,Individual,1,Hand
A38-T4 ,RM_carbonate_A38,RM_carbonate_T4 ,hela,in_vitro,Crude,Individual,1,Hand
A19-T2 ,RM_carbonate_A19,RM_carbonate_T2 ,hela,in_vitro,Crude,Individual,1,Hand
A5-T4 ,RM_carbonate_A5,RM_carbonate_T4 ,hela,in_vitro,Crude,Individual,1,Hand
A31-T2 ,RM_carbonate_A31,RM_carbonate_T2 ,hela,in_vitro,Crude,Individual,1,Hand
A33-T4 ,RM_carbonate_A33,RM_carbonate_T4 ,hela,in_vitro,Crude,Individual,1,Hand
A25-T5 ,RM_carbonate_A25,RM_carbonate_T5 ,hela,in_vitro,Crude,Individual,1,Hand
A29-T3 ,RM_carbonate_A29,RM_carbonate_T3 ,hela,in_vitro,Crude,Individual,1,Hand
A37-T8 ,RM_carbonate_A37,RM_carbonate_T8 ,hela,in_vitro,Crude,Individual,1,Hand
A49-T9 ,RM_carbonate_A49,RM_carbonate_T9 ,hela,in_vitro,Crude,Individual,1,Hand
A4-T7 ,RM_carbonate_A4,RM_carbonate_T7 ,hela,in_vitro,Crude,Individual,1,Hand
A26-T7 ,RM_carbonate_A26,RM_carbonate_T7 ,hela,in_vitro,Crude,Individual,1,Hand
A32-T7 ,RM_carbonate_A32,RM_carbonate_T7 ,hela,in_vitro,Crude,Individual,1,Hand
A1-T7 ,RM_carbonate_A1,RM_carbonate_T7 ,hela,in_vitro,Crude,Individual,1,Hand
A63-T2 ,RM_carbonate_A63,RM_carbonate_T2 ,hela,in_vitro,Crude,Individual,1,Hand
A16-T10 ,RM_carbonate_A16,RM_carbonate_T10 ,hela,in_vitro,Crude,Individual,1,Hand
A50-T8 ,RM_carbonate_A50,RM_carbonate_T8 ,hela,in_vitro,Crude,Individual,1,Hand
A63-T9 ,RM_carbonate_A63,RM_carbonate_T9 ,hela,in_vitro,Crude,Individual,1,Hand
A4-T4 ,RM_carbonate_A4,RM_carbonate_T4 ,hela,in_vitro,Crude,Individual,1,Hand
A71-T4 ,RM_carbonate_A71,RM_carbonate_T4 ,hela,in_vitro,Crude,Individual,1,Hand
A48-T8 ,RM_carbonate_A48,RM_carbonate_T8 ,hela,in_vitro,Crude,Individual,1,Hand
A12-T9 ,RM_carbonate_A12,RM_carbonate_T9 ,hela,in_vitro,Crude,Individual,1,Hand
A2-T1 ,RM_carbonate_A2,RM_carbonate_T1 ,hela,in_vitro,Crude,Individual,1,Hand
A45-T5 ,RM_carbonate_A45,RM_carbonate_T5 ,hela,in_vitro,Crude,Individual,1,Hand
A45-T8 ,RM_carbonate_A45,RM_carbonate_T8 ,hela,in_vitro,Crude,Individual,1,Hand
A6-T6 ,RM_carbonate_A6,RM_carbonate_T6 ,hela,in_vitro,Crude,Individual,1,Hand
A41-T5 ,RM_carbonate_A41,RM_carbonate_T5 ,hela,in_vitro,Crude,Individual,1,Hand
A70-T5 ,RM_carbonate_A70,RM_carbonate_T5 ,hela,in_vitro,Crude,Individual,1,Hand
A7-T6 ,RM_carbonate_A7,RM_carbonate_T6 ,hela,in_vitro,Crude,Individual,1,Hand
A48-T7 ,RM_carbonate_A48,RM_carbonate_T7 ,hela,in_vitro,Crude,Individual,1,Hand
A15-T3 ,RM_carbonate_A15,RM_carbonate_T3 ,hela,in_vitro,Crude,Individual,1,Hand
A52-T2 ,RM_carbonate_A52,RM_carbonate_T2 ,hela,in_vitro,Crude,Individual,1,Hand
A27-T2 ,RM_carbonate_A27,RM_carbonate_T2 ,hela,in_vitro,Crude,Individual,1,Hand
A9-T8 ,RM_carbonate_A9,RM_carbonate_T8 ,hela,in_vitro,Crude,Individual,1,Hand
A34-T10 ,RM_carbonate_A34,RM_carbonate_T10 ,hela,in_vitro,Crude,Individual,1,Hand
A20-T4 ,RM_carbonate_A20,RM_carbonate_T4 ,hela,in_vitro,Crude,Individual,1,Hand
A48-T6 ,RM_carbonate_A48,RM_carbonate_T6 ,hela,in_vitro,Crude,Individual,1,Hand
A38-T9 ,RM_carbonate_A38,RM_carbonate_T9 ,hela,in_vitro,Crude,Individual,1,Hand
A70-T6 ,RM_carbonate_A70,RM_carbonate_T6 ,hela,in_vitro,Crude,Individual,1,Hand
A52-T5 ,RM_carbonate_A52,RM_carbonate_T5 ,hela,in_vitro,Crude,Individual,1,Hand
A20-T5 ,RM_carbonate_A20,RM_carbonate_T5 ,hela,in_vitro,Crude,Individual,1,Hand
A29-T6 ,RM_carbonate_A29,RM_carbonate_T6 ,hela,in_vitro,Crude,Individual,1,Hand
A70-T7 ,RM_carbonate_A70,RM_carbonate_T7 ,hela,in_vitro,Crude,Individual,1,Hand
A38-T8 ,RM_carbonate_A38,RM_carbonate_T8 ,hela,in_vitro,Crude,Individual,1,Hand
A10-T2 ,RM_carbonate_A10,RM_carbonate_T2 ,hela,in_vitro,Crude,Individual,1,Hand
A21-T6 ,RM_carbonate_A21,RM_carbonate_T6 ,hela,in_vitro,Crude,Individual,1,Hand
A21-T7 ,RM_carbonate_A21,RM_carbonate_T7 ,hela,in_vitro,Crude,Individual,1,Hand
A15-T4 ,RM_carbonate_A15,RM_carbonate_T4 ,hela,in_vitro,Crude,Individual,1,Hand
A13-T2 ,RM_carbonate_A13,RM_carbonate_T2 ,hela,in_vitro,Crude,Individual,1,Hand
A19-T8 ,RM_carbonate_A19,RM_carbonate_T8 ,hela,in_vitro,Crude,Individual,1,Hand
A30-T6 ,RM_carbonate_A30,RM_carbonate_T6 ,hela,in_vitro,Crude,Individual,1,Hand
A70-T4 ,RM_carbonate_A70,RM_carbonate_T4 ,hela,in_vitro,Crude,Individual,1,Hand
A27-T10 ,RM_carbonate_A27,RM_carbonate_T10 ,hela,in_vitro,Crude,Individual,1,Hand
A45-T6 ,RM_carbonate_A45,RM_carbonate_T6 ,hela,in_vitro,Crude,Individual,1,Hand
A23-T7 ,RM_carbonate_A23,RM_carbonate_T7 ,hela,in_vitro,Crude,Individual,1,Hand
A7-T4 ,RM_carbonate_A7,RM_carbonate_T4 ,hela,in_vitro,Crude,Individual,1,Hand
A10-T7 ,RM_carbonate_A10,RM_carbonate_T7 ,hela,in_vitro,Crude,Individual,1,Hand
A20-T6 ,RM_carbonate_A20,RM_carbonate_T6 ,hela,in_vitro,Crude,Individual,1,Hand
A17-T5 ,RM_carbonate_A17,RM_carbonate_T5 ,hela,in_vitro,Crude,Individual,1,Hand
A5-T7 ,RM_carbonate_A5,RM_carbonate_T7 ,hela,in_vitro,Crude,Individual,1,Hand
A12-T10 ,RM_carbonate_A12,RM_carbonate_T10 ,hela,in_vitro,Crude,Individual,1,Hand
A40-T10 ,RM_carbonate_A40,RM_carbonate_T10 ,hela,in_vitro,Crude,Individual,1,Hand
A24-T9 ,RM_carbonate_A24,RM_carbonate_T9 ,hela,in_vitro,Crude,Individual,1,Hand
A47-T2 ,RM_carbonate_A47,RM_carbonate_T2 ,hela,in_vitro,Crude,Individual,1,Hand
A47-T10 ,RM_carbonate_A47,RM_carbonate_T10 ,hela,in_vitro,Crude,Individual,1,Hand
A41-T6 ,RM_carbonate_A41,RM_carbonate_T6 ,hela,in_vitro,Crude,Individual,1,Hand
A15-T6 ,RM_carbonate_A15,RM_carbonate_T6 ,hela,in_vitro,Crude,Individual,1,Hand
A17-T8 ,RM_carbonate_A17,RM_carbonate_T8 ,hela,in_vitro,Crude,Individual,1,Hand
A10-T9 ,RM_carbonate_A10,RM_carbonate_T9 ,hela,in_vitro,Crude,Individual,1,Hand
A19-T5 ,RM_carbonate_A19,RM_carbonate_T5 ,hela,in_vitro,Crude,Individual,1,Hand
A13-T1 ,RM_carbonate_A13,RM_carbonate_T1 ,hela,in_vitro,Crude,Individual,1,Hand
A29-T7 ,RM_carbonate_A29,RM_carbonate_T7 ,hela,in_vitro,Crude,Individual,1,Hand
A28-T3 ,RM_carbonate_A28,RM_carbonate_T3 ,hela,in_vitro,Crude,Individual,1,Hand
A24-T5 ,RM_carbonate_A24,RM_carbonate_T5 ,hela,in_vitro,Crude,Individual,1,Hand
A17-T3 ,RM_carbonate_A17,RM_carbonate_T3 ,hela,in_vitro,Crude,Individual,1,Hand
A22-T7 ,RM_carbonate_A22,RM_carbonate_T7 ,hela,in_vitro,Crude,Individual,1,Hand
A26-T5 ,RM_carbonate_A26,RM_carbonate_T5 ,hela,in_vitro,Crude,Individual,1,Hand
A41-T7 ,RM_carbonate_A41,RM_carbonate_T7 ,hela,in_vitro,Crude,Individual,1,Hand
A21-T5 ,RM_carbonate_A21,RM_carbonate_T5 ,hela,in_vitro,Crude,Individual,1,Hand
A50-T10 ,RM_carbonate_A50,RM_carbonate_T10 ,hela,in_vitro,Crude,Individual,1,Hand
A29-T1 ,RM_carbonate_A29,RM_carbonate_T1 ,hela,in_vitro,Crude,Individual,1,Hand
A48-T5 ,RM_carbonate_A48,RM_carbonate_T5 ,hela,in_vitro,Crude,Individual,1,Hand
A26-T2 ,RM_carbonate_A26,RM_carbonate_T2 ,hela,in_vitro,Crude,Individual,1,Hand
A42-T7 ,RM_carbonate_A42,RM_carbonate_T7 ,hela,in_vitro,Crude,Individual,1,Hand
A53-T9 ,RM_carbonate_A53,RM_carbonate_T9 ,hela,in_vitro,Crude,Individual,1,Hand
A8-T7 ,RM_carbonate_A8,RM_carbonate_T7 ,hela,in_vitro,Crude,Individual,1,Hand
A26-T10 ,RM_carbonate_A26,RM_carbonate_T10 ,hela,in_vitro,Crude,Individual,1,Hand
A25-T4 ,RM_carbonate_A25,RM_carbonate_T4 ,hela,in_vitro,Crude,Individual,1,Hand
A69-T10 ,RM_carbonate_A69,RM_carbonate_T10 ,hela,in_vitro,Crude,Individual,1,Hand
A64-T4 ,RM_carbonate_A64,RM_carbonate_T4 ,hela,in_vitro,Crude,Individual,1,Hand
A13-T10 ,RM_carbonate_A13,RM_carbonate_T10 ,hela,in_vitro,Crude,Individual,1,Hand
A6-T5 ,RM_carbonate_A6,RM_carbonate_T5 ,hela,in_vitro,Crude,Individual,1,Hand
A62-T4 ,RM_carbonate_A62,RM_carbonate_T4 ,hela,in_vitro,Crude,Individual,1,Hand
A42-T6 ,RM_carbonate_A42,RM_carbonate_T6 ,hela,in_vitro,Crude,Individual,1,Hand
A24-T3 ,RM_carbonate_A24,RM_carbonate_T3 ,hela,in_vitro,Crude,Individual,1,Hand
A17-T6 ,RM_carbonate_A17,RM_carbonate_T6 ,hela,in_vitro,Crude,Individual,1,Hand
A53-T10 ,RM_carbonate_A53,RM_carbonate_T10 ,hela,in_vitro,Crude,Individual,1,Hand
A6-T9 ,RM_carbonate_A6,RM_carbonate_T9 ,hela,in_vitro,Crude,Individual,1,Hand
A41-T1 ,RM_carbonate_A41,RM_carbonate_T1 ,hela,in_vitro,Crude,Individual,1,Hand
A47-T3 ,RM_carbonate_A47,RM_carbonate_T3 ,hela,in_vitro,Crude,Individual,1,Hand
A8-T8 ,RM_carbonate_A8,RM_carbonate_T8 ,hela,in_vitro,Crude,Individual,1,Hand
A51-T6 ,RM_carbonate_A51,RM_carbonate_T6 ,hela,in_vitro,Crude,Individual,1,Hand
A69-T4 ,RM_carbonate_A69,RM_carbonate_T4 ,hela,in_vitro,Crude,Individual,1,Hand
A5-T8 ,RM_carbonate_A5,RM_carbonate_T8 ,hela,in_vitro,Crude,Individual,1,Hand
A3-T8 ,RM_carbonate_A3,RM_carbonate_T8 ,hela,in_vitro,Crude,Individual,1,Hand
A16-T4 ,RM_carbonate_A16,RM_carbonate_T4 ,hela,in_vitro,Crude,Individual,1,Hand
A31-T4 ,RM_carbonate_A31,RM_carbonate_T4 ,hela,in_vitro,Crude,Individual,1,Hand
A44-T5 ,RM_carbonate_A44,RM_carbonate_T5 ,hela,in_vitro,Crude,Individual,1,Hand
A9-T10 ,RM_carbonate_A9,RM_carbonate_T10 ,hela,in_vitro,Crude,Individual,1,Hand
A42-T10 ,RM_carbonate_A42,RM_carbonate_T10 ,hela,in_vitro,Crude,Individual,1,Hand
A33-T3 ,RM_carbonate_A33,RM_carbonate_T3 ,hela,in_vitro,Crude,Individual,1,Hand
A30-T10 ,RM_carbonate_A30,RM_carbonate_T10 ,hela,in_vitro,Crude,Individual,1,Hand
A53-T4 ,RM_carbonate_A53,RM_carbonate_T4 ,hela,in_vitro,Crude,Individual,1,Hand
A24-T6 ,RM_carbonate_A24,RM_carbonate_T6 ,hela,in_vitro,Crude,Individual,1,Hand
A50-T9 ,RM_carbonate_A50,RM_carbonate_T9 ,hela,in_vitro,Crude,Individual,1,Hand
A39-T7 ,RM_carbonate_A39,RM_carbonate_T7 ,hela,in_vitro,Crude,Individual,1,Hand
A34-T9 ,RM_carbonate_A34,RM_carbonate_T9 ,hela,in_vitro,Crude,Individual,1,Hand
A24-T1 ,RM_carbonate_A24,RM_carbonate_T1 ,hela,in_vitro,Crude,Individual,1,Hand
A18-T10 ,RM_carbonate_A18,RM_carbonate_T10 ,hela,in_vitro,Crude,Individual,1,Hand
A3-T6 ,RM_carbonate_A3,RM_carbonate_T6 ,hela,in_vitro,Crude,Individual,1,Hand
A39-T5 ,RM_carbonate_A39,RM_carbonate_T5 ,hela,in_vitro,Crude,Individual,1,Hand
A52-T10 ,RM_carbonate_A52,RM_carbonate_T10 ,hela,in_vitro,Crude,Individual,1,Hand
A26-T4 ,RM_carbonate_A26,RM_carbonate_T4 ,hela,in_vitro,Crude,Individual,1,Hand
A44-T7 ,RM_carbonate_A44,RM_carbonate_T7 ,hela,in_vitro,Crude,Individual,1,Hand
A54-T7 ,RM_carbonate_A54,RM_carbonate_T7 ,hela,in_vitro,Crude,Individual,1,Hand
A44-T2 ,RM_carbonate_A44,RM_carbonate_T2 ,hela,in_vitro,Crude,Individual,1,Hand
A52-T8 ,RM_carbonate_A52,RM_carbonate_T8 ,hela,in_vitro,Crude,Individual,1,Hand
A52-T1 ,RM_carbonate_A52,RM_carbonate_T1 ,hela,in_vitro,Crude,Individual,1,Hand
A54-T10 ,RM_carbonate_A54,RM_carbonate_T10 ,hela,in_vitro,Crude,Individual,1,Hand
A29-T2 ,RM_carbonate_A29,RM_carbonate_T2 ,hela,in_vitro,Crude,Individual,1,Hand
A8-T6 ,RM_carbonate_A8,RM_carbonate_T6 ,hela,in_vitro,Crude,Individual,1,Hand
A70-T8 ,RM_carbonate_A70,RM_carbonate_T8 ,hela,in_vitro,Crude,Individual,1,Hand
A15-T8 ,RM_carbonate_A15,RM_carbonate_T8 ,hela,in_vitro,Crude,Individual,1,Hand
A32-T3 ,RM_carbonate_A32,RM_carbonate_T3 ,hela,in_vitro,Crude,Individual,1,Hand
A36-T10 ,RM_carbonate_A36,RM_carbonate_T10 ,hela,in_vitro,Crude,Individual,1,Hand
A24-T4 ,RM_carbonate_A24,RM_carbonate_T4 ,hela,in_vitro,Crude,Individual,1,Hand
A45-T10 ,RM_carbonate_A45,RM_carbonate_T10 ,hela,in_vitro,Crude,Individual,1,Hand
A13-T8 ,RM_carbonate_A13,RM_carbonate_T8 ,hela,in_vitro,Crude,Individual,1,Hand
A52-T7 ,RM_carbonate_A52,RM_carbonate_T7 ,hela,in_vitro,Crude,Individual,1,Hand
A41-T2 ,RM_carbonate_A41,RM_carbonate_T2 ,hela,in_vitro,Crude,Individual,1,Hand
A38-T7 ,RM_carbonate_A38,RM_carbonate_T7 ,hela,in_vitro,Crude,Individual,1,Hand
A32-T6 ,RM_carbonate_A32,RM_carbonate_T6 ,hela,in_vitro,Crude,Individual,1,Hand
A27-T9 ,RM_carbonate_A27,RM_carbonate_T9 ,hela,in_vitro,Crude,Individual,1,Hand
A3-T4 ,RM_carbonate_A3,RM_carbonate_T4 ,hela,in_vitro,Crude,Individual,1,Hand
A45-T1 ,RM_carbonate_A45,RM_carbonate_T1 ,hela,in_vitro,Crude,Individual,1,Hand
A23-T8 ,RM_carbonate_A23,RM_carbonate_T8 ,hela,in_vitro,Crude,Individual,1,Hand
A10-T3 ,RM_carbonate_A10,RM_carbonate_T3 ,hela,in_vitro,Crude,Individual,1,Hand
A30-T9 ,RM_carbonate_A30,RM_carbonate_T9 ,hela,in_vitro,Crude,Individual,1,Hand
A41-T9 ,RM_carbonate_A41,RM_carbonate_T9 ,hela,in_vitro,Crude,Individual,1,Hand
A17-T10 ,RM_carbonate_A17,RM_carbonate_T10 ,hela,in_vitro,Crude,Individual,1,Hand
A26-T9 ,RM_carbonate_A26,RM_carbonate_T9 ,hela,in_vitro,Crude,Individual,1,Hand
A21-T4 ,RM_carbonate_A21,RM_carbonate_T4 ,hela,in_vitro,Crude,Individual,1,Hand
A54-T2 ,RM_carbonate_A54,RM_carbonate_T2 ,hela,in_vitro,Crude,Individual,1,Hand
A39-T6 ,RM_carbonate_A39,RM_carbonate_T6 ,hela,in_vitro,Crude,Individual,1,Hand
A12-T8 ,RM_carbonate_A12,RM_carbonate_T8 ,hela,in_vitro,Crude,Individual,1,Hand
A45-T9 ,RM_carbonate_A45,RM_carbonate_T9 ,hela,in_vitro,Crude,Individual,1,Hand
A15-T5 ,RM_carbonate_A15,RM_carbonate_T5 ,hela,in_vitro,Crude,Individual,1,Hand
A37-T7 ,RM_carbonate_A37,RM_carbonate_T7 ,hela,in_vitro,Crude,Individual,1,Hand
A1-T6 ,RM_carbonate_A1,RM_carbonate_T6 ,hela,in_vitro,Crude,Individual,1,Hand
A6-T7 ,RM_carbonate_A6,RM_carbonate_T7 ,hela,in_vitro,Crude,Individual,1,Hand
A44-T9 ,RM_carbonate_A44,RM_carbonate_T9 ,hela,in_vitro,Crude,Individual,1,Hand
A41-T3 ,RM_carbonate_A41,RM_carbonate_T3 ,hela,in_vitro,Crude,Individual,1,Hand
A55-T10 ,RM_carbonate_A55,RM_carbonate_T10 ,hela,in_vitro,Crude,Individual,1,Hand
A24-T2 ,RM_carbonate_A24,RM_carbonate_T2 ,hela,in_vitro,Crude,Individual,1,Hand
A3-T5 ,RM_carbonate_A3,RM_carbonate_T5 ,hela,in_vitro,Crude,Individual,1,Hand
A45-T2 ,RM_carbonate_A45,RM_carbonate_T2 ,hela,in_vitro,Crude,Individual,1,Hand
A32-T1 ,RM_carbonate_A32,RM_carbonate_T1 ,hela,in_vitro,Crude,Individual,1,Hand
A47-T1 ,RM_carbonate_A47,RM_carbonate_T1 ,hela,in_vitro,Crude,Individual,1,Hand
A6-T4 ,RM_carbonate_A6,RM_carbonate_T4 ,hela,in_vitro,Crude,Individual,1,Hand
A32-T5 ,RM_carbonate_A32,RM_carbonate_T5 ,hela,in_vitro,Crude,Individual,1,Hand
A8-T5 ,RM_carbonate_A8,RM_carbonate_T5 ,hela,in_vitro,Crude,Individual,1,Hand
A18-T9 ,RM_carbonate_A18,RM_carbonate_T9 ,hela,in_vitro,Crude,Individual,1,Hand
A53-T8 ,RM_carbonate_A53,RM_carbonate_T8 ,hela,in_vitro,Crude,Individual,1,Hand
A32-T4 ,RM_carbonate_A32,RM_carbonate_T4 ,hela,in_vitro,Crude,Individual,1,Hand
A26-T1 ,RM_carbonate_A26,RM_carbonate_T1 ,hela,in_vitro,Crude,Individual,1,Hand
A1-T5 ,RM_carbonate_A1,RM_carbonate_T5 ,hela,in_vitro,Crude,Individual,1,Hand
A58-T3 ,RM_carbonate_A58,RM_carbonate_T3 ,hela,in_vitro,Crude,Individual,1,Hand
A1-T4 ,RM_carbonate_A1,RM_carbonate_T4 ,hela,in_vitro,Crude,Individual,1,Hand
A64-T8 ,RM_carbonate_A64,RM_carbonate_T8 ,hela,in_vitro,Crude,Individual,1,Hand
A22-T6 ,RM_carbonate_A22,RM_carbonate_T6 ,hela,in_vitro,Crude,Individual,1,Hand
A3-T7 ,RM_carbonate_A3,RM_carbonate_T7 ,hela,in_vitro,Crude,Individual,1,Hand
A27-T3 ,RM_carbonate_A27,RM_carbonate_T3 ,hela,in_vitro,Crude,Individual,1,Hand
A37-T10 ,RM_carbonate_A37,RM_carbonate_T10 ,hela,in_vitro,Crude,Individual,1,Hand
A37-T9 ,RM_carbonate_A37,RM_carbonate_T9 ,hela,in_vitro,Crude,Individual,1,Hand
A38-T10 ,RM_carbonate_A38,RM_carbonate_T10 ,hela,in_vitro,Crude,Individual,1,Hand
A22-T9 ,RM_carbonate_A22,RM_carbonate_T9 ,hela,in_vitro,Crude,Individual,1,Hand
A13-T6 ,RM_carbonate_A13,RM_carbonate_T6 ,hela,in_vitro,Crude,Individual,1,Hand
A8-T4 ,RM_carbonate_A8,RM_carbonate_T4 ,hela,in_vitro,Crude,Individual,1,Hand
A17-T4 ,RM_carbonate_A17,RM_carbonate_T4 ,hela,in_vitro,Crude,Individual,1,Hand
A52-T6 ,RM_carbonate_A52,RM_carbonate_T6 ,hela,in_vitro,Crude,Individual,1,Hand
A10-T6 ,RM_carbonate_A10,RM_carbonate_T6 ,hela,in_vitro,Crude,Individual,1,Hand
A38-T5 ,RM_carbonate_A38,RM_carbonate_T5 ,hela,in_vitro,Crude,Individual,1,Hand
A16-T8 ,RM_carbonate_A16,RM_carbonate_T8 ,hela,in_vitro,Crude,Individual,1,Hand
A51-T7 ,RM_carbonate_A51,RM_carbonate_T7 ,hela,in_vitro,Crude,Individual,1,Hand
A32-T2 ,RM_carbonate_A32,RM_carbonate_T2 ,hela,in_vitro,Crude,Individual,1,Hand
A72-T9 ,RM_carbonate_A72,RM_carbonate_T9 ,hela,in_vitro,Crude,Individual,1,Hand
A20-T10 ,RM_carbonate_A20,RM_carbonate_T10 ,hela,in_vitro,Crude,Individual,1,Hand
A53-T7 ,RM_carbonate_A53,RM_carbonate_T7 ,hela,in_vitro,Crude,Individual,1,Hand
A60-T2 ,RM_carbonate_A60,RM_carbonate_T2 ,hela,in_vitro,Crude,Individual,1,Hand
A51-T10 ,RM_carbonate_A51,RM_carbonate_T10 ,hela,in_vitro,Crude,Individual,1,Hand
A54-T5 ,RM_carbonate_A54,RM_carbonate_T5 ,hela,in_vitro,Crude,Individual,1,Hand
A46-T10 ,RM_carbonate_A46,RM_carbonate_T10 ,hela,in_vitro,Crude,Individual,1,Hand
A60-T9 ,RM_carbonate_A60,RM_carbonate_T9 ,hela,in_vitro,Crude,Individual,1,Hand
A40-T9 ,RM_carbonate_A40,RM_carbonate_T9 ,hela,in_vitro,Crude,Individual,1,Hand
A6-T8 ,RM_carbonate_A6,RM_carbonate_T8 ,hela,in_vitro,Crude,Individual,1,Hand
A49-T8 ,RM_carbonate_A49,RM_carbonate_T8 ,hela,in_vitro,Crude,Individual,1,Hand
A36-T8 ,RM_carbonate_A36,RM_carbonate_T8 ,hela,in_vitro,Crude,Individual,1,Hand
A26-T3 ,RM_carbonate_A26,RM_carbonate_T3 ,hela,in_vitro,Crude,Individual,1,Hand
A71-T10 ,RM_carbonate_A71,RM_carbonate_T10 ,hela,in_vitro,Crude,Individual,1,Hand
A28-T8 ,RM_carbonate_A28,RM_carbonate_T8 ,hela,in_vitro,Crude,Individual,1,Hand
A53-T6 ,RM_carbonate_A53,RM_carbonate_T6 ,hela,in_vitro,Crude,Individual,1,Hand
A37-T2 ,RM_carbonate_A37,RM_carbonate_T2 ,hela,in_vitro,Crude,Individual,1,Hand
A16-T5 ,RM_carbonate_A16,RM_carbonate_T5 ,hela,in_vitro,Crude,Individual,1,Hand
A29-T5 ,RM_carbonate_A29,RM_carbonate_T5 ,hela,in_vitro,Crude,Individual,1,Hand
A41-T4 ,RM_carbonate_A41,RM_carbonate_T4 ,hela,in_vitro,Crude,Individual,1,Hand
A10-T4 ,RM_carbonate_A10,RM_carbonate_T4 ,hela,in_vitro,Crude,Individual,1,Hand
A30-T4 ,RM_carbonate_A30,RM_carbonate_T4 ,hela,in_vitro,Crude,Individual,1,Hand
A68-T9 ,RM_carbonate_A68,RM_carbonate_T9 ,hela,in_vitro,Crude,Individual,1,Hand
A52-T3 ,RM_carbonate_A52,RM_carbonate_T3 ,hela,in_vitro,Crude,Individual,1,Hand
A20-T2 ,RM_carbonate_A20,RM_carbonate_T2 ,hela,in_vitro,Crude,Individual,1,Hand
A46-T9 ,RM_carbonate_A46,RM_carbonate_T9 ,hela,in_vitro,Crude,Individual,1,Hand
A35-T7 ,RM_carbonate_A35,RM_carbonate_T7 ,hela,in_vitro,Crude,Individual,1,Hand
A28-T6 ,RM_carbonate_A28,RM_carbonate_T6 ,hela,in_vitro,Crude,Individual,1,Hand
A69-T9 ,RM_carbonate_A69,RM_carbonate_T9 ,hela,in_vitro,Crude,Individual,1,Hand
A35-T8 ,RM_carbonate_A35,RM_carbonate_T8 ,hela,in_vitro,Crude,Individual,1,Hand
A63-T1 ,RM_carbonate_A63,RM_carbonate_T1 ,hela,in_vitro,Crude,Individual,1,Hand
A51-T8 ,RM_carbonate_A51,RM_carbonate_T8 ,hela,in_vitro,Crude,Individual,1,Hand
A50-T7 ,RM_carbonate_A50,RM_carbonate_T7 ,hela,in_vitro,Crude,Individual,1,Hand
A23-T9 ,RM_carbonate_A23,RM_carbonate_T9 ,hela,in_vitro,Crude,Individual,1,Hand
A64-T10 ,RM_carbonate_A64,RM_carbonate_T10 ,hela,in_vitro,Crude,Individual,1,Hand
A30-T5 ,RM_carbonate_A30,RM_carbonate_T5 ,hela,in_vitro,Crude,Individual,1,Hand
A54-T1 ,RM_carbonate_A54,RM_carbonate_T1 ,hela,in_vitro,Crude,Individual,1,Hand
A53-T5 ,RM_carbonate_A53,RM_carbonate_T5 ,hela,in_vitro,Crude,Individual,1,Hand
A42-T5 ,RM_carbonate_A42,RM_carbonate_T5 ,hela,in_vitro,Crude,Individual,1,Hand
A32-T9 ,RM_carbonate_A32,RM_carbonate_T9 ,hela,in_vitro,Crude,Individual,1,Hand
A6-T10 ,RM_carbonate_A6,RM_carbonate_T10 ,hela,in_vitro,Crude,Individual,1,Hand
A32-T10 ,RM_carbonate_A32,RM_carbonate_T10 ,hela,in_vitro,Crude,Individual,1,Hand
A62-T6 ,RM_carbonate_A62,RM_carbonate_T6 ,hela,in_vitro,Crude,Individual,1,Hand
A20-T1 ,RM_carbonate_A20,RM_carbonate_T1 ,hela,in_vitro,Crude,Individual,1,Hand
A43-T10 ,RM_carbonate_A43,RM_carbonate_T10 ,hela,in_vitro,Crude,Individual,1,Hand
A22-T10 ,RM_carbonate_A22,RM_carbonate_T10 ,hela,in_vitro,Crude,Individual,1,Hand
A30-T7 ,RM_carbonate_A30,RM_carbonate_T7 ,hela,in_vitro,Crude,Individual,1,Hand
A62-T10 ,RM_carbonate_A62,RM_carbonate_T10 ,hela,in_vitro,Crude,Individual,1,Hand
A10-T10 ,RM_carbonate_A10,RM_carbonate_T10 ,hela,in_vitro,Crude,Individual,1,Hand
A37-T3 ,RM_carbonate_A37,RM_carbonate_T3 ,hela,in_vitro,Crude,Individual,1,Hand
A28-T5 ,RM_carbonate_A28,RM_carbonate_T5 ,hela,in_vitro,Crude,Individual,1,Hand
A28-T7 ,RM_carbonate_A28,RM_carbonate_T7 ,hela,in_vitro,Crude,Individual,1,Hand
A58-T4 ,RM_carbonate_A58,RM_carbonate_T4 ,hela,in_vitro,Crude,Individual,1,Hand
A66-T10 ,RM_carbonate_A66,RM_carbonate_T10 ,hela,in_vitro,Crude,Individual,1,Hand
A60-T5 ,RM_carbonate_A60,RM_carbonate_T5 ,hela,in_vitro,Crude,Individual,1,Hand
A41-T8 ,RM_carbonate_A41,RM_carbonate_T8 ,hela,in_vitro,Crude,Individual,1,Hand
A31-T9 ,RM_carbonate_A31,RM_carbonate_T9 ,hela,in_vitro,Crude,Individual,1,Hand
A59-T3 ,RM_carbonate_A59,RM_carbonate_T3 ,hela,in_vitro,Crude,Individual,1,Hand
A42-T4 ,RM_carbonate_A42,RM_carbonate_T4 ,hela,in_vitro,Crude,Individual,1,Hand
A23-T1 ,RM_carbonate_A23,RM_carbonate_T1 ,hela,in_vitro,Crude,Individual,1,Hand
A58-T5 ,RM_carbonate_A58,RM_carbonate_T5 ,hela,in_vitro,Crude,Individual,1,Hand
A51-T5 ,RM_carbonate_A51,RM_carbonate_T5 ,hela,in_vitro,Crude,Individual,1,Hand
A13-T9 ,RM_carbonate_A13,RM_carbonate_T9 ,hela,in_vitro,Crude,Individual,1,Hand
A60-T1 ,RM_carbonate_A60,RM_carbonate_T1 ,hela,in_vitro,Crude,Individual,1,Hand
A48-T10 ,RM_carbonate_A48,RM_carbonate_T10 ,hela,in_vitro,Crude,Individual,1,Hand
A9-T4 ,RM_carbonate_A9,RM_carbonate_T4 ,hela,in_vitro,Crude,Individual,1,Hand
A43-T9 ,RM_carbonate_A43,RM_carbonate_T9 ,hela,in_vitro,Crude,Individual,1,Hand
A66-T8 ,RM_carbonate_A66,RM_carbonate_T8 ,hela,in_vitro,Crude,Individual,1,Hand
A29-T4 ,RM_carbonate_A29,RM_carbonate_T4 ,hela,in_vitro,Crude,Individual,1,Hand
A45-T3 ,RM_carbonate_A45,RM_carbonate_T3 ,hela,in_vitro,Crude,Individual,1,Hand
A11-T4 ,RM_carbonate_A11,RM_carbonate_T4 ,hela,in_vitro,Crude,Individual,1,Hand
A31-T10 ,RM_carbonate_A31,RM_carbonate_T10 ,hela,in_vitro,Crude,Individual,1,Hand
A36-T6 ,RM_carbonate_A36,RM_carbonate_T6 ,hela,in_vitro,Crude,Individual,1,Hand
A59-T5 ,RM_carbonate_A59,RM_carbonate_T5 ,hela,in_vitro,Crude,Individual,1,Hand
A50-T6 ,RM_carbonate_A50,RM_carbonate_T6 ,hela,in_vitro,Crude,Individual,1,Hand
A37-T1 ,RM_carbonate_A37,RM_carbonate_T1 ,hela,in_vitro,Crude,Individual,1,Hand
A23-T3 ,RM_carbonate_A23,RM_carbonate_T3 ,hela,in_vitro,Crude,Individual,1,Hand
A60-T7 ,RM_carbonate_A60,RM_carbonate_T7 ,hela,in_vitro,Crude,Individual,1,Hand
A59-T9 ,RM_carbonate_A59,RM_carbonate_T9 ,hela,in_vitro,Crude,Individual,1,Hand
A49-T5 ,RM_carbonate_A49,RM_carbonate_T5 ,hela,in_vitro,Crude,Individual,1,Hand
A60-T10 ,RM_carbonate_A60,RM_carbonate_T10 ,hela,in_vitro,Crude,Individual,1,Hand
A71-T9 ,RM_carbonate_A71,RM_carbonate_T9 ,hela,in_vitro,Crude,Individual,1,Hand
A62-T9 ,RM_carbonate_A62,RM_carbonate_T9 ,hela,in_vitro,Crude,Individual,1,Hand
A20-T3 ,RM_carbonate_A20,RM_carbonate_T3 ,hela,in_vitro,Crude,Individual,1,Hand
A61-T9 ,RM_carbonate_A61,RM_carbonate_T9 ,hela,in_vitro,Crude,Individual,1,Hand
A52-T4 ,RM_carbonate_A52,RM_carbonate_T4 ,hela,in_vitro,Crude,Individual,1,Hand
A35-T6 ,RM_carbonate_A35,RM_carbonate_T6 ,hela,in_vitro,Crude,Individual,1,Hand
A68-T10 ,RM_carbonate_A68,RM_carbonate_T10 ,hela,in_vitro,Crude,Individual,1,Hand
A1-T10 ,RM_carbonate_A1,RM_carbonate_T10 ,hela,in_vitro,Crude,Individual,1,Hand
A62-T8 ,RM_carbonate_A62,RM_carbonate_T8 ,hela,in_vitro,Crude,Individual,1,Hand
A19-T10 ,RM_carbonate_A19,RM_carbonate_T10 ,hela,in_vitro,Crude,Individual,1,Hand
A12-T4 ,RM_carbonate_A12,RM_carbonate_T4 ,hela,in_vitro,Crude,Individual,1,Hand
A64-T5 ,RM_carbonate_A64,RM_carbonate_T5 ,hela,in_vitro,Crude,Individual,1,Hand
A54-T3 ,RM_carbonate_A54,RM_carbonate_T3 ,hela,in_vitro,Crude,Individual,1,Hand
A36-T7 ,RM_carbonate_A36,RM_carbonate_T7 ,hela,in_vitro,Crude,Individual,1,Hand
A19-T9 ,RM_carbonate_A19,RM_carbonate_T9 ,hela,in_vitro,Crude,Individual,1,Hand
A42-T3 ,RM_carbonate_A42,RM_carbonate_T3 ,hela,in_vitro,Crude,Individual,1,Hand
A5-T9 ,RM_carbonate_A5,RM_carbonate_T9 ,hela,in_vitro,Crude,Individual,1,Hand
A23-T2 ,RM_carbonate_A23,RM_carbonate_T2 ,hela,in_vitro,Crude,Individual,1,Hand
A28-T4 ,RM_carbonate_A28,RM_carbonate_T4 ,hela,in_vitro,Crude,Individual,1,Hand
A30-T8 ,RM_carbonate_A30,RM_carbonate_T8 ,hela,in_vitro,Crude,Individual,1,Hand
A13-T7 ,RM_carbonate_A13,RM_carbonate_T7 ,hela,in_vitro,Crude,Individual,1,Hand
A61-T10 ,RM_carbonate_A61,RM_carbonate_T10 ,hela,in_vitro,Crude,Individual,1,Hand
A3-T10 ,RM_carbonate_A3,RM_carbonate_T10 ,hela,in_vitro,Crude,Individual,1,Hand
A67-T8 ,RM_carbonate_A67,RM_carbonate_T8 ,hela,in_vitro,Crude,Individual,1,Hand
A47-T9 ,RM_carbonate_A47,RM_carbonate_T9 ,hela,in_vitro,Crude,Individual,1,Hand
A42-T2 ,RM_carbonate_A42,RM_carbonate_T2 ,hela,in_vitro,Crude,Individual,1,Hand
A22-T5 ,RM_carbonate_A22,RM_carbonate_T5 ,hela,in_vitro,Crude,Individual,1,Hand
A2-T9 ,RM_carbonate_A2,RM_carbonate_T9 ,hela,in_vitro,Crude,Individual,1,Hand
A39-T8 ,RM_carbonate_A39,RM_carbonate_T8 ,hela,in_vitro,Crude,Individual,1,Hand
A62-T1 ,RM_carbonate_A62,RM_carbonate_T1 ,hela,in_vitro,Crude,Individual,1,Hand
A55-T9 ,RM_carbonate_A55,RM_carbonate_T9 ,hela,in_vitro,Crude,Individual,1,Hand
A39-T9 ,RM_carbonate_A39,RM_carbonate_T9 ,hela,in_vitro,Crude,Individual,1,Hand
A50-T5 ,RM_carbonate_A50,RM_carbonate_T5 ,hela,in_vitro,Crude,Individual,1,Hand
A42-T1 ,RM_carbonate_A42,RM_carbonate_T1 ,hela,in_vitro,Crude,Individual,1,Hand
A58-T9 ,RM_carbonate_A58,RM_carbonate_T9 ,hela,in_vitro,Crude,Individual,1,Hand
A40-T4 ,RM_carbonate_A40,RM_carbonate_T4 ,hela,in_vitro,Crude,Individual,1,Hand
A44-T3 ,RM_carbonate_A44,RM_carbonate_T3 ,hela,in_vitro,Crude,Individual,1,Hand
A62-T7 ,RM_carbonate_A62,RM_carbonate_T7 ,hela,in_vitro,Crude,Individual,1,Hand
A49-T6 ,RM_carbonate_A49,RM_carbonate_T6 ,hela,in_vitro,Crude,Individual,1,Hand
A40-T6 ,RM_carbonate_A40,RM_carbonate_T6 ,hela,in_vitro,Crude,Individual,1,Hand
A65-T10 ,RM_carbonate_A65,RM_carbonate_T10 ,hela,in_vitro,Crude,Individual,1,Hand
A56-T4 ,RM_carbonate_A56,RM_carbonate_T4 ,hela,in_vitro,Crude,Individual,1,Hand
A51-T4 ,RM_carbonate_A51,RM_carbonate_T4 ,hela,in_vitro,Crude,Individual,1,Hand
A40-T7 ,RM_carbonate_A40,RM_carbonate_T7 ,hela,in_vitro,Crude,Individual,1,Hand
A10-T5 ,RM_carbonate_A10,RM_carbonate_T5 ,hela,in_vitro,Crude,Individual,1,Hand
A2-T10 ,RM_carbonate_A2,RM_carbonate_T10 ,hela,in_vitro,Crude,Individual,1,Hand
A66-T9 ,RM_carbonate_A66,RM_carbonate_T9 ,hela,in_vitro,Crude,Individual,1,Hand
A43-T5 ,RM_carbonate_A43,RM_carbonate_T5 ,hela,in_vitro,Crude,Individual,1,Hand
A56-T2 ,RM_carbonate_A56,RM_carbonate_T2 ,hela,in_vitro,Crude,Individual,1,Hand
A70-T9 ,RM_carbonate_A70,RM_carbonate_T9 ,hela,in_vitro,Crude,Individual,1,Hand
A27-T5 ,RM_carbonate_A27,RM_carbonate_T5 ,hela,in_vitro,Crude,Individual,1,Hand
A56-T10 ,RM_carbonate_A56,RM_carbonate_T10 ,hela,in_vitro,Crude,Individual,1,Hand
A55-T4 ,RM_carbonate_A55,RM_carbonate_T4 ,hela,in_vitro,Crude,Individual,1,Hand
A50-T4 ,RM_carbonate_A50,RM_carbonate_T4 ,hela,in_vitro,Crude,Individual,1,Hand
A22-T4 ,RM_carbonate_A22,RM_carbonate_T4 ,hela,in_vitro,Crude,Individual,1,Hand
A72-T10 ,RM_carbonate_A72,RM_carbonate_T10 ,hela,in_vitro,Crude,Individual,1,Hand
A65-T8 ,RM_carbonate_A65,RM_carbonate_T8 ,hela,in_vitro,Crude,Individual,1,Hand
A55-T2 ,RM_carbonate_A55,RM_carbonate_T2 ,hela,in_vitro,Crude,Individual,1,Hand
A54-T4 ,RM_carbonate_A54,RM_carbonate_T4 ,hela,in_vitro,Crude,Individual,1,Hand
A17-T9 ,RM_carbonate_A17,RM_carbonate_T9 ,hela,in_vitro,Crude,Individual,1,Hand
A43-T8 ,RM_carbonate_A43,RM_carbonate_T8 ,hela,in_vitro,Crude,Individual,1,Hand
A60-T3 ,RM_carbonate_A60,RM_carbonate_T3 ,hela,in_vitro,Crude,Individual,1,Hand
A58-T10 ,RM_carbonate_A58,RM_carbonate_T10 ,hela,in_vitro,Crude,Individual,1,Hand
A4-T9 ,RM_carbonate_A4,RM_carbonate_T9 ,hela,in_vitro,Crude,Individual,1,Hand
A42-T9 ,RM_carbonate_A42,RM_carbonate_T9 ,hela,in_vitro,Crude,Individual,1,Hand
A46-T5 ,RM_carbonate_A46,RM_carbonate_T5 ,hela,in_vitro,Crude,Individual,1,Hand
A60-T6 ,RM_carbonate_A60,RM_carbonate_T6 ,hela,in_vitro,Crude,Individual,1,Hand
A59-T10 ,RM_carbonate_A59,RM_carbonate_T10 ,hela,in_vitro,Crude,Individual,1,Hand
A65-T4 ,RM_carbonate_A65,RM_carbonate_T4 ,hela,in_vitro,Crude,Individual,1,Hand
A43-T4 ,RM_carbonate_A43,RM_carbonate_T4 ,hela,in_vitro,Crude,Individual,1,Hand
A35-T4 ,RM_carbonate_A35,RM_carbonate_T4 ,hela,in_vitro,Crude,Individual,1,Hand
A64-T6 ,RM_carbonate_A64,RM_carbonate_T6 ,hela,in_vitro,Crude,Individual,1,Hand
A50-T2 ,RM_carbonate_A50,RM_carbonate_T2 ,hela,in_vitro,Crude,Individual,1,Hand
A46-T6 ,RM_carbonate_A46,RM_carbonate_T6 ,hela,in_vitro,Crude,Individual,1,Hand
A57-T4 ,RM_carbonate_A57,RM_carbonate_T4 ,hela,in_vitro,Crude,Individual,1,Hand
A5-T10 ,RM_carbonate_A5,RM_carbonate_T10 ,hela,in_vitro,Crude,Individual,1,Hand
A72-T5 ,RM_carbonate_A72,RM_carbonate_T5 ,hela,in_vitro,Crude,Individual,1,Hand
A50-T3 ,RM_carbonate_A50,RM_carbonate_T3 ,hela,in_vitro,Crude,Individual,1,Hand
A40-T8 ,RM_carbonate_A40,RM_carbonate_T8 ,hela,in_vitro,Crude,Individual,1,Hand
A9-T5 ,RM_carbonate_A9,RM_carbonate_T5 ,hela,in_vitro,Crude,Individual,1,Hand
A72-T7 ,RM_carbonate_A72,RM_carbonate_T7 ,hela,in_vitro,Crude,Individual,1,Hand
A29-T10 ,RM_carbonate_A29,RM_carbonate_T10 ,hela,in_vitro,Crude,Individual,1,Hand
A60-T8 ,RM_carbonate_A60,RM_carbonate_T8 ,hela,in_vitro,Crude,Individual,1,Hand
A53-T2 ,RM_carbonate_A53,RM_carbonate_T2 ,hela,in_vitro,Crude,Individual,1,Hand
A23-T10 ,RM_carbonate_A23,RM_carbonate_T10 ,hela,in_vitro,Crude,Individual,1,Hand
A9-T6 ,RM_carbonate_A9,RM_carbonate_T6 ,hela,in_vitro,Crude,Individual,1,Hand
A20-T9 ,RM_carbonate_A20,RM_carbonate_T9 ,hela,in_vitro,Crude,Individual,1,Hand
A29-T9 ,RM_carbonate_A29,RM_carbonate_T9 ,hela,in_vitro,Crude,Individual,1,Hand
A13-T5 ,RM_carbonate_A13,RM_carbonate_T5 ,hela,in_vitro,Crude,Individual,1,Hand
A60-T4 ,RM_carbonate_A60,RM_carbonate_T4 ,hela,in_vitro,Crude,Individual,1,Hand
A64-T3 ,RM_carbonate_A64,RM_carbonate_T3 ,hela,in_vitro,Crude,Individual,1,Hand
A58-T2 ,RM_carbonate_A58,RM_carbonate_T2 ,hela,in_vitro,Crude,Individual,1,Hand
A27-T8 ,RM_carbonate_A27,RM_carbonate_T8 ,hela,in_vitro,Crude,Individual,1,Hand
A67-T10 ,RM_carbonate_A67,RM_carbonate_T10 ,hela,in_vitro,Crude,Individual,1,Hand
A50-T1 ,RM_carbonate_A50,RM_carbonate_T1 ,hela,in_vitro,Crude,Individual,1,Hand
A57-T2 ,RM_carbonate_A57,RM_carbonate_T2 ,hela,in_vitro,Crude,Individual,1,Hand
A46-T4 ,RM_carbonate_A46,RM_carbonate_T4 ,hela,in_vitro,Crude,Individual,1,Hand
A27-T4 ,RM_carbonate_A27,RM_carbonate_T4 ,hela,in_vitro,Crude,Individual,1,Hand
A72-T8 ,RM_carbonate_A72,RM_carbonate_T8 ,hela,in_vitro,Crude,Individual,1,Hand
A1-T9 ,RM_carbonate_A1,RM_carbonate_T9 ,hela,in_vitro,Crude,Individual,1,Hand
A11-T5 ,RM_carbonate_A11,RM_carbonate_T5 ,hela,in_vitro,Crude,Individual,1,Hand
A36-T4 ,RM_carbonate_A36,RM_carbonate_T4 ,hela,in_vitro,Crude,Individual,1,Hand
A13-T4 ,RM_carbonate_A13,RM_carbonate_T4 ,hela,in_vitro,Crude,Individual,1,Hand
A53-T1 ,RM_carbonate_A53,RM_carbonate_T1 ,hela,in_vitro,Crude,Individual,1,Hand
A35-T5 ,RM_carbonate_A35,RM_carbonate_T5 ,hela,in_vitro,Crude,Individual,1,Hand
A38-T3 ,RM_carbonate_A38,RM_carbonate_T3 ,hela,in_vitro,Crude,Individual,1,Hand
A43-T6 ,RM_carbonate_A43,RM_carbonate_T6 ,hela,in_vitro,Crude,Individual,1,Hand
A4-T10 ,RM_carbonate_A4,RM_carbonate_T10 ,hela,in_vitro,Crude,Individual,1,Hand
A54-T9 ,RM_carbonate_A54,RM_carbonate_T9 ,hela,in_vitro,Crude,Individual,1,Hand
A40-T2 ,RM_carbonate_A40,RM_carbonate_T2 ,hela,in_vitro,Crude,Individual,1,Hand
A39-T10 ,RM_carbonate_A39,RM_carbonate_T10 ,hela,in_vitro,Crude,Individual,1,Hand
A12-T5 ,RM_carbonate_A12,RM_carbonate_T5 ,hela,in_vitro,Crude,Individual,1,Hand
A65-T9 ,RM_carbonate_A65,RM_carbonate_T9 ,hela,in_vitro,Crude,Individual,1,Hand
A46-T3 ,RM_carbonate_A46,RM_carbonate_T3 ,hela,in_vitro,Crude,Individual,1,Hand
A48-T3 ,RM_carbonate_A48,RM_carbonate_T3 ,hela,in_vitro,Crude,Individual,1,Hand
A43-T7 ,RM_carbonate_A43,RM_carbonate_T7 ,hela,in_vitro,Crude,Individual,1,Hand
A64-T7 ,RM_carbonate_A64,RM_carbonate_T7 ,hela,in_vitro,Crude,Individual,1,Hand
A27-T7 ,RM_carbonate_A27,RM_carbonate_T7 ,hela,in_vitro,Crude,Individual,1,Hand
A46-T7 ,RM_carbonate_A46,RM_carbonate_T7 ,hela,in_vitro,Crude,Individual,1,Hand
A58-T8 ,RM_carbonate_A58,RM_carbonate_T8 ,hela,in_vitro,Crude,Individual,1,Hand
A12-T6 ,RM_carbonate_A12,RM_carbonate_T6 ,hela,in_vitro,Crude,Individual,1,Hand
A66-T4 ,RM_carbonate_A66,RM_carbonate_T4 ,hela,in_vitro,Crude,Individual,1,Hand
A38-T2 ,RM_carbonate_A38,RM_carbonate_T2 ,hela,in_vitro,Crude,Individual,1,Hand
A65-T6 ,RM_carbonate_A65,RM_carbonate_T6 ,hela,in_vitro,Crude,Individual,1,Hand
A58-T1 ,RM_carbonate_A58,RM_carbonate_T1 ,hela,in_vitro,Crude,Individual,1,Hand
A35-T10 ,RM_carbonate_A35,RM_carbonate_T10 ,hela,in_vitro,Crude,Individual,1,Hand
A12-T7 ,RM_carbonate_A12,RM_carbonate_T7 ,hela,in_vitro,Crude,Individual,1,Hand
A59-T1 ,RM_carbonate_A59,RM_carbonate_T1 ,hela,in_vitro,Crude,Individual,1,Hand
A65-T7 ,RM_carbonate_A65,RM_carbonate_T7 ,hela,in_vitro,Crude,Individual,1,Hand
A62-T5 ,RM_carbonate_A62,RM_carbonate_T5 ,hela,in_vitro,Crude,Individual,1,Hand
A36-T5 ,RM_carbonate_A36,RM_carbonate_T5 ,hela,in_vitro,Crude,Individual,1,Hand
A27-T6 ,RM_carbonate_A27,RM_carbonate_T6 ,hela,in_vitro,Crude,Individual,1,Hand
A70-T1 ,RM_carbonate_A70,RM_carbonate_T1 ,hela,in_vitro,Crude,Individual,1,Hand
A64-T9 ,RM_carbonate_A64,RM_carbonate_T9 ,hela,in_vitro,Crude,Individual,1,Hand
A66-T6 ,RM_carbonate_A66,RM_carbonate_T6 ,hela,in_vitro,Crude,Individual,1,Hand
A3-T9 ,RM_carbonate_A3,RM_carbonate_T9 ,hela,in_vitro,Crude,Individual,1,Hand
A46-T8 ,RM_carbonate_A46,RM_carbonate_T8 ,hela,in_vitro,Crude,Individual,1,Hand
A55-T5 ,RM_carbonate_A55,RM_carbonate_T5 ,hela,in_vitro,Crude,Individual,1,Hand
A62-T3 ,RM_carbonate_A62,RM_carbonate_T3 ,hela,in_vitro,Crude,Individual,1,Hand
A72-T6 ,RM_carbonate_A72,RM_carbonate_T6 ,hela,in_vitro,Crude,Individual,1,Hand
A14-T4 ,RM_carbonate_A14,RM_carbonate_T4 ,hela,in_vitro,Crude,Individual,1,Hand
A49-T1 ,RM_carbonate_A49,RM_carbonate_T1 ,hela,in_vitro,Crude,Individual,1,Hand
A53-T3 ,RM_carbonate_A53,RM_carbonate_T3 ,hela,in_vitro,Crude,Individual,1,Hand
A48-T9 ,RM_carbonate_A48,RM_carbonate_T9 ,hela,in_vitro,Crude,Individual,1,Hand
A58-T6 ,RM_carbonate_A58,RM_carbonate_T6 ,hela,in_vitro,Crude,Individual,1,Hand
A11-T6 ,RM_carbonate_A11,RM_carbonate_T6 ,hela,in_vitro,Crude,Individual,1,Hand
A38-T1 ,RM_carbonate_A38,RM_carbonate_T1 ,hela,in_vitro,Crude,Individual,1,Hand
A35-T9 ,RM_carbonate_A35,RM_carbonate_T9 ,hela,in_vitro,Crude,Individual,1,Hand
A49-T2 ,RM_carbonate_A49,RM_carbonate_T2 ,hela,in_vitro,Crude,Individual,1,Hand
A40-T5 ,RM_carbonate_A40,RM_carbonate_T5 ,hela,in_vitro,Crude,Individual,1,Hand
A64-T2 ,RM_carbonate_A64,RM_carbonate_T2 ,hela,in_vitro,Crude,Individual,1,Hand
A56-T1 ,RM_carbonate_A56,RM_carbonate_T1 ,hela,in_vitro,Crude,Individual,1,Hand
A72-T4 ,RM_carbonate_A72,RM_carbonate_T4 ,hela,in_vitro,Crude,Individual,1,Hand
A43-T1 ,RM_carbonate_A43,RM_carbonate_T1 ,hela,in_vitro,Crude,Individual,1,Hand
A57-T1 ,RM_carbonate_A57,RM_carbonate_T1 ,hela,in_vitro,Crude,Individual,1,Hand
A46-T1 ,RM_carbonate_A46,RM_carbonate_T1 ,hela,in_vitro,Crude,Individual,1,Hand
A48-T2 ,RM_carbonate_A48,RM_carbonate_T2 ,hela,in_vitro,Crude,Individual,1,Hand
A62-T2 ,RM_carbonate_A62,RM_carbonate_T2 ,hela,in_vitro,Crude,Individual,1,Hand
A59-T4 ,RM_carbonate_A59,RM_carbonate_T4 ,hela,in_vitro,Crude,Individual,1,Hand
A39-T4 ,RM_carbonate_A39,RM_carbonate_T4 ,hela,in_vitro,Crude,Individual,1,Hand
A66-T7 ,RM_carbonate_A66,RM_carbonate_T7 ,hela,in_vitro,Crude,Individual,1,Hand
A56-T9 ,RM_carbonate_A56,RM_carbonate_T9 ,hela,in_vitro,Crude,Individual,1,Hand
A55-T6 ,RM_carbonate_A55,RM_carbonate_T6 ,hela,in_vitro,Crude,Individual,1,Hand
A55-T1 ,RM_carbonate_A55,RM_carbonate_T1 ,hela,in_vitro,Crude,Individual,1,Hand
A43-T2 ,RM_carbonate_A43,RM_carbonate_T2 ,hela,in_vitro,Crude,Individual,1,Hand
A55-T7 ,RM_carbonate_A55,RM_carbonate_T7 ,hela,in_vitro,Crude,Individual,1,Hand
A54-T6 ,RM_carbonate_A54,RM_carbonate_T6 ,hela,in_vitro,Crude,Individual,1,Hand
A49-T3 ,RM_carbonate_A49,RM_carbonate_T3 ,hela,in_vitro,Crude,Individual,1,Hand
A59-T7 ,RM_carbonate_A59,RM_carbonate_T7 ,hela,in_vitro,Crude,Individual,1,Hand
A58-T7 ,RM_carbonate_A58,RM_carbonate_T7 ,hela,in_vitro,Crude,Individual,1,Hand
A59-T6 ,RM_carbonate_A59,RM_carbonate_T6 ,hela,in_vitro,Crude,Individual,1,Hand
A67-T6 ,RM_carbonate_A67,RM_carbonate_T6 ,hela,in_vitro,Crude,Individual,1,Hand
A59-T2 ,RM_carbonate_A59,RM_carbonate_T2 ,hela,in_vitro,Crude,Individual,1,Hand
A49-T7 ,RM_carbonate_A49,RM_carbonate_T7 ,hela,in_vitro,Crude,Individual,1,Hand
A14-T5 ,RM_carbonate_A14,RM_carbonate_T5 ,hela,in_vitro,Crude,Individual,1,Hand
A54-T8 ,RM_carbonate_A54,RM_carbonate_T8 ,hela,in_vitro,Crude,Individual,1,Hand
A67-T4 ,RM_carbonate_A67,RM_carbonate_T4 ,hela,in_vitro,Crude,Individual,1,Hand
A8-T10 ,RM_carbonate_A8,RM_carbonate_T10 ,hela,in_vitro,Crude,Individual,1,Hand
A11-T7 ,RM_carbonate_A11,RM_carbonate_T7 ,hela,in_vitro,Crude,Individual,1,Hand
A61-T8 ,RM_carbonate_A61,RM_carbonate_T8 ,hela,in_vitro,Crude,Individual,1,Hand
A14-T6 ,RM_carbonate_A14,RM_carbonate_T6 ,hela,in_vitro,Crude,Individual,1,Hand
A14-T7 ,RM_carbonate_A14,RM_carbonate_T7 ,hela,in_vitro,Crude,Individual,1,Hand
A40-T1 ,RM_carbonate_A40,RM_carbonate_T1 ,hela,in_vitro,Crude,Individual,1,Hand
A57-T5 ,RM_carbonate_A57,RM_carbonate_T5 ,hela,in_vitro,Crude,Individual,1,Hand
A56-T5 ,RM_carbonate_A56,RM_carbonate_T5 ,hela,in_vitro,Crude,Individual,1,Hand
A69-T6 ,RM_carbonate_A69,RM_carbonate_T6 ,hela,in_vitro,Crude,Individual,1,Hand
A46-T2 ,RM_carbonate_A46,RM_carbonate_T2 ,hela,in_vitro,Crude,Individual,1,Hand
A72-T3 ,RM_carbonate_A72,RM_carbonate_T3 ,hela,in_vitro,Crude,Individual,1,Hand
A48-T1 ,RM_carbonate_A48,RM_carbonate_T1 ,hela,in_vitro,Crude,Individual,1,Hand
A65-T3 ,RM_carbonate_A65,RM_carbonate_T3 ,hela,in_vitro,Crude,Individual,1,Hand
A68-T8 ,RM_carbonate_A68,RM_carbonate_T8 ,hela,in_vitro,Crude,Individual,1,Hand
A65-T5 ,RM_carbonate_A65,RM_carbonate_T5 ,hela,in_vitro,Crude,Individual,1,Hand
A57-T9 ,RM_carbonate_A57,RM_carbonate_T9 ,hela,in_vitro,Crude,Individual,1,Hand
A67-T5 ,RM_carbonate_A67,RM_carbonate_T5 ,hela,in_vitro,Crude,Individual,1,Hand
A69-T7 ,RM_carbonate_A69,RM_carbonate_T7 ,hela,in_vitro,Crude,Individual,1,Hand
A11-T8 ,RM_carbonate_A11,RM_carbonate_T8 ,hela,in_vitro,Crude,Individual,1,Hand
A55-T8 ,RM_carbonate_A55,RM_carbonate_T8 ,hela,in_vitro,Crude,Individual,1,Hand
A8-T9 ,RM_carbonate_A8,RM_carbonate_T9 ,hela,in_vitro,Crude,Individual,1,Hand
A67-T7 ,RM_carbonate_A67,RM_carbonate_T7 ,hela,in_vitro,Crude,Individual,1,Hand
A36-T9 ,RM_carbonate_A36,RM_carbonate_T9 ,hela,in_vitro,Crude,Individual,1,Hand
A69-T1 ,RM_carbonate_A69,RM_carbonate_T1 ,hela,in_vitro,Crude,Individual,1,Hand
A61-T5 ,RM_carbonate_A61,RM_carbonate_T5 ,hela,in_vitro,Crude,Individual,1,Hand
A67-T9 ,RM_carbonate_A67,RM_carbonate_T9 ,hela,in_vitro,Crude,Individual,1,Hand
A14-T8 ,RM_carbonate_A14,RM_carbonate_T8 ,hela,in_vitro,Crude,Individual,1,Hand
A69-T8 ,RM_carbonate_A69,RM_carbonate_T8 ,hela,in_vitro,Crude,Individual,1,Hand
A40-T3 ,RM_carbonate_A40,RM_carbonate_T3 ,hela,in_vitro,Crude,Individual,1,Hand
A66-T5 ,RM_carbonate_A66,RM_carbonate_T5 ,hela,in_vitro,Crude,Individual,1,Hand
A43-T3 ,RM_carbonate_A43,RM_carbonate_T3 ,hela,in_vitro,Crude,Individual,1,Hand
A11-T10 ,RM_carbonate_A11,RM_carbonate_T10 ,hela,in_vitro,Crude,Individual,1,Hand
A61-T4 ,RM_carbonate_A61,RM_carbonate_T4 ,hela,in_vitro,Crude,Individual,1,Hand
A66-T2 ,RM_carbonate_A66,RM_carbonate_T2 ,hela,in_vitro,Crude,Individual,1,Hand
A57-T6 ,RM_carbonate_A57,RM_carbonate_T6 ,hela,in_vitro,Crude,Individual,1,Hand
A72-T2 ,RM_carbonate_A72,RM_carbonate_T2 ,hela,in_vitro,Crude,Individual,1,Hand
A69-T5 ,RM_carbonate_A69,RM_carbonate_T5 ,hela,in_vitro,Crude,Individual,1,Hand
A61-T7 ,RM_carbonate_A61,RM_carbonate_T7 ,hela,in_vitro,Crude,Individual,1,Hand
A67-T3 ,RM_carbonate_A67,RM_carbonate_T3 ,hela,in_vitro,Crude,Individual,1,Hand
A66-T3 ,RM_carbonate_A66,RM_carbonate_T3 ,hela,in_vitro,Crude,Individual,1,Hand
A59-T8 ,RM_carbonate_A59,RM_carbonate_T8 ,hela,in_vitro,Crude,Individual,1,Hand
A61-T6 ,RM_carbonate_A61,RM_carbonate_T6 ,hela,in_vitro,Crude,Individual,1,Hand
A68-T4 ,RM_carbonate_A68,RM_carbonate_T4 ,hela,in_vitro,Crude,Individual,1,Hand
A56-T6 ,RM_carbonate_A56,RM_carbonate_T6 ,hela,in_vitro,Crude,Individual,1,Hand
A68-T6 ,RM_carbonate_A68,RM_carbonate_T6 ,hela,in_vitro,Crude,Individual,1,Hand
A39-T1 ,RM_carbonate_A39,RM_carbonate_T1 ,hela,in_vitro,Crude,Individual,1,Hand
A11-T9 ,RM_carbonate_A11,RM_carbonate_T9 ,hela,in_vitro,Crude,Individual,1,Hand
A65-T2 ,RM_carbonate_A65,RM_carbonate_T2 ,hela,in_vitro,Crude,Individual,1,Hand
A61-T3 ,RM_carbonate_A61,RM_carbonate_T3 ,hela,in_vitro,Crude,Individual,1,Hand
A70-T2 ,RM_carbonate_A70,RM_carbonate_T2 ,hela,in_vitro,Crude,Individual,1,Hand
A72-T1 ,RM_carbonate_A72,RM_carbonate_T1 ,hela,in_vitro,Crude,Individual,1,Hand
A71-T1 ,RM_carbonate_A71,RM_carbonate_T1 ,hela,in_vitro,Crude,Individual,1,Hand
A67-T2 ,RM_carbonate_A67,RM_carbonate_T2 ,hela,in_vitro,Crude,Individual,1,Hand
A70-T3 ,RM_carbonate_A70,RM_carbonate_T3 ,hela,in_vitro,Crude,Individual,1,Hand
A57-T8 ,RM_carbonate_A57,RM_carbonate_T8 ,hela,in_vitro,Crude,Individual,1,Hand
A64-T1 ,RM_carbonate_A64,RM_carbonate_T1 ,hela,in_vitro,Crude,Individual,1,Hand
A68-T7 ,RM_carbonate_A68,RM_carbonate_T7 ,hela,in_vitro,Crude,Individual,1,Hand
A66-T1 ,RM_carbonate_A66,RM_carbonate_T1 ,hela,in_vitro,Crude,Individual,1,Hand
A68-T2 ,RM_carbonate_A68,RM_carbonate_T2 ,hela,in_vitro,Crude,Individual,1,Hand
A56-T7 ,RM_carbonate_A56,RM_carbonate_T7 ,hela,in_vitro,Crude,Individual,1,Hand
A61-T2 ,RM_carbonate_A61,RM_carbonate_T2 ,hela,in_vitro,Crude,Individual,1,Hand
A71-T3 ,RM_carbonate_A71,RM_carbonate_T3 ,hela,in_vitro,Crude,Individual,1,Hand
A57-T7 ,RM_carbonate_A57,RM_carbonate_T7 ,hela,in_vitro,Crude,Individual,1,Hand
A71-T2 ,RM_carbonate_A71,RM_carbonate_T2 ,hela,in_vitro,Crude,Individual,1,Hand
A69-T3 ,RM_carbonate_A69,RM_carbonate_T3 ,hela,in_vitro,Crude,Individual,1,Hand
A68-T5 ,RM_carbonate_A68,RM_carbonate_T5 ,hela,in_vitro,Crude,Individual,1,Hand
A56-T8 ,RM_carbonate_A56,RM_carbonate_T8 ,hela,in_vitro,Crude,Individual,1,Hand
A65-T1 ,RM_carbonate_A65,RM_carbonate_T1 ,hela,in_vitro,Crude,Individual,1,Hand
A68-T3 ,RM_carbonate_A68,RM_carbonate_T3 ,hela,in_vitro,Crude,Individual,1,Hand
A69-T2 ,RM_carbonate_A69,RM_carbonate_T2 ,hela,in_vitro,Crude,Individual,1,Hand
A67-T1 ,RM_carbonate_A67,RM_carbonate_T1 ,hela,in_vitro,Crude,Individual,1,Hand
A61-T1 ,RM_carbonate_A61,RM_carbonate_T1 ,hela,in_vitro,Crude,Individual,1,Hand
A68-T1 ,RM_carbonate_A68,RM_carbonate_T1 ,hela,in_vitro,Crude,Individual,1,Hand
MD-1,RM_carbonate_na,RM_carbonate_na,muscle,intramuscular,Pure,Individual,3,Hand
MC3,RM_carbonate_na,RM_carbonate_na,muscle,intramuscular,Pure,Individual,3,Hand
A1-T2 ,RM_carbonate_A1,RM_carbonate_T2 ,muscle,intramuscular,Pure,Individual,3,Hand
A14-T7 ,RM_carbonate_A14,RM_carbonate_T7 ,muscle,intramuscular,Pure,Individual,3,Hand
MD-1,RM_carbonate_MD,RM_carbonate_1,lung_epithelium,intratracheal,Pure,Individual,3,Microfluidic
A1-T2 ,RM_carbonate_A1,RM_carbonate_T2 ,lung_epithelium,intratracheal,Pure,Individual,3,Microfluidic
A14-T7 ,RM_carbonate_A14,RM_carbonate_T7 ,lung_epithelium,intratracheal,Pure,Individual,3,Microfluidic
A4-T7 ,RM_carbonate_A4,RM_carbonate_T7 ,lung_epithelium,intratracheal,Pure,Individual,3,Microfluidic
MC3,RM_carbonate_na,RM_carbonate_na,lung_epithelium,intratracheal,Pure,Individual,3,Microfluidic
A47-T7 ,RM_carbonate_A47,RM_carbonate_T7 ,lung_epithelium,intratracheal,Pure,Individual,3,Microfluidic
A4-T7 ,RM_carbonate_A4,RM_carbonate_T7 ,lung_epithelium,intratracheal,Pure,Individual,3,Microfluidic
MD-1,RM_carbonate_na,RM_carbonate_na,lung_epithelium,intratracheal,Pure,Individual,3,Microfluidic
MD-1,RM_carbonate_na,RM_carbonate_na,lung_epithelium,intratracheal,Pure,Individual,3,Microfluidic
A4-T7 ,RM_carbonate_A4,RM_carbonate_T7 ,lung_epithelium,intratracheal,Pure,Individual,3,Microfluidic
A1-T3 ,RM_carbonate_A1,RM_carbonate_T3 ,lung_epithelium,intratracheal,Pure,Individual,3,Microfluidic
A1-T2 ,RM_carbonate_A1,RM_carbonate_T2 ,lung_epithelium,intratracheal,Pure,Individual,3,Microfluidic
A28-T7 ,RM_carbonate_A28,RM_carbonate_T7 ,lung_epithelium,intratracheal,Pure,Individual,3,Microfluidic
A2-T2 ,RM_carbonate_A2,RM_carbonate_T2 ,lung_epithelium,intratracheal,Pure,Individual,3,Microfluidic
A47-T7 ,RM_carbonate_A47,RM_carbonate_T7 ,lung_epithelium,intratracheal,Pure,Individual,3,Microfluidic
A3-T3 ,RM_carbonate_A3,RM_carbonate_T3 ,lung_epithelium,intratracheal,Pure,Individual,3,Microfluidic
A47-T7 ,RM_carbonate_A47,RM_carbonate_T7 ,lung_epithelium,intratracheal,Crude,Individual,3,Microfluidic
A14-T4 ,RM_carbonate_A14,RM_carbonate_T4 ,lung_epithelium,intratracheal,Crude,Individual,3,Microfluidic
A14-T8 ,RM_carbonate_A14,RM_carbonate_T8 ,lung_epithelium,intratracheal,Crude,Individual,3,Microfluidic
MD-1,RM_carbonate_na,RM_carbonate_na,lung_epithelium,intratracheal,Crude,Individual,3,Microfluidic
A14-T5 ,RM_carbonate_A14,RM_carbonate_T5 ,lung_epithelium,intratracheal,Crude,Individual,3,Microfluidic
A4-T8 ,RM_carbonate_A4,RM_carbonate_T8 ,lung_epithelium,intratracheal,Crude,Individual,3,Microfluidic
A4-T6 ,RM_carbonate_A4,RM_carbonate_T6 ,lung_epithelium,intratracheal,Crude,Individual,3,Microfluidic
A14-T10 ,RM_carbonate_A14,RM_carbonate_T10 ,lung_epithelium,intratracheal,Crude,Individual,3,Microfluidic
A14-T6 ,RM_carbonate_A14,RM_carbonate_T6 ,lung_epithelium,intratracheal,Crude,Individual,3,Microfluidic
A14-T9 ,RM_carbonate_A14,RM_carbonate_T9 ,lung_epithelium,intratracheal,Crude,Individual,3,Microfluidic
A4-T9 ,RM_carbonate_A4,RM_carbonate_T9 ,lung_epithelium,intratracheal,Crude,Individual,3,Microfluidic
A4-T4 ,RM_carbonate_A4,RM_carbonate_T4 ,lung_epithelium,intratracheal,Crude,Individual,3,Microfluidic
A4-T7 ,RM_carbonate_A4,RM_carbonate_T7 ,lung_epithelium,intratracheal,Crude,Individual,3,Microfluidic
A4-T5 ,RM_carbonate_A4,RM_carbonate_T5 ,lung_epithelium,intratracheal,Crude,Individual,3,Microfluidic
A1-T5 ,RM_carbonate_A1,RM_carbonate_T5 ,lung_epithelium,intratracheal,Crude,Individual,3,Microfluidic
A1-T1 ,RM_carbonate_A1,RM_carbonate_T1 ,lung_epithelium,intratracheal,Pure,Individual,3,Microfluidic
A14-T4 ,RM_carbonate_A14,RM_carbonate_T4 ,lung_epithelium,intratracheal,Pure,Individual,3,Microfluidic
A14-T8 ,RM_carbonate_A14,RM_carbonate_T8 ,lung_epithelium,intratracheal,Pure,Individual,3,Microfluidic
A19-T7 ,RM_carbonate_A19,RM_carbonate_T7 ,lung_epithelium,intratracheal,Pure,Individual,3,Microfluidic
A19-T8 ,RM_carbonate_A19,RM_carbonate_T8 ,lung_epithelium,intratracheal,Pure,Individual,3,Microfluidic
A2-T7 ,RM_carbonate_A2,RM_carbonate_T7 ,lung_epithelium,intratracheal,Pure,Individual,3,Microfluidic
A4-T7 ,RM_carbonate_A4,RM_carbonate_T7 ,lung_epithelium,intratracheal,Pure,Individual,3,Microfluidic
A4-T8 ,RM_carbonate_A4,RM_carbonate_T8 ,lung_epithelium,intratracheal,Pure,Individual,3,Microfluidic
A4-T9 ,RM_carbonate_A4,RM_carbonate_T9 ,lung_epithelium,intratracheal,Pure,Individual,3,Microfluidic
A47-T7 ,RM_carbonate_A47,RM_carbonate_T7 ,lung_epithelium,intratracheal,Pure,Individual,3,Microfluidic
MD-1,RM_carbonate_na,RM_carbonate_na,lung_epithelium,intratracheal,Pure,Individual,3,Microfluidic
A4-T8 ,RM_carbonate_A4,RM_carbonate_T8 ,lung_epithelium,intratracheal,Pure,Individual,3,Microfluidic
A14-T10 ,RM_carbonate_A14,RM_carbonate_T10 ,lung_epithelium,intratracheal,Pure,Individual,3,Microfluidic
A14-T9 ,RM_carbonate_A14,RM_carbonate_T9 ,lung_epithelium,intratracheal,Pure,Individual,3,Microfluidic
A14-T8 ,RM_carbonate_A14,RM_carbonate_T8 ,lung_epithelium,intratracheal,Pure,Individual,3,Microfluidic
A19-T8 ,RM_carbonate_A19,RM_carbonate_T8 ,lung_epithelium,intratracheal,Pure,Individual,3,Microfluidic
A4-T7 ,RM_carbonate_A4,RM_carbonate_T7 ,lung_epithelium,intratracheal,Pure,Individual,3,Microfluidic
A14-T4 ,RM_carbonate_A14,RM_carbonate_T4 ,lung_epithelium,intratracheal,Pure,Individual,3,Microfluidic