Lipid_name,Amine,Ketone,Isocyanide,Is_cyclic,Model_type,Delivery_target
LM_3CR_A12Iso52DC18,LM_3CR_A12,LM_3CR_2DC18,LM_3CR_Iso5,Yes,HeLa,hela
LM_3CR_A2Iso52DC18,LM_3CR_A2,LM_3CR_2DC18,LM_3CR_Iso5,Yes,HeLa,hela
LM_3CR_A3Iso52DC18,LM_3CR_A3,LM_3CR_2DC18,LM_3CR_Iso5,No,HeLa,hela
LM_3CR_A5Iso52DC18,LM_3CR_A5,LM_3CR_2DC18,LM_3CR_Iso5,Yes,HeLa,hela
LM_3CR_A1Iso52DC18,LM_3CR_A1,LM_3CR_2DC18,LM_3CR_Iso5,Yes,HeLa,hela
LM_3CR_A4Iso52DC18,LM_3CR_A4,LM_3CR_2DC18,LM_3CR_Iso5,No,HeLa,hela
LM_3CR_A6Iso52DC18,LM_3CR_A6,LM_3CR_2DC18,LM_3CR_Iso5,No,HeLa,hela
LM_3CR_A8Iso52DC18,LM_3CR_A8,LM_3CR_2DC18,LM_3CR_Iso5,No,HeLa,hela
LM_3CR_A7Iso52DC18,LM_3CR_A7,LM_3CR_2DC18,LM_3CR_Iso5,No,HeLa,hela
LM_3CR_A11Iso52DC18,LM_3CR_A11,LM_3CR_2DC18,LM_3CR_Iso5,No,HeLa,hela
LM_3CR_A9Iso52DC18,LM_3CR_A9,LM_3CR_2DC18,LM_3CR_Iso5,No,HeLa,hela
LM_3CR_A10Iso52DC18,LM_3CR_A10,LM_3CR_2DC18,LM_3CR_Iso5,No,HeLa,hela
LM_3CR_A3Iso62DC18,LM_3CR_A3,LM_3CR_2DC18,LM_3CR_Iso6,No,HeLa,hela
LM_3CR_A2Iso62DC18,LM_3CR_A2,LM_3CR_2DC18,LM_3CR_Iso6,Yes,HeLa,hela
LM_3CR_A12Iso62DC18,LM_3CR_A12,LM_3CR_2DC18,LM_3CR_Iso6,Yes,HeLa,hela
LM_3CR_A5Iso62DC18,LM_3CR_A5,LM_3CR_2DC18,LM_3CR_Iso6,Yes,HeLa,hela
LM_3CR_A1Iso62DC18,LM_3CR_A1,LM_3CR_2DC18,LM_3CR_Iso6,Yes,HeLa,hela
LM_3CR_A2Iso92DC18,LM_3CR_A2,LM_3CR_2DC18,LM_3CR_Iso9,No,HeLa,hela
LM_3CR_A1Iso92DC18,LM_3CR_A1,LM_3CR_2DC18,LM_3CR_Iso9,No,HeLa,hela
LM_3CR_A5Iso92DC18,LM_3CR_A5,LM_3CR_2DC18,LM_3CR_Iso9,No,HeLa,hela
LM_3CR_A12Iso92DC18,LM_3CR_A12,LM_3CR_2DC18,LM_3CR_Iso9,No,HeLa,hela
LM_3CR_A9Iso92DC18,LM_3CR_A9,LM_3CR_2DC18,LM_3CR_Iso9,No,HeLa,hela
LM_3CR_A8Iso92DC18,LM_3CR_A8,LM_3CR_2DC18,LM_3CR_Iso9,No,HeLa,hela
LM_3CR_A3Iso92DC18,LM_3CR_A3,LM_3CR_2DC18,LM_3CR_Iso9,No,HeLa,hela
LM_3CR_A6Iso92DC18,LM_3CR_A6,LM_3CR_2DC18,LM_3CR_Iso9,No,HeLa,hela
LM_3CR_A7Iso92DC18,LM_3CR_A7,LM_3CR_2DC18,LM_3CR_Iso9,No,HeLa,hela
LM_3CR_A4Iso92DC18,LM_3CR_A4,LM_3CR_2DC18,LM_3CR_Iso9,No,HeLa,hela
LM_3CR_A11Iso62DC18,LM_3CR_A11,LM_3CR_2DC18,LM_3CR_Iso6,No,HeLa,hela
LM_3CR_A9Iso62DC18,LM_3CR_A9,LM_3CR_2DC18,LM_3CR_Iso6,No,HeLa,hela
LM_3CR_A11Iso92DC18,LM_3CR_A11,LM_3CR_2DC18,LM_3CR_Iso9,No,HeLa,hela
LM_3CR_A6Iso62DC18,LM_3CR_A6,LM_3CR_2DC18,LM_3CR_Iso6,No,HeLa,hela
LM_3CR_A4Iso62DC18,LM_3CR_A4,LM_3CR_2DC18,LM_3CR_Iso6,No,HeLa,hela
LM_3CR_A7Iso62DC18,LM_3CR_A7,LM_3CR_2DC18,LM_3CR_Iso6,No,HeLa,hela
LM_3CR_A8Iso62DC18,LM_3CR_A8,LM_3CR_2DC18,LM_3CR_Iso6,No,HeLa,hela
LM_3CR_A10Iso92DC18,LM_3CR_A10,LM_3CR_2DC18,LM_3CR_Iso9,No,HeLa,hela
LM_3CR_A10Iso62DC18,LM_3CR_A10,LM_3CR_2DC18,LM_3CR_Iso6,No,HeLa,hela
LM_3CR_A1Iso12DC18,LM_3CR_A1,LM_3CR_2DC18,LM_3CR_Iso1,No,HeLa,hela
LM_3CR_A1Iso22DC18,LM_3CR_A1,LM_3CR_2DC18,LM_3CR_Iso2,No,HeLa,hela
LM_3CR_A1Iso32DC18,LM_3CR_A1,LM_3CR_2DC18,LM_3CR_Iso3,No,HeLa,hela
LM_3CR_A1Iso42DC18,LM_3CR_A1,LM_3CR_2DC18,LM_3CR_Iso4,Yes,HeLa,hela
LM_3CR_A1Iso72DC18,LM_3CR_A1,LM_3CR_2DC18,LM_3CR_Iso7,Yes,HeLa,hela
LM_3CR_A1Iso82DC18,LM_3CR_A1,LM_3CR_2DC18,LM_3CR_Iso8,Yes,HeLa,hela
LM_3CR_A1Iso102DC18,LM_3CR_A1,LM_3CR_2DC18,LM_3CR_Iso10,No,HeLa,hela
LM_3CR_A1Iso1C11,LM_3CR_A1,LM_3CR_C11,LM_3CR_Iso1,No,HeLa,hela
LM_3CR_A1Iso2C11,LM_3CR_A1,LM_3CR_C11,LM_3CR_Iso2,No,HeLa,hela
LM_3CR_A1Iso3C11,LM_3CR_A1,LM_3CR_C11,LM_3CR_Iso3,No,HeLa,hela
LM_3CR_A1Iso4C11,LM_3CR_A1,LM_3CR_C11,LM_3CR_Iso4,Yes,HeLa,hela
LM_3CR_A1Iso5C11,LM_3CR_A1,LM_3CR_C11,LM_3CR_Iso5,Yes,HeLa,hela
LM_3CR_A1Iso6C11,LM_3CR_A1,LM_3CR_C11,LM_3CR_Iso6,Yes,HeLa,hela
LM_3CR_A1Iso7C11,LM_3CR_A1,LM_3CR_C11,LM_3CR_Iso7,Yes,HeLa,hela
LM_3CR_A1Iso8C11,LM_3CR_A1,LM_3CR_C11,LM_3CR_Iso8,Yes,HeLa,hela
LM_3CR_A1Iso9C11,LM_3CR_A1,LM_3CR_C11,LM_3CR_Iso9,No,HeLa,hela
LM_3CR_A1Iso10C11,LM_3CR_A1,LM_3CR_C11,LM_3CR_Iso10,No,HeLa,hela
LM_3CR_A1Iso1C10,LM_3CR_A1,LM_3CR_C10,LM_3CR_Iso1,No,HeLa,hela
LM_3CR_A1Iso2C10,LM_3CR_A1,LM_3CR_C10,LM_3CR_Iso2,No,HeLa,hela
LM_3CR_A1Iso3C10,LM_3CR_A1,LM_3CR_C10,LM_3CR_Iso3,No,HeLa,hela
LM_3CR_A1Iso4C10,LM_3CR_A1,LM_3CR_C10,LM_3CR_Iso4,Yes,HeLa,hela
LM_3CR_A1Iso5C10,LM_3CR_A1,LM_3CR_C10,LM_3CR_Iso5,Yes,HeLa,hela
LM_3CR_A1Iso6C10,LM_3CR_A1,LM_3CR_C10,LM_3CR_Iso6,Yes,HeLa,hela
LM_3CR_A1Iso7C10,LM_3CR_A1,LM_3CR_C10,LM_3CR_Iso7,Yes,HeLa,hela
LM_3CR_A1Iso8C10,LM_3CR_A1,LM_3CR_C10,LM_3CR_Iso8,Yes,HeLa,hela
LM_3CR_A1Iso9C10,LM_3CR_A1,LM_3CR_C10,LM_3CR_Iso9,No,HeLa,hela
LM_3CR_A1Iso10C10,LM_3CR_A1,LM_3CR_C10,LM_3CR_Iso10,No,HeLa,hela
LM_3CR_A1Iso1C9,LM_3CR_A1,LM_3CR_C9,LM_3CR_Iso1,No,HeLa,hela
LM_3CR_A1Iso2C9,LM_3CR_A1,LM_3CR_C9,LM_3CR_Iso2,No,HeLa,hela
LM_3CR_A1Iso3C9,LM_3CR_A1,LM_3CR_C9,LM_3CR_Iso3,No,HeLa,hela
LM_3CR_A1Iso4C9,LM_3CR_A1,LM_3CR_C9,LM_3CR_Iso4,Yes,HeLa,hela
LM_3CR_A1Iso5C9,LM_3CR_A1,LM_3CR_C9,LM_3CR_Iso5,Yes,HeLa,hela
LM_3CR_A1Iso6C9,LM_3CR_A1,LM_3CR_C9,LM_3CR_Iso6,Yes,HeLa,hela
LM_3CR_A1Iso7C9,LM_3CR_A1,LM_3CR_C9,LM_3CR_Iso7,Yes,HeLa,hela
LM_3CR_A1Iso8C9,LM_3CR_A1,LM_3CR_C9,LM_3CR_Iso8,Yes,HeLa,hela
LM_3CR_A1Iso9C9,LM_3CR_A1,LM_3CR_C9,LM_3CR_Iso9,No,HeLa,hela
LM_3CR_A1Iso10C9,LM_3CR_A1,LM_3CR_C9,LM_3CR_Iso10,No,HeLa,hela
LM_3CR_A1Iso1C8,LM_3CR_A1,LM_3CR_C8,LM_3CR_Iso1,No,HeLa,hela
LM_3CR_A1Iso2C8,LM_3CR_A1,LM_3CR_C8,LM_3CR_Iso2,No,HeLa,hela
LM_3CR_A1Iso3C8,LM_3CR_A1,LM_3CR_C8,LM_3CR_Iso3,No,HeLa,hela
LM_3CR_A1Iso4C8,LM_3CR_A1,LM_3CR_C8,LM_3CR_Iso4,Yes,HeLa,hela
LM_3CR_A1Iso5C8,LM_3CR_A1,LM_3CR_C8,LM_3CR_Iso5,Yes,HeLa,hela
LM_3CR_A1Iso6C8,LM_3CR_A1,LM_3CR_C8,LM_3CR_Iso6,Yes,HeLa,hela
LM_3CR_A1Iso7C8,LM_3CR_A1,LM_3CR_C8,LM_3CR_Iso7,Yes,HeLa,hela
LM_3CR_A1Iso8C8,LM_3CR_A1,LM_3CR_C8,LM_3CR_Iso8,Yes,HeLa,hela
LM_3CR_A1Iso9C8,LM_3CR_A1,LM_3CR_C8,LM_3CR_Iso9,No,HeLa,hela
LM_3CR_A1Iso10C8,LM_3CR_A1,LM_3CR_C8,LM_3CR_Iso10,No,HeLa,hela
LM_3CR_A1Iso1C7,LM_3CR_A1,LM_3CR_C7,LM_3CR_Iso1,No,HeLa,hela
LM_3CR_A1Iso2C7,LM_3CR_A1,LM_3CR_C7,LM_3CR_Iso2,No,HeLa,hela
LM_3CR_A1Iso3C7,LM_3CR_A1,LM_3CR_C7,LM_3CR_Iso3,No,HeLa,hela
LM_3CR_A1Iso4C7,LM_3CR_A1,LM_3CR_C7,LM_3CR_Iso4,Yes,HeLa,hela
LM_3CR_A1Iso5C7,LM_3CR_A1,LM_3CR_C7,LM_3CR_Iso5,Yes,HeLa,hela
LM_3CR_A1Iso6C7,LM_3CR_A1,LM_3CR_C7,LM_3CR_Iso6,Yes,HeLa,hela
LM_3CR_A1Iso7C7,LM_3CR_A1,LM_3CR_C7,LM_3CR_Iso7,Yes,HeLa,hela
LM_3CR_A1Iso8C7,LM_3CR_A1,LM_3CR_C7,LM_3CR_Iso8,Yes,HeLa,hela
LM_3CR_A1Iso9C7,LM_3CR_A1,LM_3CR_C7,LM_3CR_Iso9,No,HeLa,hela
LM_3CR_A1Iso10C7,LM_3CR_A1,LM_3CR_C7,LM_3CR_Iso10,No,HeLa,hela
LM_3CR_A1Iso1CC7,LM_3CR_A1,LM_3CR_CC7,LM_3CR_Iso1,No,HeLa,hela
LM_3CR_A1Iso2CC7,LM_3CR_A1,LM_3CR_CC7,LM_3CR_Iso2,No,HeLa,hela
LM_3CR_A1Iso3CC7,LM_3CR_A1,LM_3CR_CC7,LM_3CR_Iso3,No,HeLa,hela
LM_3CR_A1Iso4CC7,LM_3CR_A1,LM_3CR_CC7,LM_3CR_Iso4,Yes,HeLa,hela
LM_3CR_A1Iso5CC7,LM_3CR_A1,LM_3CR_CC7,LM_3CR_Iso5,Yes,HeLa,hela
LM_3CR_A1Iso6CC7,LM_3CR_A1,LM_3CR_CC7,LM_3CR_Iso6,Yes,HeLa,hela
LM_3CR_A1Iso7CC7,LM_3CR_A1,LM_3CR_CC7,LM_3CR_Iso7,Yes,HeLa,hela
LM_3CR_A1Iso8CC7,LM_3CR_A1,LM_3CR_CC7,LM_3CR_Iso8,Yes,HeLa,hela
LM_3CR_A1Iso9CC7,LM_3CR_A1,LM_3CR_CC7,LM_3CR_Iso9,No,HeLa,hela
LM_3CR_A1Iso10CC7,LM_3CR_A1,LM_3CR_CC7,LM_3CR_Iso10,No,HeLa,hela
LM_3CR_A1Iso1CC6,LM_3CR_A1,LM_3CR_CC6,LM_3CR_Iso1,No,HeLa,hela
LM_3CR_A1Iso2CC6,LM_3CR_A1,LM_3CR_CC6,LM_3CR_Iso2,No,HeLa,hela
LM_3CR_A1Iso3CC6,LM_3CR_A1,LM_3CR_CC6,LM_3CR_Iso3,No,HeLa,hela
LM_3CR_A1Iso4CC6,LM_3CR_A1,LM_3CR_CC6,LM_3CR_Iso4,Yes,HeLa,hela
LM_3CR_A1Iso5CC6,LM_3CR_A1,LM_3CR_CC6,LM_3CR_Iso5,Yes,HeLa,hela
LM_3CR_A1Iso6CC6,LM_3CR_A1,LM_3CR_CC6,LM_3CR_Iso6,Yes,HeLa,hela
LM_3CR_A1Iso7CC6,LM_3CR_A1,LM_3CR_CC6,LM_3CR_Iso7,Yes,HeLa,hela
LM_3CR_A1Iso8CC6,LM_3CR_A1,LM_3CR_CC6,LM_3CR_Iso8,Yes,HeLa,hela
LM_3CR_A1Iso9CC6,LM_3CR_A1,LM_3CR_CC6,LM_3CR_Iso9,No,HeLa,hela
LM_3CR_A1Iso10CC6,LM_3CR_A1,LM_3CR_CC6,LM_3CR_Iso10,No,HeLa,hela
LM_3CR_A1Iso1C6,LM_3CR_A1,LM_3CR_C6,LM_3CR_Iso1,No,HeLa,hela
LM_3CR_A1Iso2C6,LM_3CR_A1,LM_3CR_C6,LM_3CR_Iso2,No,HeLa,hela
LM_3CR_A1Iso3C6,LM_3CR_A1,LM_3CR_C6,LM_3CR_Iso3,No,HeLa,hela
LM_3CR_A1Iso4C6,LM_3CR_A1,LM_3CR_C6,LM_3CR_Iso4,Yes,HeLa,hela
LM_3CR_A1Iso5C6,LM_3CR_A1,LM_3CR_C6,LM_3CR_Iso5,Yes,HeLa,hela
LM_3CR_A1Iso6C6,LM_3CR_A1,LM_3CR_C6,LM_3CR_Iso6,Yes,HeLa,hela
LM_3CR_A1Iso7C6,LM_3CR_A1,LM_3CR_C6,LM_3CR_Iso7,Yes,HeLa,hela
LM_3CR_A1Iso8C6,LM_3CR_A1,LM_3CR_C6,LM_3CR_Iso8,Yes,HeLa,hela
LM_3CR_A1Iso9C6,LM_3CR_A1,LM_3CR_C6,LM_3CR_Iso9,No,HeLa,hela
LM_3CR_A1Iso10C6,LM_3CR_A1,LM_3CR_C6,LM_3CR_Iso10,No,HeLa,hela
LM_3CR_A2Iso12DC18,LM_3CR_A2,LM_3CR_2DC18,LM_3CR_Iso1,No,HeLa,hela
LM_3CR_A2Iso22DC18,LM_3CR_A2,LM_3CR_2DC18,LM_3CR_Iso2,No,HeLa,hela
LM_3CR_A2Iso32DC18,LM_3CR_A2,LM_3CR_2DC18,LM_3CR_Iso3,No,HeLa,hela
LM_3CR_A2Iso42DC18,LM_3CR_A2,LM_3CR_2DC18,LM_3CR_Iso4,Yes,HeLa,hela
LM_3CR_A2Iso72DC18,LM_3CR_A2,LM_3CR_2DC18,LM_3CR_Iso7,Yes,HeLa,hela
LM_3CR_A2Iso82DC18,LM_3CR_A2,LM_3CR_2DC18,LM_3CR_Iso8,Yes,HeLa,hela
LM_3CR_A2Iso102DC18,LM_3CR_A2,LM_3CR_2DC18,LM_3CR_Iso10,No,HeLa,hela
LM_3CR_A2Iso1C11,LM_3CR_A2,LM_3CR_C11,LM_3CR_Iso1,No,HeLa,hela
LM_3CR_A2Iso2C11,LM_3CR_A2,LM_3CR_C11,LM_3CR_Iso2,No,HeLa,hela
LM_3CR_A2Iso3C11,LM_3CR_A2,LM_3CR_C11,LM_3CR_Iso3,No,HeLa,hela
LM_3CR_A2Iso4C11,LM_3CR_A2,LM_3CR_C11,LM_3CR_Iso4,Yes,HeLa,hela
LM_3CR_A2Iso5C11,LM_3CR_A2,LM_3CR_C11,LM_3CR_Iso5,Yes,HeLa,hela
LM_3CR_A2Iso6C11,LM_3CR_A2,LM_3CR_C11,LM_3CR_Iso6,Yes,HeLa,hela
LM_3CR_A2Iso7C11,LM_3CR_A2,LM_3CR_C11,LM_3CR_Iso7,Yes,HeLa,hela
LM_3CR_A2Iso8C11,LM_3CR_A2,LM_3CR_C11,LM_3CR_Iso8,Yes,HeLa,hela
LM_3CR_A2Iso9C11,LM_3CR_A2,LM_3CR_C11,LM_3CR_Iso9,No,HeLa,hela
LM_3CR_A2Iso10C11,LM_3CR_A2,LM_3CR_C11,LM_3CR_Iso10,No,HeLa,hela
LM_3CR_A2Iso1C10,LM_3CR_A2,LM_3CR_C10,LM_3CR_Iso1,No,HeLa,hela
LM_3CR_A2Iso2C10,LM_3CR_A2,LM_3CR_C10,LM_3CR_Iso2,No,HeLa,hela
LM_3CR_A2Iso3C10,LM_3CR_A2,LM_3CR_C10,LM_3CR_Iso3,No,HeLa,hela
LM_3CR_A2Iso4C10,LM_3CR_A2,LM_3CR_C10,LM_3CR_Iso4,Yes,HeLa,hela
LM_3CR_A2Iso5C10,LM_3CR_A2,LM_3CR_C10,LM_3CR_Iso5,Yes,HeLa,hela
LM_3CR_A2Iso6C10,LM_3CR_A2,LM_3CR_C10,LM_3CR_Iso6,Yes,HeLa,hela
LM_3CR_A2Iso7C10,LM_3CR_A2,LM_3CR_C10,LM_3CR_Iso7,Yes,HeLa,hela
LM_3CR_A2Iso8C10,LM_3CR_A2,LM_3CR_C10,LM_3CR_Iso8,Yes,HeLa,hela
LM_3CR_A2Iso9C10,LM_3CR_A2,LM_3CR_C10,LM_3CR_Iso9,No,HeLa,hela
LM_3CR_A2Iso10C10,LM_3CR_A2,LM_3CR_C10,LM_3CR_Iso10,No,HeLa,hela
LM_3CR_A2Iso1C9,LM_3CR_A2,LM_3CR_C9,LM_3CR_Iso1,No,HeLa,hela
LM_3CR_A2Iso2C9,LM_3CR_A2,LM_3CR_C9,LM_3CR_Iso2,No,HeLa,hela
LM_3CR_A2Iso3C9,LM_3CR_A2,LM_3CR_C9,LM_3CR_Iso3,No,HeLa,hela
LM_3CR_A2Iso4C9,LM_3CR_A2,LM_3CR_C9,LM_3CR_Iso4,Yes,HeLa,hela
LM_3CR_A2Iso5C9,LM_3CR_A2,LM_3CR_C9,LM_3CR_Iso5,Yes,HeLa,hela
LM_3CR_A2Iso6C9,LM_3CR_A2,LM_3CR_C9,LM_3CR_Iso6,Yes,HeLa,hela
LM_3CR_A2Iso7C9,LM_3CR_A2,LM_3CR_C9,LM_3CR_Iso7,Yes,HeLa,hela
LM_3CR_A2Iso8C9,LM_3CR_A2,LM_3CR_C9,LM_3CR_Iso8,Yes,HeLa,hela
LM_3CR_A2Iso9C9,LM_3CR_A2,LM_3CR_C9,LM_3CR_Iso9,No,HeLa,hela
LM_3CR_A2Iso10C9,LM_3CR_A2,LM_3CR_C9,LM_3CR_Iso10,No,HeLa,hela
LM_3CR_A2Iso1C8,LM_3CR_A2,LM_3CR_C8,LM_3CR_Iso1,No,HeLa,hela
LM_3CR_A2Iso2C8,LM_3CR_A2,LM_3CR_C8,LM_3CR_Iso2,No,HeLa,hela
LM_3CR_A2Iso3C8,LM_3CR_A2,LM_3CR_C8,LM_3CR_Iso3,No,HeLa,hela
LM_3CR_A2Iso4C8,LM_3CR_A2,LM_3CR_C8,LM_3CR_Iso4,Yes,HeLa,hela
LM_3CR_A2Iso5C8,LM_3CR_A2,LM_3CR_C8,LM_3CR_Iso5,Yes,HeLa,hela
LM_3CR_A2Iso6C8,LM_3CR_A2,LM_3CR_C8,LM_3CR_Iso6,Yes,HeLa,hela
LM_3CR_A2Iso7C8,LM_3CR_A2,LM_3CR_C8,LM_3CR_Iso7,Yes,HeLa,hela
LM_3CR_A2Iso8C8,LM_3CR_A2,LM_3CR_C8,LM_3CR_Iso8,Yes,HeLa,hela
LM_3CR_A2Iso9C8,LM_3CR_A2,LM_3CR_C8,LM_3CR_Iso9,No,HeLa,hela
LM_3CR_A2Iso10C8,LM_3CR_A2,LM_3CR_C8,LM_3CR_Iso10,No,HeLa,hela
LM_3CR_A2Iso1C7,LM_3CR_A2,LM_3CR_C7,LM_3CR_Iso1,No,HeLa,hela
LM_3CR_A2Iso2C7,LM_3CR_A2,LM_3CR_C7,LM_3CR_Iso2,No,HeLa,hela
LM_3CR_A2Iso3C7,LM_3CR_A2,LM_3CR_C7,LM_3CR_Iso3,No,HeLa,hela
LM_3CR_A2Iso4C7,LM_3CR_A2,LM_3CR_C7,LM_3CR_Iso4,Yes,HeLa,hela
LM_3CR_A2Iso5C7,LM_3CR_A2,LM_3CR_C7,LM_3CR_Iso5,Yes,HeLa,hela
LM_3CR_A2Iso6C7,LM_3CR_A2,LM_3CR_C7,LM_3CR_Iso6,Yes,HeLa,hela
LM_3CR_A2Iso7C7,LM_3CR_A2,LM_3CR_C7,LM_3CR_Iso7,Yes,HeLa,hela
LM_3CR_A2Iso8C7,LM_3CR_A2,LM_3CR_C7,LM_3CR_Iso8,Yes,HeLa,hela
LM_3CR_A2Iso9C7,LM_3CR_A2,LM_3CR_C7,LM_3CR_Iso9,No,HeLa,hela
LM_3CR_A2Iso10C7,LM_3CR_A2,LM_3CR_C7,LM_3CR_Iso10,No,HeLa,hela
LM_3CR_A2Iso1CC7,LM_3CR_A2,LM_3CR_CC7,LM_3CR_Iso1,No,HeLa,hela
LM_3CR_A2Iso2CC7,LM_3CR_A2,LM_3CR_CC7,LM_3CR_Iso2,No,HeLa,hela
LM_3CR_A2Iso3CC7,LM_3CR_A2,LM_3CR_CC7,LM_3CR_Iso3,No,HeLa,hela
LM_3CR_A2Iso4CC7,LM_3CR_A2,LM_3CR_CC7,LM_3CR_Iso4,Yes,HeLa,hela
LM_3CR_A2Iso5CC7,LM_3CR_A2,LM_3CR_CC7,LM_3CR_Iso5,Yes,HeLa,hela
LM_3CR_A2Iso6CC7,LM_3CR_A2,LM_3CR_CC7,LM_3CR_Iso6,Yes,HeLa,hela
LM_3CR_A2Iso7CC7,LM_3CR_A2,LM_3CR_CC7,LM_3CR_Iso7,Yes,HeLa,hela
LM_3CR_A2Iso8CC7,LM_3CR_A2,LM_3CR_CC7,LM_3CR_Iso8,Yes,HeLa,hela
LM_3CR_A2Iso9CC7,LM_3CR_A2,LM_3CR_CC7,LM_3CR_Iso9,No,HeLa,hela
LM_3CR_A2Iso10CC7,LM_3CR_A2,LM_3CR_CC7,LM_3CR_Iso10,No,HeLa,hela
LM_3CR_A2Iso1CC6,LM_3CR_A2,LM_3CR_CC6,LM_3CR_Iso1,No,HeLa,hela
LM_3CR_A2Iso2CC6,LM_3CR_A2,LM_3CR_CC6,LM_3CR_Iso2,No,HeLa,hela
LM_3CR_A2Iso3CC6,LM_3CR_A2,LM_3CR_CC6,LM_3CR_Iso3,No,HeLa,hela
LM_3CR_A2Iso4CC6,LM_3CR_A2,LM_3CR_CC6,LM_3CR_Iso4,Yes,HeLa,hela
LM_3CR_A2Iso5CC6,LM_3CR_A2,LM_3CR_CC6,LM_3CR_Iso5,Yes,HeLa,hela
LM_3CR_A2Iso6CC6,LM_3CR_A2,LM_3CR_CC6,LM_3CR_Iso6,Yes,HeLa,hela
LM_3CR_A2Iso7CC6,LM_3CR_A2,LM_3CR_CC6,LM_3CR_Iso7,Yes,HeLa,hela
LM_3CR_A2Iso8CC6,LM_3CR_A2,LM_3CR_CC6,LM_3CR_Iso8,Yes,HeLa,hela
LM_3CR_A2Iso9CC6,LM_3CR_A2,LM_3CR_CC6,LM_3CR_Iso9,No,HeLa,hela
LM_3CR_A2Iso10CC6,LM_3CR_A2,LM_3CR_CC6,LM_3CR_Iso10,No,HeLa,hela
LM_3CR_A2Iso1C6,LM_3CR_A2,LM_3CR_C6,LM_3CR_Iso1,No,HeLa,hela
LM_3CR_A2Iso2C6,LM_3CR_A2,LM_3CR_C6,LM_3CR_Iso2,No,HeLa,hela
LM_3CR_A2Iso3C6,LM_3CR_A2,LM_3CR_C6,LM_3CR_Iso3,No,HeLa,hela
LM_3CR_A2Iso4C6,LM_3CR_A2,LM_3CR_C6,LM_3CR_Iso4,Yes,HeLa,hela
LM_3CR_A2Iso5C6,LM_3CR_A2,LM_3CR_C6,LM_3CR_Iso5,Yes,HeLa,hela
LM_3CR_A2Iso6C6,LM_3CR_A2,LM_3CR_C6,LM_3CR_Iso6,Yes,HeLa,hela
LM_3CR_A2Iso7C6,LM_3CR_A2,LM_3CR_C6,LM_3CR_Iso7,Yes,HeLa,hela
LM_3CR_A2Iso8C6,LM_3CR_A2,LM_3CR_C6,LM_3CR_Iso8,Yes,HeLa,hela
LM_3CR_A2Iso9C6,LM_3CR_A2,LM_3CR_C6,LM_3CR_Iso9,No,HeLa,hela
LM_3CR_A2Iso10C6,LM_3CR_A2,LM_3CR_C6,LM_3CR_Iso10,No,HeLa,hela
LM_3CR_A3Iso12DC18,LM_3CR_A3,LM_3CR_2DC18,LM_3CR_Iso1,No,HeLa,hela
LM_3CR_A3Iso22DC18,LM_3CR_A3,LM_3CR_2DC18,LM_3CR_Iso2,No,HeLa,hela
LM_3CR_A3Iso32DC18,LM_3CR_A3,LM_3CR_2DC18,LM_3CR_Iso3,No,HeLa,hela
LM_3CR_A3Iso42DC18,LM_3CR_A3,LM_3CR_2DC18,LM_3CR_Iso4,No,HeLa,hela
LM_3CR_A3Iso72DC18,LM_3CR_A3,LM_3CR_2DC18,LM_3CR_Iso7,No,HeLa,hela
LM_3CR_A3Iso82DC18,LM_3CR_A3,LM_3CR_2DC18,LM_3CR_Iso8,No,HeLa,hela
LM_3CR_A3Iso102DC18,LM_3CR_A3,LM_3CR_2DC18,LM_3CR_Iso10,No,HeLa,hela
LM_3CR_A3Iso1C11,LM_3CR_A3,LM_3CR_C11,LM_3CR_Iso1,No,HeLa,hela
LM_3CR_A3Iso2C11,LM_3CR_A3,LM_3CR_C11,LM_3CR_Iso2,No,HeLa,hela
LM_3CR_A3Iso3C11,LM_3CR_A3,LM_3CR_C11,LM_3CR_Iso3,No,HeLa,hela
LM_3CR_A3Iso4C11,LM_3CR_A3,LM_3CR_C11,LM_3CR_Iso4,No,HeLa,hela
LM_3CR_A3Iso5C11,LM_3CR_A3,LM_3CR_C11,LM_3CR_Iso5,No,HeLa,hela
LM_3CR_A3Iso6C11,LM_3CR_A3,LM_3CR_C11,LM_3CR_Iso6,No,HeLa,hela
LM_3CR_A3Iso7C11,LM_3CR_A3,LM_3CR_C11,LM_3CR_Iso7,No,HeLa,hela
LM_3CR_A3Iso8C11,LM_3CR_A3,LM_3CR_C11,LM_3CR_Iso8,No,HeLa,hela
LM_3CR_A3Iso9C11,LM_3CR_A3,LM_3CR_C11,LM_3CR_Iso9,No,HeLa,hela
LM_3CR_A3Iso10C11,LM_3CR_A3,LM_3CR_C11,LM_3CR_Iso10,No,HeLa,hela
LM_3CR_A3Iso1C10,LM_3CR_A3,LM_3CR_C10,LM_3CR_Iso1,No,HeLa,hela
LM_3CR_A3Iso2C10,LM_3CR_A3,LM_3CR_C10,LM_3CR_Iso2,No,HeLa,hela
LM_3CR_A3Iso3C10,LM_3CR_A3,LM_3CR_C10,LM_3CR_Iso3,No,HeLa,hela
LM_3CR_A3Iso4C10,LM_3CR_A3,LM_3CR_C10,LM_3CR_Iso4,No,HeLa,hela
LM_3CR_A3Iso5C10,LM_3CR_A3,LM_3CR_C10,LM_3CR_Iso5,No,HeLa,hela
LM_3CR_A3Iso6C10,LM_3CR_A3,LM_3CR_C10,LM_3CR_Iso6,No,HeLa,hela
LM_3CR_A3Iso7C10,LM_3CR_A3,LM_3CR_C10,LM_3CR_Iso7,No,HeLa,hela
LM_3CR_A3Iso8C10,LM_3CR_A3,LM_3CR_C10,LM_3CR_Iso8,No,HeLa,hela
LM_3CR_A3Iso9C10,LM_3CR_A3,LM_3CR_C10,LM_3CR_Iso9,No,HeLa,hela
LM_3CR_A3Iso10C10,LM_3CR_A3,LM_3CR_C10,LM_3CR_Iso10,No,HeLa,hela
LM_3CR_A3Iso1C9,LM_3CR_A3,LM_3CR_C9,LM_3CR_Iso1,No,HeLa,hela
LM_3CR_A3Iso2C9,LM_3CR_A3,LM_3CR_C9,LM_3CR_Iso2,No,HeLa,hela
LM_3CR_A3Iso3C9,LM_3CR_A3,LM_3CR_C9,LM_3CR_Iso3,No,HeLa,hela
LM_3CR_A3Iso4C9,LM_3CR_A3,LM_3CR_C9,LM_3CR_Iso4,No,HeLa,hela
LM_3CR_A3Iso5C9,LM_3CR_A3,LM_3CR_C9,LM_3CR_Iso5,No,HeLa,hela
LM_3CR_A3Iso6C9,LM_3CR_A3,LM_3CR_C9,LM_3CR_Iso6,No,HeLa,hela
LM_3CR_A3Iso7C9,LM_3CR_A3,LM_3CR_C9,LM_3CR_Iso7,No,HeLa,hela
LM_3CR_A3Iso8C9,LM_3CR_A3,LM_3CR_C9,LM_3CR_Iso8,No,HeLa,hela
LM_3CR_A3Iso9C9,LM_3CR_A3,LM_3CR_C9,LM_3CR_Iso9,No,HeLa,hela
LM_3CR_A3Iso10C9,LM_3CR_A3,LM_3CR_C9,LM_3CR_Iso10,No,HeLa,hela
LM_3CR_A3Iso1C8,LM_3CR_A3,LM_3CR_C8,LM_3CR_Iso1,No,HeLa,hela
LM_3CR_A3Iso2C8,LM_3CR_A3,LM_3CR_C8,LM_3CR_Iso2,No,HeLa,hela
LM_3CR_A3Iso3C8,LM_3CR_A3,LM_3CR_C8,LM_3CR_Iso3,No,HeLa,hela
LM_3CR_A3Iso4C8,LM_3CR_A3,LM_3CR_C8,LM_3CR_Iso4,No,HeLa,hela
LM_3CR_A3Iso5C8,LM_3CR_A3,LM_3CR_C8,LM_3CR_Iso5,No,HeLa,hela
LM_3CR_A3Iso6C8,LM_3CR_A3,LM_3CR_C8,LM_3CR_Iso6,No,HeLa,hela
LM_3CR_A3Iso7C8,LM_3CR_A3,LM_3CR_C8,LM_3CR_Iso7,No,HeLa,hela
LM_3CR_A3Iso8C8,LM_3CR_A3,LM_3CR_C8,LM_3CR_Iso8,No,HeLa,hela
LM_3CR_A3Iso9C8,LM_3CR_A3,LM_3CR_C8,LM_3CR_Iso9,No,HeLa,hela
LM_3CR_A3Iso10C8,LM_3CR_A3,LM_3CR_C8,LM_3CR_Iso10,No,HeLa,hela
LM_3CR_A3Iso1C7,LM_3CR_A3,LM_3CR_C7,LM_3CR_Iso1,No,HeLa,hela
LM_3CR_A3Iso2C7,LM_3CR_A3,LM_3CR_C7,LM_3CR_Iso2,No,HeLa,hela
LM_3CR_A3Iso3C7,LM_3CR_A3,LM_3CR_C7,LM_3CR_Iso3,No,HeLa,hela
LM_3CR_A3Iso4C7,LM_3CR_A3,LM_3CR_C7,LM_3CR_Iso4,No,HeLa,hela
LM_3CR_A3Iso5C7,LM_3CR_A3,LM_3CR_C7,LM_3CR_Iso5,No,HeLa,hela
LM_3CR_A3Iso6C7,LM_3CR_A3,LM_3CR_C7,LM_3CR_Iso6,No,HeLa,hela
LM_3CR_A3Iso7C7,LM_3CR_A3,LM_3CR_C7,LM_3CR_Iso7,No,HeLa,hela
LM_3CR_A3Iso8C7,LM_3CR_A3,LM_3CR_C7,LM_3CR_Iso8,No,HeLa,hela
LM_3CR_A3Iso9C7,LM_3CR_A3,LM_3CR_C7,LM_3CR_Iso9,No,HeLa,hela
LM_3CR_A3Iso10C7,LM_3CR_A3,LM_3CR_C7,LM_3CR_Iso10,No,HeLa,hela
LM_3CR_A3Iso1CC7,LM_3CR_A3,LM_3CR_CC7,LM_3CR_Iso1,No,HeLa,hela
LM_3CR_A3Iso2CC7,LM_3CR_A3,LM_3CR_CC7,LM_3CR_Iso2,No,HeLa,hela
LM_3CR_A3Iso3CC7,LM_3CR_A3,LM_3CR_CC7,LM_3CR_Iso3,No,HeLa,hela
LM_3CR_A3Iso4CC7,LM_3CR_A3,LM_3CR_CC7,LM_3CR_Iso4,No,HeLa,hela
LM_3CR_A3Iso5CC7,LM_3CR_A3,LM_3CR_CC7,LM_3CR_Iso5,No,HeLa,hela
LM_3CR_A3Iso6CC7,LM_3CR_A3,LM_3CR_CC7,LM_3CR_Iso6,No,HeLa,hela
LM_3CR_A3Iso7CC7,LM_3CR_A3,LM_3CR_CC7,LM_3CR_Iso7,No,HeLa,hela
LM_3CR_A3Iso8CC7,LM_3CR_A3,LM_3CR_CC7,LM_3CR_Iso8,No,HeLa,hela
LM_3CR_A3Iso9CC7,LM_3CR_A3,LM_3CR_CC7,LM_3CR_Iso9,No,HeLa,hela
LM_3CR_A3Iso10CC7,LM_3CR_A3,LM_3CR_CC7,LM_3CR_Iso10,No,HeLa,hela
LM_3CR_A3Iso1CC6,LM_3CR_A3,LM_3CR_CC6,LM_3CR_Iso1,No,HeLa,hela
LM_3CR_A3Iso2CC6,LM_3CR_A3,LM_3CR_CC6,LM_3CR_Iso2,No,HeLa,hela
LM_3CR_A3Iso3CC6,LM_3CR_A3,LM_3CR_CC6,LM_3CR_Iso3,No,HeLa,hela
LM_3CR_A3Iso4CC6,LM_3CR_A3,LM_3CR_CC6,LM_3CR_Iso4,No,HeLa,hela
LM_3CR_A3Iso5CC6,LM_3CR_A3,LM_3CR_CC6,LM_3CR_Iso5,No,HeLa,hela
LM_3CR_A3Iso6CC6,LM_3CR_A3,LM_3CR_CC6,LM_3CR_Iso6,No,HeLa,hela
LM_3CR_A3Iso7CC6,LM_3CR_A3,LM_3CR_CC6,LM_3CR_Iso7,No,HeLa,hela
LM_3CR_A3Iso8CC6,LM_3CR_A3,LM_3CR_CC6,LM_3CR_Iso8,No,HeLa,hela
LM_3CR_A3Iso9CC6,LM_3CR_A3,LM_3CR_CC6,LM_3CR_Iso9,No,HeLa,hela
LM_3CR_A3Iso10CC6,LM_3CR_A3,LM_3CR_CC6,LM_3CR_Iso10,No,HeLa,hela
LM_3CR_A3Iso1C6,LM_3CR_A3,LM_3CR_C6,LM_3CR_Iso1,No,HeLa,hela
LM_3CR_A3Iso2C6,LM_3CR_A3,LM_3CR_C6,LM_3CR_Iso2,No,HeLa,hela
LM_3CR_A3Iso3C6,LM_3CR_A3,LM_3CR_C6,LM_3CR_Iso3,No,HeLa,hela
LM_3CR_A3Iso4C6,LM_3CR_A3,LM_3CR_C6,LM_3CR_Iso4,No,HeLa,hela
LM_3CR_A3Iso5C6,LM_3CR_A3,LM_3CR_C6,LM_3CR_Iso5,No,HeLa,hela
LM_3CR_A3Iso6C6,LM_3CR_A3,LM_3CR_C6,LM_3CR_Iso6,No,HeLa,hela
LM_3CR_A3Iso7C6,LM_3CR_A3,LM_3CR_C6,LM_3CR_Iso7,No,HeLa,hela
LM_3CR_A3Iso8C6,LM_3CR_A3,LM_3CR_C6,LM_3CR_Iso8,No,HeLa,hela
LM_3CR_A3Iso9C6,LM_3CR_A3,LM_3CR_C6,LM_3CR_Iso9,No,HeLa,hela
LM_3CR_A3Iso10C6,LM_3CR_A3,LM_3CR_C6,LM_3CR_Iso10,No,HeLa,hela
LM_3CR_A4Iso12DC18,LM_3CR_A4,LM_3CR_2DC18,LM_3CR_Iso1,No,HeLa,hela
LM_3CR_A4Iso22DC18,LM_3CR_A4,LM_3CR_2DC18,LM_3CR_Iso2,No,HeLa,hela
LM_3CR_A4Iso32DC18,LM_3CR_A4,LM_3CR_2DC18,LM_3CR_Iso3,No,HeLa,hela
LM_3CR_A4Iso42DC18,LM_3CR_A4,LM_3CR_2DC18,LM_3CR_Iso4,No,HeLa,hela
LM_3CR_A4Iso72DC18,LM_3CR_A4,LM_3CR_2DC18,LM_3CR_Iso7,No,HeLa,hela
LM_3CR_A4Iso82DC18,LM_3CR_A4,LM_3CR_2DC18,LM_3CR_Iso8,No,HeLa,hela
LM_3CR_A4Iso102DC18,LM_3CR_A4,LM_3CR_2DC18,LM_3CR_Iso10,No,HeLa,hela
LM_3CR_A4Iso1C11,LM_3CR_A4,LM_3CR_C11,LM_3CR_Iso1,No,HeLa,hela
LM_3CR_A4Iso2C11,LM_3CR_A4,LM_3CR_C11,LM_3CR_Iso2,No,HeLa,hela
LM_3CR_A4Iso3C11,LM_3CR_A4,LM_3CR_C11,LM_3CR_Iso3,No,HeLa,hela
LM_3CR_A4Iso4C11,LM_3CR_A4,LM_3CR_C11,LM_3CR_Iso4,No,HeLa,hela
LM_3CR_A4Iso5C11,LM_3CR_A4,LM_3CR_C11,LM_3CR_Iso5,No,HeLa,hela
LM_3CR_A4Iso6C11,LM_3CR_A4,LM_3CR_C11,LM_3CR_Iso6,No,HeLa,hela
LM_3CR_A4Iso7C11,LM_3CR_A4,LM_3CR_C11,LM_3CR_Iso7,No,HeLa,hela
LM_3CR_A4Iso8C11,LM_3CR_A4,LM_3CR_C11,LM_3CR_Iso8,No,HeLa,hela
LM_3CR_A4Iso9C11,LM_3CR_A4,LM_3CR_C11,LM_3CR_Iso9,No,HeLa,hela
LM_3CR_A4Iso10C11,LM_3CR_A4,LM_3CR_C11,LM_3CR_Iso10,No,HeLa,hela
LM_3CR_A4Iso1C10,LM_3CR_A4,LM_3CR_C10,LM_3CR_Iso1,No,HeLa,hela
LM_3CR_A4Iso2C10,LM_3CR_A4,LM_3CR_C10,LM_3CR_Iso2,No,HeLa,hela
LM_3CR_A4Iso3C10,LM_3CR_A4,LM_3CR_C10,LM_3CR_Iso3,No,HeLa,hela
LM_3CR_A4Iso4C10,LM_3CR_A4,LM_3CR_C10,LM_3CR_Iso4,No,HeLa,hela
LM_3CR_A4Iso5C10,LM_3CR_A4,LM_3CR_C10,LM_3CR_Iso5,No,HeLa,hela
LM_3CR_A4Iso6C10,LM_3CR_A4,LM_3CR_C10,LM_3CR_Iso6,No,HeLa,hela
LM_3CR_A4Iso7C10,LM_3CR_A4,LM_3CR_C10,LM_3CR_Iso7,No,HeLa,hela
LM_3CR_A4Iso8C10,LM_3CR_A4,LM_3CR_C10,LM_3CR_Iso8,No,HeLa,hela
LM_3CR_A4Iso9C10,LM_3CR_A4,LM_3CR_C10,LM_3CR_Iso9,No,HeLa,hela
LM_3CR_A4Iso10C10,LM_3CR_A4,LM_3CR_C10,LM_3CR_Iso10,No,HeLa,hela
LM_3CR_A4Iso1C9,LM_3CR_A4,LM_3CR_C9,LM_3CR_Iso1,No,HeLa,hela
LM_3CR_A4Iso2C9,LM_3CR_A4,LM_3CR_C9,LM_3CR_Iso2,No,HeLa,hela
LM_3CR_A4Iso3C9,LM_3CR_A4,LM_3CR_C9,LM_3CR_Iso3,No,HeLa,hela
LM_3CR_A4Iso4C9,LM_3CR_A4,LM_3CR_C9,LM_3CR_Iso4,No,HeLa,hela
LM_3CR_A4Iso5C9,LM_3CR_A4,LM_3CR_C9,LM_3CR_Iso5,No,HeLa,hela
LM_3CR_A4Iso6C9,LM_3CR_A4,LM_3CR_C9,LM_3CR_Iso6,No,HeLa,hela
LM_3CR_A4Iso7C9,LM_3CR_A4,LM_3CR_C9,LM_3CR_Iso7,No,HeLa,hela
LM_3CR_A4Iso8C9,LM_3CR_A4,LM_3CR_C9,LM_3CR_Iso8,No,HeLa,hela
LM_3CR_A4Iso9C9,LM_3CR_A4,LM_3CR_C9,LM_3CR_Iso9,No,HeLa,hela
LM_3CR_A4Iso10C9,LM_3CR_A4,LM_3CR_C9,LM_3CR_Iso10,No,HeLa,hela
LM_3CR_A4Iso1C8,LM_3CR_A4,LM_3CR_C8,LM_3CR_Iso1,No,HeLa,hela
LM_3CR_A4Iso2C8,LM_3CR_A4,LM_3CR_C8,LM_3CR_Iso2,No,HeLa,hela
LM_3CR_A4Iso3C8,LM_3CR_A4,LM_3CR_C8,LM_3CR_Iso3,No,HeLa,hela
LM_3CR_A4Iso4C8,LM_3CR_A4,LM_3CR_C8,LM_3CR_Iso4,No,HeLa,hela
LM_3CR_A4Iso5C8,LM_3CR_A4,LM_3CR_C8,LM_3CR_Iso5,No,HeLa,hela
LM_3CR_A4Iso6C8,LM_3CR_A4,LM_3CR_C8,LM_3CR_Iso6,No,HeLa,hela
LM_3CR_A4Iso7C8,LM_3CR_A4,LM_3CR_C8,LM_3CR_Iso7,No,HeLa,hela
LM_3CR_A4Iso8C8,LM_3CR_A4,LM_3CR_C8,LM_3CR_Iso8,No,HeLa,hela
LM_3CR_A4Iso9C8,LM_3CR_A4,LM_3CR_C8,LM_3CR_Iso9,No,HeLa,hela
LM_3CR_A4Iso10C8,LM_3CR_A4,LM_3CR_C8,LM_3CR_Iso10,No,HeLa,hela
LM_3CR_A4Iso1C7,LM_3CR_A4,LM_3CR_C7,LM_3CR_Iso1,No,HeLa,hela
LM_3CR_A4Iso2C7,LM_3CR_A4,LM_3CR_C7,LM_3CR_Iso2,No,HeLa,hela
LM_3CR_A4Iso3C7,LM_3CR_A4,LM_3CR_C7,LM_3CR_Iso3,No,HeLa,hela
LM_3CR_A4Iso4C7,LM_3CR_A4,LM_3CR_C7,LM_3CR_Iso4,No,HeLa,hela
LM_3CR_A4Iso5C7,LM_3CR_A4,LM_3CR_C7,LM_3CR_Iso5,No,HeLa,hela
LM_3CR_A4Iso6C7,LM_3CR_A4,LM_3CR_C7,LM_3CR_Iso6,No,HeLa,hela
LM_3CR_A4Iso7C7,LM_3CR_A4,LM_3CR_C7,LM_3CR_Iso7,No,HeLa,hela
LM_3CR_A4Iso8C7,LM_3CR_A4,LM_3CR_C7,LM_3CR_Iso8,No,HeLa,hela
LM_3CR_A4Iso9C7,LM_3CR_A4,LM_3CR_C7,LM_3CR_Iso9,No,HeLa,hela
LM_3CR_A4Iso10C7,LM_3CR_A4,LM_3CR_C7,LM_3CR_Iso10,No,HeLa,hela
LM_3CR_A4Iso1CC7,LM_3CR_A4,LM_3CR_CC7,LM_3CR_Iso1,No,HeLa,hela
LM_3CR_A4Iso2CC7,LM_3CR_A4,LM_3CR_CC7,LM_3CR_Iso2,No,HeLa,hela
LM_3CR_A4Iso3CC7,LM_3CR_A4,LM_3CR_CC7,LM_3CR_Iso3,No,HeLa,hela
LM_3CR_A4Iso4CC7,LM_3CR_A4,LM_3CR_CC7,LM_3CR_Iso4,No,HeLa,hela
LM_3CR_A4Iso5CC7,LM_3CR_A4,LM_3CR_CC7,LM_3CR_Iso5,No,HeLa,hela
LM_3CR_A4Iso6CC7,LM_3CR_A4,LM_3CR_CC7,LM_3CR_Iso6,No,HeLa,hela
LM_3CR_A4Iso7CC7,LM_3CR_A4,LM_3CR_CC7,LM_3CR_Iso7,No,HeLa,hela
LM_3CR_A4Iso8CC7,LM_3CR_A4,LM_3CR_CC7,LM_3CR_Iso8,No,HeLa,hela
LM_3CR_A4Iso9CC7,LM_3CR_A4,LM_3CR_CC7,LM_3CR_Iso9,No,HeLa,hela
LM_3CR_A4Iso10CC7,LM_3CR_A4,LM_3CR_CC7,LM_3CR_Iso10,No,HeLa,hela
LM_3CR_A4Iso1CC6,LM_3CR_A4,LM_3CR_CC6,LM_3CR_Iso1,No,HeLa,hela
LM_3CR_A4Iso2CC6,LM_3CR_A4,LM_3CR_CC6,LM_3CR_Iso2,No,HeLa,hela
LM_3CR_A4Iso3CC6,LM_3CR_A4,LM_3CR_CC6,LM_3CR_Iso3,No,HeLa,hela
LM_3CR_A4Iso4CC6,LM_3CR_A4,LM_3CR_CC6,LM_3CR_Iso4,No,HeLa,hela
LM_3CR_A4Iso5CC6,LM_3CR_A4,LM_3CR_CC6,LM_3CR_Iso5,No,HeLa,hela
LM_3CR_A4Iso6CC6,LM_3CR_A4,LM_3CR_CC6,LM_3CR_Iso6,No,HeLa,hela
LM_3CR_A4Iso7CC6,LM_3CR_A4,LM_3CR_CC6,LM_3CR_Iso7,No,HeLa,hela
LM_3CR_A4Iso8CC6,LM_3CR_A4,LM_3CR_CC6,LM_3CR_Iso8,No,HeLa,hela
LM_3CR_A4Iso9CC6,LM_3CR_A4,LM_3CR_CC6,LM_3CR_Iso9,No,HeLa,hela
LM_3CR_A4Iso10CC6,LM_3CR_A4,LM_3CR_CC6,LM_3CR_Iso10,No,HeLa,hela
LM_3CR_A4Iso1C6,LM_3CR_A4,LM_3CR_C6,LM_3CR_Iso1,No,HeLa,hela
LM_3CR_A4Iso2C6,LM_3CR_A4,LM_3CR_C6,LM_3CR_Iso2,No,HeLa,hela
LM_3CR_A4Iso3C6,LM_3CR_A4,LM_3CR_C6,LM_3CR_Iso3,No,HeLa,hela
LM_3CR_A4Iso4C6,LM_3CR_A4,LM_3CR_C6,LM_3CR_Iso4,No,HeLa,hela
LM_3CR_A4Iso5C6,LM_3CR_A4,LM_3CR_C6,LM_3CR_Iso5,No,HeLa,hela
LM_3CR_A4Iso6C6,LM_3CR_A4,LM_3CR_C6,LM_3CR_Iso6,No,HeLa,hela
LM_3CR_A4Iso7C6,LM_3CR_A4,LM_3CR_C6,LM_3CR_Iso7,No,HeLa,hela
LM_3CR_A4Iso8C6,LM_3CR_A4,LM_3CR_C6,LM_3CR_Iso8,No,HeLa,hela
LM_3CR_A4Iso9C6,LM_3CR_A4,LM_3CR_C6,LM_3CR_Iso9,No,HeLa,hela
LM_3CR_A4Iso10C6,LM_3CR_A4,LM_3CR_C6,LM_3CR_Iso10,No,HeLa,hela
LM_3CR_A5Iso12DC18,LM_3CR_A5,LM_3CR_2DC18,LM_3CR_Iso1,No,HeLa,hela
LM_3CR_A5Iso22DC18,LM_3CR_A5,LM_3CR_2DC18,LM_3CR_Iso2,No,HeLa,hela
LM_3CR_A5Iso32DC18,LM_3CR_A5,LM_3CR_2DC18,LM_3CR_Iso3,No,HeLa,hela
LM_3CR_A5Iso42DC18,LM_3CR_A5,LM_3CR_2DC18,LM_3CR_Iso4,Yes,HeLa,hela
LM_3CR_A5Iso72DC18,LM_3CR_A5,LM_3CR_2DC18,LM_3CR_Iso7,Yes,HeLa,hela
LM_3CR_A5Iso82DC18,LM_3CR_A5,LM_3CR_2DC18,LM_3CR_Iso8,Yes,HeLa,hela
LM_3CR_A5Iso102DC18,LM_3CR_A5,LM_3CR_2DC18,LM_3CR_Iso10,No,HeLa,hela
LM_3CR_A5Iso1C11,LM_3CR_A5,LM_3CR_C11,LM_3CR_Iso1,No,HeLa,hela
LM_3CR_A5Iso2C11,LM_3CR_A5,LM_3CR_C11,LM_3CR_Iso2,No,HeLa,hela
LM_3CR_A5Iso3C11,LM_3CR_A5,LM_3CR_C11,LM_3CR_Iso3,No,HeLa,hela
LM_3CR_A5Iso4C11,LM_3CR_A5,LM_3CR_C11,LM_3CR_Iso4,Yes,HeLa,hela
LM_3CR_A5Iso5C11,LM_3CR_A5,LM_3CR_C11,LM_3CR_Iso5,Yes,HeLa,hela
LM_3CR_A5Iso6C11,LM_3CR_A5,LM_3CR_C11,LM_3CR_Iso6,Yes,HeLa,hela
LM_3CR_A5Iso7C11,LM_3CR_A5,LM_3CR_C11,LM_3CR_Iso7,Yes,HeLa,hela
LM_3CR_A5Iso8C11,LM_3CR_A5,LM_3CR_C11,LM_3CR_Iso8,Yes,HeLa,hela
LM_3CR_A5Iso9C11,LM_3CR_A5,LM_3CR_C11,LM_3CR_Iso9,No,HeLa,hela
LM_3CR_A5Iso10C11,LM_3CR_A5,LM_3CR_C11,LM_3CR_Iso10,No,HeLa,hela
LM_3CR_A5Iso1C10,LM_3CR_A5,LM_3CR_C10,LM_3CR_Iso1,No,HeLa,hela
LM_3CR_A5Iso2C10,LM_3CR_A5,LM_3CR_C10,LM_3CR_Iso2,No,HeLa,hela
LM_3CR_A5Iso3C10,LM_3CR_A5,LM_3CR_C10,LM_3CR_Iso3,No,HeLa,hela
LM_3CR_A5Iso4C10,LM_3CR_A5,LM_3CR_C10,LM_3CR_Iso4,Yes,HeLa,hela
LM_3CR_A5Iso5C10,LM_3CR_A5,LM_3CR_C10,LM_3CR_Iso5,Yes,HeLa,hela
LM_3CR_A5Iso6C10,LM_3CR_A5,LM_3CR_C10,LM_3CR_Iso6,Yes,HeLa,hela
LM_3CR_A5Iso7C10,LM_3CR_A5,LM_3CR_C10,LM_3CR_Iso7,Yes,HeLa,hela
LM_3CR_A5Iso8C10,LM_3CR_A5,LM_3CR_C10,LM_3CR_Iso8,Yes,HeLa,hela
LM_3CR_A5Iso9C10,LM_3CR_A5,LM_3CR_C10,LM_3CR_Iso9,No,HeLa,hela
LM_3CR_A5Iso10C10,LM_3CR_A5,LM_3CR_C10,LM_3CR_Iso10,No,HeLa,hela
LM_3CR_A5Iso1C9,LM_3CR_A5,LM_3CR_C9,LM_3CR_Iso1,No,HeLa,hela
LM_3CR_A5Iso2C9,LM_3CR_A5,LM_3CR_C9,LM_3CR_Iso2,No,HeLa,hela
LM_3CR_A5Iso3C9,LM_3CR_A5,LM_3CR_C9,LM_3CR_Iso3,No,HeLa,hela
LM_3CR_A5Iso4C9,LM_3CR_A5,LM_3CR_C9,LM_3CR_Iso4,Yes,HeLa,hela
LM_3CR_A5Iso5C9,LM_3CR_A5,LM_3CR_C9,LM_3CR_Iso5,Yes,HeLa,hela
LM_3CR_A5Iso6C9,LM_3CR_A5,LM_3CR_C9,LM_3CR_Iso6,Yes,HeLa,hela
LM_3CR_A5Iso7C9,LM_3CR_A5,LM_3CR_C9,LM_3CR_Iso7,Yes,HeLa,hela
LM_3CR_A5Iso8C9,LM_3CR_A5,LM_3CR_C9,LM_3CR_Iso8,Yes,HeLa,hela
LM_3CR_A5Iso9C9,LM_3CR_A5,LM_3CR_C9,LM_3CR_Iso9,No,HeLa,hela
LM_3CR_A5Iso10C9,LM_3CR_A5,LM_3CR_C9,LM_3CR_Iso10,No,HeLa,hela
LM_3CR_A5Iso1C8,LM_3CR_A5,LM_3CR_C8,LM_3CR_Iso1,No,HeLa,hela
LM_3CR_A5Iso2C8,LM_3CR_A5,LM_3CR_C8,LM_3CR_Iso2,No,HeLa,hela
LM_3CR_A5Iso3C8,LM_3CR_A5,LM_3CR_C8,LM_3CR_Iso3,No,HeLa,hela
LM_3CR_A5Iso4C8,LM_3CR_A5,LM_3CR_C8,LM_3CR_Iso4,Yes,HeLa,hela
LM_3CR_A5Iso5C8,LM_3CR_A5,LM_3CR_C8,LM_3CR_Iso5,Yes,HeLa,hela
LM_3CR_A5Iso6C8,LM_3CR_A5,LM_3CR_C8,LM_3CR_Iso6,Yes,HeLa,hela
LM_3CR_A5Iso7C8,LM_3CR_A5,LM_3CR_C8,LM_3CR_Iso7,Yes,HeLa,hela
LM_3CR_A5Iso8C8,LM_3CR_A5,LM_3CR_C8,LM_3CR_Iso8,Yes,HeLa,hela
LM_3CR_A5Iso9C8,LM_3CR_A5,LM_3CR_C8,LM_3CR_Iso9,No,HeLa,hela
LM_3CR_A5Iso10C8,LM_3CR_A5,LM_3CR_C8,LM_3CR_Iso10,No,HeLa,hela
LM_3CR_A5Iso1C7,LM_3CR_A5,LM_3CR_C7,LM_3CR_Iso1,No,HeLa,hela
LM_3CR_A5Iso2C7,LM_3CR_A5,LM_3CR_C7,LM_3CR_Iso2,No,HeLa,hela
LM_3CR_A5Iso3C7,LM_3CR_A5,LM_3CR_C7,LM_3CR_Iso3,No,HeLa,hela
LM_3CR_A5Iso4C7,LM_3CR_A5,LM_3CR_C7,LM_3CR_Iso4,Yes,HeLa,hela
LM_3CR_A5Iso5C7,LM_3CR_A5,LM_3CR_C7,LM_3CR_Iso5,Yes,HeLa,hela
LM_3CR_A5Iso6C7,LM_3CR_A5,LM_3CR_C7,LM_3CR_Iso6,Yes,HeLa,hela
LM_3CR_A5Iso7C7,LM_3CR_A5,LM_3CR_C7,LM_3CR_Iso7,Yes,HeLa,hela
LM_3CR_A5Iso8C7,LM_3CR_A5,LM_3CR_C7,LM_3CR_Iso8,Yes,HeLa,hela
LM_3CR_A5Iso9C7,LM_3CR_A5,LM_3CR_C7,LM_3CR_Iso9,No,HeLa,hela
LM_3CR_A5Iso10C7,LM_3CR_A5,LM_3CR_C7,LM_3CR_Iso10,No,HeLa,hela
LM_3CR_A5Iso1CC7,LM_3CR_A5,LM_3CR_CC7,LM_3CR_Iso1,No,HeLa,hela
LM_3CR_A5Iso2CC7,LM_3CR_A5,LM_3CR_CC7,LM_3CR_Iso2,No,HeLa,hela
LM_3CR_A5Iso3CC7,LM_3CR_A5,LM_3CR_CC7,LM_3CR_Iso3,No,HeLa,hela
LM_3CR_A5Iso4CC7,LM_3CR_A5,LM_3CR_CC7,LM_3CR_Iso4,Yes,HeLa,hela
LM_3CR_A5Iso5CC7,LM_3CR_A5,LM_3CR_CC7,LM_3CR_Iso5,Yes,HeLa,hela
LM_3CR_A5Iso6CC7,LM_3CR_A5,LM_3CR_CC7,LM_3CR_Iso6,Yes,HeLa,hela
LM_3CR_A5Iso7CC7,LM_3CR_A5,LM_3CR_CC7,LM_3CR_Iso7,Yes,HeLa,hela
LM_3CR_A5Iso8CC7,LM_3CR_A5,LM_3CR_CC7,LM_3CR_Iso8,Yes,HeLa,hela
LM_3CR_A5Iso9CC7,LM_3CR_A5,LM_3CR_CC7,LM_3CR_Iso9,No,HeLa,hela
LM_3CR_A5Iso10CC7,LM_3CR_A5,LM_3CR_CC7,LM_3CR_Iso10,No,HeLa,hela
LM_3CR_A5Iso1CC6,LM_3CR_A5,LM_3CR_CC6,LM_3CR_Iso1,No,HeLa,hela
LM_3CR_A5Iso2CC6,LM_3CR_A5,LM_3CR_CC6,LM_3CR_Iso2,No,HeLa,hela
LM_3CR_A5Iso3CC6,LM_3CR_A5,LM_3CR_CC6,LM_3CR_Iso3,No,HeLa,hela
LM_3CR_A5Iso4CC6,LM_3CR_A5,LM_3CR_CC6,LM_3CR_Iso4,Yes,HeLa,hela
LM_3CR_A5Iso5CC6,LM_3CR_A5,LM_3CR_CC6,LM_3CR_Iso5,Yes,HeLa,hela
LM_3CR_A5Iso6CC6,LM_3CR_A5,LM_3CR_CC6,LM_3CR_Iso6,Yes,HeLa,hela
LM_3CR_A5Iso7CC6,LM_3CR_A5,LM_3CR_CC6,LM_3CR_Iso7,Yes,HeLa,hela
LM_3CR_A5Iso8CC6,LM_3CR_A5,LM_3CR_CC6,LM_3CR_Iso8,Yes,HeLa,hela
LM_3CR_A5Iso9CC6,LM_3CR_A5,LM_3CR_CC6,LM_3CR_Iso9,No,HeLa,hela
LM_3CR_A5Iso10CC6,LM_3CR_A5,LM_3CR_CC6,LM_3CR_Iso10,No,HeLa,hela
LM_3CR_A5Iso1C6,LM_3CR_A5,LM_3CR_C6,LM_3CR_Iso1,No,HeLa,hela
LM_3CR_A5Iso2C6,LM_3CR_A5,LM_3CR_C6,LM_3CR_Iso2,No,HeLa,hela
LM_3CR_A5Iso3C6,LM_3CR_A5,LM_3CR_C6,LM_3CR_Iso3,No,HeLa,hela
LM_3CR_A5Iso4C6,LM_3CR_A5,LM_3CR_C6,LM_3CR_Iso4,Yes,HeLa,hela
LM_3CR_A5Iso5C6,LM_3CR_A5,LM_3CR_C6,LM_3CR_Iso5,Yes,HeLa,hela
LM_3CR_A5Iso6C6,LM_3CR_A5,LM_3CR_C6,LM_3CR_Iso6,Yes,HeLa,hela
LM_3CR_A5Iso7C6,LM_3CR_A5,LM_3CR_C6,LM_3CR_Iso7,Yes,HeLa,hela
LM_3CR_A5Iso8C6,LM_3CR_A5,LM_3CR_C6,LM_3CR_Iso8,Yes,HeLa,hela
LM_3CR_A5Iso9C6,LM_3CR_A5,LM_3CR_C6,LM_3CR_Iso9,No,HeLa,hela
LM_3CR_A5Iso10C6,LM_3CR_A5,LM_3CR_C6,LM_3CR_Iso10,No,HeLa,hela
LM_3CR_A6Iso12DC18,LM_3CR_A6,LM_3CR_2DC18,LM_3CR_Iso1,No,HeLa,hela
LM_3CR_A6Iso22DC18,LM_3CR_A6,LM_3CR_2DC18,LM_3CR_Iso2,No,HeLa,hela
LM_3CR_A6Iso32DC18,LM_3CR_A6,LM_3CR_2DC18,LM_3CR_Iso3,No,HeLa,hela
LM_3CR_A6Iso42DC18,LM_3CR_A6,LM_3CR_2DC18,LM_3CR_Iso4,No,HeLa,hela
LM_3CR_A6Iso72DC18,LM_3CR_A6,LM_3CR_2DC18,LM_3CR_Iso7,No,HeLa,hela
LM_3CR_A6Iso82DC18,LM_3CR_A6,LM_3CR_2DC18,LM_3CR_Iso8,No,HeLa,hela
LM_3CR_A6Iso102DC18,LM_3CR_A6,LM_3CR_2DC18,LM_3CR_Iso10,No,HeLa,hela
LM_3CR_A6Iso1C11,LM_3CR_A6,LM_3CR_C11,LM_3CR_Iso1,No,HeLa,hela
LM_3CR_A6Iso2C11,LM_3CR_A6,LM_3CR_C11,LM_3CR_Iso2,No,HeLa,hela
LM_3CR_A6Iso3C11,LM_3CR_A6,LM_3CR_C11,LM_3CR_Iso3,No,HeLa,hela
LM_3CR_A6Iso4C11,LM_3CR_A6,LM_3CR_C11,LM_3CR_Iso4,No,HeLa,hela
LM_3CR_A6Iso5C11,LM_3CR_A6,LM_3CR_C11,LM_3CR_Iso5,No,HeLa,hela
LM_3CR_A6Iso6C11,LM_3CR_A6,LM_3CR_C11,LM_3CR_Iso6,No,HeLa,hela
LM_3CR_A6Iso7C11,LM_3CR_A6,LM_3CR_C11,LM_3CR_Iso7,No,HeLa,hela
LM_3CR_A6Iso8C11,LM_3CR_A6,LM_3CR_C11,LM_3CR_Iso8,No,HeLa,hela
LM_3CR_A6Iso9C11,LM_3CR_A6,LM_3CR_C11,LM_3CR_Iso9,No,HeLa,hela
LM_3CR_A6Iso10C11,LM_3CR_A6,LM_3CR_C11,LM_3CR_Iso10,No,HeLa,hela
LM_3CR_A6Iso1C10,LM_3CR_A6,LM_3CR_C10,LM_3CR_Iso1,No,HeLa,hela
LM_3CR_A6Iso2C10,LM_3CR_A6,LM_3CR_C10,LM_3CR_Iso2,No,HeLa,hela
LM_3CR_A6Iso3C10,LM_3CR_A6,LM_3CR_C10,LM_3CR_Iso3,No,HeLa,hela
LM_3CR_A6Iso4C10,LM_3CR_A6,LM_3CR_C10,LM_3CR_Iso4,No,HeLa,hela
LM_3CR_A6Iso5C10,LM_3CR_A6,LM_3CR_C10,LM_3CR_Iso5,No,HeLa,hela
LM_3CR_A6Iso6C10,LM_3CR_A6,LM_3CR_C10,LM_3CR_Iso6,No,HeLa,hela
LM_3CR_A6Iso7C10,LM_3CR_A6,LM_3CR_C10,LM_3CR_Iso7,No,HeLa,hela
LM_3CR_A6Iso8C10,LM_3CR_A6,LM_3CR_C10,LM_3CR_Iso8,No,HeLa,hela
LM_3CR_A6Iso9C10,LM_3CR_A6,LM_3CR_C10,LM_3CR_Iso9,No,HeLa,hela
LM_3CR_A6Iso10C10,LM_3CR_A6,LM_3CR_C10,LM_3CR_Iso10,No,HeLa,hela
LM_3CR_A6Iso1C9,LM_3CR_A6,LM_3CR_C9,LM_3CR_Iso1,No,HeLa,hela
LM_3CR_A6Iso2C9,LM_3CR_A6,LM_3CR_C9,LM_3CR_Iso2,No,HeLa,hela
LM_3CR_A6Iso3C9,LM_3CR_A6,LM_3CR_C9,LM_3CR_Iso3,No,HeLa,hela
LM_3CR_A6Iso4C9,LM_3CR_A6,LM_3CR_C9,LM_3CR_Iso4,No,HeLa,hela
LM_3CR_A6Iso5C9,LM_3CR_A6,LM_3CR_C9,LM_3CR_Iso5,No,HeLa,hela
LM_3CR_A6Iso6C9,LM_3CR_A6,LM_3CR_C9,LM_3CR_Iso6,No,HeLa,hela
LM_3CR_A6Iso7C9,LM_3CR_A6,LM_3CR_C9,LM_3CR_Iso7,No,HeLa,hela
LM_3CR_A6Iso8C9,LM_3CR_A6,LM_3CR_C9,LM_3CR_Iso8,No,HeLa,hela
LM_3CR_A6Iso9C9,LM_3CR_A6,LM_3CR_C9,LM_3CR_Iso9,No,HeLa,hela
LM_3CR_A6Iso10C9,LM_3CR_A6,LM_3CR_C9,LM_3CR_Iso10,No,HeLa,hela
LM_3CR_A6Iso1C8,LM_3CR_A6,LM_3CR_C8,LM_3CR_Iso1,No,HeLa,hela
LM_3CR_A6Iso2C8,LM_3CR_A6,LM_3CR_C8,LM_3CR_Iso2,No,HeLa,hela
LM_3CR_A6Iso3C8,LM_3CR_A6,LM_3CR_C8,LM_3CR_Iso3,No,HeLa,hela
LM_3CR_A6Iso4C8,LM_3CR_A6,LM_3CR_C8,LM_3CR_Iso4,No,HeLa,hela
LM_3CR_A6Iso5C8,LM_3CR_A6,LM_3CR_C8,LM_3CR_Iso5,No,HeLa,hela
LM_3CR_A6Iso6C8,LM_3CR_A6,LM_3CR_C8,LM_3CR_Iso6,No,HeLa,hela
LM_3CR_A6Iso7C8,LM_3CR_A6,LM_3CR_C8,LM_3CR_Iso7,No,HeLa,hela
LM_3CR_A6Iso8C8,LM_3CR_A6,LM_3CR_C8,LM_3CR_Iso8,No,HeLa,hela
LM_3CR_A6Iso9C8,LM_3CR_A6,LM_3CR_C8,LM_3CR_Iso9,No,HeLa,hela
LM_3CR_A6Iso10C8,LM_3CR_A6,LM_3CR_C8,LM_3CR_Iso10,No,HeLa,hela
LM_3CR_A6Iso1C7,LM_3CR_A6,LM_3CR_C7,LM_3CR_Iso1,No,HeLa,hela
LM_3CR_A6Iso2C7,LM_3CR_A6,LM_3CR_C7,LM_3CR_Iso2,No,HeLa,hela
LM_3CR_A6Iso3C7,LM_3CR_A6,LM_3CR_C7,LM_3CR_Iso3,No,HeLa,hela
LM_3CR_A6Iso4C7,LM_3CR_A6,LM_3CR_C7,LM_3CR_Iso4,No,HeLa,hela
LM_3CR_A6Iso5C7,LM_3CR_A6,LM_3CR_C7,LM_3CR_Iso5,No,HeLa,hela
LM_3CR_A6Iso6C7,LM_3CR_A6,LM_3CR_C7,LM_3CR_Iso6,No,HeLa,hela
LM_3CR_A6Iso7C7,LM_3CR_A6,LM_3CR_C7,LM_3CR_Iso7,No,HeLa,hela
LM_3CR_A6Iso8C7,LM_3CR_A6,LM_3CR_C7,LM_3CR_Iso8,No,HeLa,hela
LM_3CR_A6Iso9C7,LM_3CR_A6,LM_3CR_C7,LM_3CR_Iso9,No,HeLa,hela
LM_3CR_A6Iso10C7,LM_3CR_A6,LM_3CR_C7,LM_3CR_Iso10,No,HeLa,hela
LM_3CR_A6Iso1CC7,LM_3CR_A6,LM_3CR_CC7,LM_3CR_Iso1,No,HeLa,hela
LM_3CR_A6Iso2CC7,LM_3CR_A6,LM_3CR_CC7,LM_3CR_Iso2,No,HeLa,hela
LM_3CR_A6Iso3CC7,LM_3CR_A6,LM_3CR_CC7,LM_3CR_Iso3,No,HeLa,hela
LM_3CR_A6Iso4CC7,LM_3CR_A6,LM_3CR_CC7,LM_3CR_Iso4,No,HeLa,hela
LM_3CR_A6Iso5CC7,LM_3CR_A6,LM_3CR_CC7,LM_3CR_Iso5,No,HeLa,hela
LM_3CR_A6Iso6CC7,LM_3CR_A6,LM_3CR_CC7,LM_3CR_Iso6,No,HeLa,hela
LM_3CR_A6Iso7CC7,LM_3CR_A6,LM_3CR_CC7,LM_3CR_Iso7,No,HeLa,hela
LM_3CR_A6Iso8CC7,LM_3CR_A6,LM_3CR_CC7,LM_3CR_Iso8,No,HeLa,hela
LM_3CR_A6Iso9CC7,LM_3CR_A6,LM_3CR_CC7,LM_3CR_Iso9,No,HeLa,hela
LM_3CR_A6Iso10CC7,LM_3CR_A6,LM_3CR_CC7,LM_3CR_Iso10,No,HeLa,hela
LM_3CR_A6Iso1CC6,LM_3CR_A6,LM_3CR_CC6,LM_3CR_Iso1,No,HeLa,hela
LM_3CR_A6Iso2CC6,LM_3CR_A6,LM_3CR_CC6,LM_3CR_Iso2,No,HeLa,hela
LM_3CR_A6Iso3CC6,LM_3CR_A6,LM_3CR_CC6,LM_3CR_Iso3,No,HeLa,hela
LM_3CR_A6Iso4CC6,LM_3CR_A6,LM_3CR_CC6,LM_3CR_Iso4,No,HeLa,hela
LM_3CR_A6Iso5CC6,LM_3CR_A6,LM_3CR_CC6,LM_3CR_Iso5,No,HeLa,hela
LM_3CR_A6Iso6CC6,LM_3CR_A6,LM_3CR_CC6,LM_3CR_Iso6,No,HeLa,hela
LM_3CR_A6Iso7CC6,LM_3CR_A6,LM_3CR_CC6,LM_3CR_Iso7,No,HeLa,hela
LM_3CR_A6Iso8CC6,LM_3CR_A6,LM_3CR_CC6,LM_3CR_Iso8,No,HeLa,hela
LM_3CR_A6Iso9CC6,LM_3CR_A6,LM_3CR_CC6,LM_3CR_Iso9,No,HeLa,hela
LM_3CR_A6Iso10CC6,LM_3CR_A6,LM_3CR_CC6,LM_3CR_Iso10,No,HeLa,hela
LM_3CR_A6Iso1C6,LM_3CR_A6,LM_3CR_C6,LM_3CR_Iso1,No,HeLa,hela
LM_3CR_A6Iso2C6,LM_3CR_A6,LM_3CR_C6,LM_3CR_Iso2,No,HeLa,hela
LM_3CR_A6Iso3C6,LM_3CR_A6,LM_3CR_C6,LM_3CR_Iso3,No,HeLa,hela
LM_3CR_A6Iso4C6,LM_3CR_A6,LM_3CR_C6,LM_3CR_Iso4,No,HeLa,hela
LM_3CR_A6Iso5C6,LM_3CR_A6,LM_3CR_C6,LM_3CR_Iso5,No,HeLa,hela
LM_3CR_A6Iso6C6,LM_3CR_A6,LM_3CR_C6,LM_3CR_Iso6,No,HeLa,hela
LM_3CR_A6Iso7C6,LM_3CR_A6,LM_3CR_C6,LM_3CR_Iso7,No,HeLa,hela
LM_3CR_A6Iso8C6,LM_3CR_A6,LM_3CR_C6,LM_3CR_Iso8,No,HeLa,hela
LM_3CR_A6Iso9C6,LM_3CR_A6,LM_3CR_C6,LM_3CR_Iso9,No,HeLa,hela
LM_3CR_A6Iso10C6,LM_3CR_A6,LM_3CR_C6,LM_3CR_Iso10,No,HeLa,hela
LM_3CR_A7Iso12DC18,LM_3CR_A7,LM_3CR_2DC18,LM_3CR_Iso1,No,HeLa,hela
LM_3CR_A7Iso22DC18,LM_3CR_A7,LM_3CR_2DC18,LM_3CR_Iso2,No,HeLa,hela
LM_3CR_A7Iso32DC18,LM_3CR_A7,LM_3CR_2DC18,LM_3CR_Iso3,No,HeLa,hela
LM_3CR_A7Iso42DC18,LM_3CR_A7,LM_3CR_2DC18,LM_3CR_Iso4,No,HeLa,hela
LM_3CR_A7Iso72DC18,LM_3CR_A7,LM_3CR_2DC18,LM_3CR_Iso7,No,HeLa,hela
LM_3CR_A7Iso82DC18,LM_3CR_A7,LM_3CR_2DC18,LM_3CR_Iso8,No,HeLa,hela
LM_3CR_A7Iso102DC18,LM_3CR_A7,LM_3CR_2DC18,LM_3CR_Iso10,No,HeLa,hela
LM_3CR_A7Iso1C11,LM_3CR_A7,LM_3CR_C11,LM_3CR_Iso1,No,HeLa,hela
LM_3CR_A7Iso2C11,LM_3CR_A7,LM_3CR_C11,LM_3CR_Iso2,No,HeLa,hela
LM_3CR_A7Iso3C11,LM_3CR_A7,LM_3CR_C11,LM_3CR_Iso3,No,HeLa,hela
LM_3CR_A7Iso4C11,LM_3CR_A7,LM_3CR_C11,LM_3CR_Iso4,No,HeLa,hela
LM_3CR_A7Iso5C11,LM_3CR_A7,LM_3CR_C11,LM_3CR_Iso5,No,HeLa,hela
LM_3CR_A7Iso6C11,LM_3CR_A7,LM_3CR_C11,LM_3CR_Iso6,No,HeLa,hela
LM_3CR_A7Iso7C11,LM_3CR_A7,LM_3CR_C11,LM_3CR_Iso7,No,HeLa,hela
LM_3CR_A7Iso8C11,LM_3CR_A7,LM_3CR_C11,LM_3CR_Iso8,No,HeLa,hela
LM_3CR_A7Iso9C11,LM_3CR_A7,LM_3CR_C11,LM_3CR_Iso9,No,HeLa,hela
LM_3CR_A7Iso10C11,LM_3CR_A7,LM_3CR_C11,LM_3CR_Iso10,No,HeLa,hela
LM_3CR_A7Iso1C10,LM_3CR_A7,LM_3CR_C10,LM_3CR_Iso1,No,HeLa,hela
LM_3CR_A7Iso2C10,LM_3CR_A7,LM_3CR_C10,LM_3CR_Iso2,No,HeLa,hela
LM_3CR_A7Iso3C10,LM_3CR_A7,LM_3CR_C10,LM_3CR_Iso3,No,HeLa,hela
LM_3CR_A7Iso4C10,LM_3CR_A7,LM_3CR_C10,LM_3CR_Iso4,No,HeLa,hela
LM_3CR_A7Iso5C10,LM_3CR_A7,LM_3CR_C10,LM_3CR_Iso5,No,HeLa,hela
LM_3CR_A7Iso6C10,LM_3CR_A7,LM_3CR_C10,LM_3CR_Iso6,No,HeLa,hela
LM_3CR_A7Iso7C10,LM_3CR_A7,LM_3CR_C10,LM_3CR_Iso7,No,HeLa,hela
LM_3CR_A7Iso8C10,LM_3CR_A7,LM_3CR_C10,LM_3CR_Iso8,No,HeLa,hela
LM_3CR_A7Iso9C10,LM_3CR_A7,LM_3CR_C10,LM_3CR_Iso9,No,HeLa,hela
LM_3CR_A7Iso10C10,LM_3CR_A7,LM_3CR_C10,LM_3CR_Iso10,No,HeLa,hela
LM_3CR_A7Iso1C9,LM_3CR_A7,LM_3CR_C9,LM_3CR_Iso1,No,HeLa,hela
LM_3CR_A7Iso2C9,LM_3CR_A7,LM_3CR_C9,LM_3CR_Iso2,No,HeLa,hela
LM_3CR_A7Iso3C9,LM_3CR_A7,LM_3CR_C9,LM_3CR_Iso3,No,HeLa,hela
LM_3CR_A7Iso4C9,LM_3CR_A7,LM_3CR_C9,LM_3CR_Iso4,No,HeLa,hela
LM_3CR_A7Iso5C9,LM_3CR_A7,LM_3CR_C9,LM_3CR_Iso5,No,HeLa,hela
LM_3CR_A7Iso6C9,LM_3CR_A7,LM_3CR_C9,LM_3CR_Iso6,No,HeLa,hela
LM_3CR_A7Iso7C9,LM_3CR_A7,LM_3CR_C9,LM_3CR_Iso7,No,HeLa,hela
LM_3CR_A7Iso8C9,LM_3CR_A7,LM_3CR_C9,LM_3CR_Iso8,No,HeLa,hela
LM_3CR_A7Iso9C9,LM_3CR_A7,LM_3CR_C9,LM_3CR_Iso9,No,HeLa,hela
LM_3CR_A7Iso10C9,LM_3CR_A7,LM_3CR_C9,LM_3CR_Iso10,No,HeLa,hela
LM_3CR_A7Iso1C8,LM_3CR_A7,LM_3CR_C8,LM_3CR_Iso1,No,HeLa,hela
LM_3CR_A7Iso2C8,LM_3CR_A7,LM_3CR_C8,LM_3CR_Iso2,No,HeLa,hela
LM_3CR_A7Iso3C8,LM_3CR_A7,LM_3CR_C8,LM_3CR_Iso3,No,HeLa,hela
LM_3CR_A7Iso4C8,LM_3CR_A7,LM_3CR_C8,LM_3CR_Iso4,No,HeLa,hela
LM_3CR_A7Iso5C8,LM_3CR_A7,LM_3CR_C8,LM_3CR_Iso5,No,HeLa,hela
LM_3CR_A7Iso6C8,LM_3CR_A7,LM_3CR_C8,LM_3CR_Iso6,No,HeLa,hela
LM_3CR_A7Iso7C8,LM_3CR_A7,LM_3CR_C8,LM_3CR_Iso7,No,HeLa,hela
LM_3CR_A7Iso8C8,LM_3CR_A7,LM_3CR_C8,LM_3CR_Iso8,No,HeLa,hela
LM_3CR_A7Iso9C8,LM_3CR_A7,LM_3CR_C8,LM_3CR_Iso9,No,HeLa,hela
LM_3CR_A7Iso10C8,LM_3CR_A7,LM_3CR_C8,LM_3CR_Iso10,No,HeLa,hela
LM_3CR_A7Iso1C7,LM_3CR_A7,LM_3CR_C7,LM_3CR_Iso1,No,HeLa,hela
LM_3CR_A7Iso2C7,LM_3CR_A7,LM_3CR_C7,LM_3CR_Iso2,No,HeLa,hela
LM_3CR_A7Iso3C7,LM_3CR_A7,LM_3CR_C7,LM_3CR_Iso3,No,HeLa,hela
LM_3CR_A7Iso4C7,LM_3CR_A7,LM_3CR_C7,LM_3CR_Iso4,No,HeLa,hela
LM_3CR_A7Iso5C7,LM_3CR_A7,LM_3CR_C7,LM_3CR_Iso5,No,HeLa,hela
LM_3CR_A7Iso6C7,LM_3CR_A7,LM_3CR_C7,LM_3CR_Iso6,No,HeLa,hela
LM_3CR_A7Iso7C7,LM_3CR_A7,LM_3CR_C7,LM_3CR_Iso7,No,HeLa,hela
LM_3CR_A7Iso8C7,LM_3CR_A7,LM_3CR_C7,LM_3CR_Iso8,No,HeLa,hela
LM_3CR_A7Iso9C7,LM_3CR_A7,LM_3CR_C7,LM_3CR_Iso9,No,HeLa,hela
LM_3CR_A7Iso10C7,LM_3CR_A7,LM_3CR_C7,LM_3CR_Iso10,No,HeLa,hela
LM_3CR_A7Iso1CC7,LM_3CR_A7,LM_3CR_CC7,LM_3CR_Iso1,No,HeLa,hela
LM_3CR_A7Iso2CC7,LM_3CR_A7,LM_3CR_CC7,LM_3CR_Iso2,No,HeLa,hela
LM_3CR_A7Iso3CC7,LM_3CR_A7,LM_3CR_CC7,LM_3CR_Iso3,No,HeLa,hela
LM_3CR_A7Iso4CC7,LM_3CR_A7,LM_3CR_CC7,LM_3CR_Iso4,No,HeLa,hela
LM_3CR_A7Iso5CC7,LM_3CR_A7,LM_3CR_CC7,LM_3CR_Iso5,No,HeLa,hela
LM_3CR_A7Iso6CC7,LM_3CR_A7,LM_3CR_CC7,LM_3CR_Iso6,No,HeLa,hela
LM_3CR_A7Iso7CC7,LM_3CR_A7,LM_3CR_CC7,LM_3CR_Iso7,No,HeLa,hela
LM_3CR_A7Iso8CC7,LM_3CR_A7,LM_3CR_CC7,LM_3CR_Iso8,No,HeLa,hela
LM_3CR_A7Iso9CC7,LM_3CR_A7,LM_3CR_CC7,LM_3CR_Iso9,No,HeLa,hela
LM_3CR_A7Iso10CC7,LM_3CR_A7,LM_3CR_CC7,LM_3CR_Iso10,No,HeLa,hela
LM_3CR_A7Iso1CC6,LM_3CR_A7,LM_3CR_CC6,LM_3CR_Iso1,No,HeLa,hela
LM_3CR_A7Iso2CC6,LM_3CR_A7,LM_3CR_CC6,LM_3CR_Iso2,No,HeLa,hela
LM_3CR_A7Iso3CC6,LM_3CR_A7,LM_3CR_CC6,LM_3CR_Iso3,No,HeLa,hela
LM_3CR_A7Iso4CC6,LM_3CR_A7,LM_3CR_CC6,LM_3CR_Iso4,No,HeLa,hela
LM_3CR_A7Iso5CC6,LM_3CR_A7,LM_3CR_CC6,LM_3CR_Iso5,No,HeLa,hela
LM_3CR_A7Iso6CC6,LM_3CR_A7,LM_3CR_CC6,LM_3CR_Iso6,No,HeLa,hela
LM_3CR_A7Iso7CC6,LM_3CR_A7,LM_3CR_CC6,LM_3CR_Iso7,No,HeLa,hela
LM_3CR_A7Iso8CC6,LM_3CR_A7,LM_3CR_CC6,LM_3CR_Iso8,No,HeLa,hela
LM_3CR_A7Iso9CC6,LM_3CR_A7,LM_3CR_CC6,LM_3CR_Iso9,No,HeLa,hela
LM_3CR_A7Iso10CC6,LM_3CR_A7,LM_3CR_CC6,LM_3CR_Iso10,No,HeLa,hela
LM_3CR_A7Iso1C6,LM_3CR_A7,LM_3CR_C6,LM_3CR_Iso1,No,HeLa,hela
LM_3CR_A7Iso2C6,LM_3CR_A7,LM_3CR_C6,LM_3CR_Iso2,No,HeLa,hela
LM_3CR_A7Iso3C6,LM_3CR_A7,LM_3CR_C6,LM_3CR_Iso3,No,HeLa,hela
LM_3CR_A7Iso4C6,LM_3CR_A7,LM_3CR_C6,LM_3CR_Iso4,No,HeLa,hela
LM_3CR_A7Iso5C6,LM_3CR_A7,LM_3CR_C6,LM_3CR_Iso5,No,HeLa,hela
LM_3CR_A7Iso6C6,LM_3CR_A7,LM_3CR_C6,LM_3CR_Iso6,No,HeLa,hela
LM_3CR_A7Iso7C6,LM_3CR_A7,LM_3CR_C6,LM_3CR_Iso7,No,HeLa,hela
LM_3CR_A7Iso8C6,LM_3CR_A7,LM_3CR_C6,LM_3CR_Iso8,No,HeLa,hela
LM_3CR_A7Iso9C6,LM_3CR_A7,LM_3CR_C6,LM_3CR_Iso9,No,HeLa,hela
LM_3CR_A7Iso10C6,LM_3CR_A7,LM_3CR_C6,LM_3CR_Iso10,No,HeLa,hela
LM_3CR_A8Iso12DC18,LM_3CR_A8,LM_3CR_2DC18,LM_3CR_Iso1,No,HeLa,hela
LM_3CR_A8Iso22DC18,LM_3CR_A8,LM_3CR_2DC18,LM_3CR_Iso2,No,HeLa,hela
LM_3CR_A8Iso32DC18,LM_3CR_A8,LM_3CR_2DC18,LM_3CR_Iso3,No,HeLa,hela
LM_3CR_A8Iso42DC18,LM_3CR_A8,LM_3CR_2DC18,LM_3CR_Iso4,No,HeLa,hela
LM_3CR_A8Iso72DC18,LM_3CR_A8,LM_3CR_2DC18,LM_3CR_Iso7,No,HeLa,hela
LM_3CR_A8Iso82DC18,LM_3CR_A8,LM_3CR_2DC18,LM_3CR_Iso8,No,HeLa,hela
LM_3CR_A8Iso102DC18,LM_3CR_A8,LM_3CR_2DC18,LM_3CR_Iso10,No,HeLa,hela
LM_3CR_A8Iso1C11,LM_3CR_A8,LM_3CR_C11,LM_3CR_Iso1,No,HeLa,hela
LM_3CR_A8Iso2C11,LM_3CR_A8,LM_3CR_C11,LM_3CR_Iso2,No,HeLa,hela
LM_3CR_A8Iso3C11,LM_3CR_A8,LM_3CR_C11,LM_3CR_Iso3,No,HeLa,hela
LM_3CR_A8Iso4C11,LM_3CR_A8,LM_3CR_C11,LM_3CR_Iso4,No,HeLa,hela
LM_3CR_A8Iso5C11,LM_3CR_A8,LM_3CR_C11,LM_3CR_Iso5,No,HeLa,hela
LM_3CR_A8Iso6C11,LM_3CR_A8,LM_3CR_C11,LM_3CR_Iso6,No,HeLa,hela
LM_3CR_A8Iso7C11,LM_3CR_A8,LM_3CR_C11,LM_3CR_Iso7,No,HeLa,hela
LM_3CR_A8Iso8C11,LM_3CR_A8,LM_3CR_C11,LM_3CR_Iso8,No,HeLa,hela
LM_3CR_A8Iso9C11,LM_3CR_A8,LM_3CR_C11,LM_3CR_Iso9,No,HeLa,hela
LM_3CR_A8Iso10C11,LM_3CR_A8,LM_3CR_C11,LM_3CR_Iso10,No,HeLa,hela
LM_3CR_A8Iso1C10,LM_3CR_A8,LM_3CR_C10,LM_3CR_Iso1,No,HeLa,hela
LM_3CR_A8Iso2C10,LM_3CR_A8,LM_3CR_C10,LM_3CR_Iso2,No,HeLa,hela
LM_3CR_A8Iso3C10,LM_3CR_A8,LM_3CR_C10,LM_3CR_Iso3,No,HeLa,hela
LM_3CR_A8Iso4C10,LM_3CR_A8,LM_3CR_C10,LM_3CR_Iso4,No,HeLa,hela
LM_3CR_A8Iso5C10,LM_3CR_A8,LM_3CR_C10,LM_3CR_Iso5,No,HeLa,hela
LM_3CR_A8Iso6C10,LM_3CR_A8,LM_3CR_C10,LM_3CR_Iso6,No,HeLa,hela
LM_3CR_A8Iso7C10,LM_3CR_A8,LM_3CR_C10,LM_3CR_Iso7,No,HeLa,hela
LM_3CR_A8Iso8C10,LM_3CR_A8,LM_3CR_C10,LM_3CR_Iso8,No,HeLa,hela
LM_3CR_A8Iso9C10,LM_3CR_A8,LM_3CR_C10,LM_3CR_Iso9,No,HeLa,hela
LM_3CR_A8Iso10C10,LM_3CR_A8,LM_3CR_C10,LM_3CR_Iso10,No,HeLa,hela
LM_3CR_A8Iso1C9,LM_3CR_A8,LM_3CR_C9,LM_3CR_Iso1,No,HeLa,hela
LM_3CR_A8Iso2C9,LM_3CR_A8,LM_3CR_C9,LM_3CR_Iso2,No,HeLa,hela
LM_3CR_A8Iso3C9,LM_3CR_A8,LM_3CR_C9,LM_3CR_Iso3,No,HeLa,hela
LM_3CR_A8Iso4C9,LM_3CR_A8,LM_3CR_C9,LM_3CR_Iso4,No,HeLa,hela
LM_3CR_A8Iso5C9,LM_3CR_A8,LM_3CR_C9,LM_3CR_Iso5,No,HeLa,hela
LM_3CR_A8Iso6C9,LM_3CR_A8,LM_3CR_C9,LM_3CR_Iso6,No,HeLa,hela
LM_3CR_A8Iso7C9,LM_3CR_A8,LM_3CR_C9,LM_3CR_Iso7,No,HeLa,hela
LM_3CR_A8Iso8C9,LM_3CR_A8,LM_3CR_C9,LM_3CR_Iso8,No,HeLa,hela
LM_3CR_A8Iso9C9,LM_3CR_A8,LM_3CR_C9,LM_3CR_Iso9,No,HeLa,hela
LM_3CR_A8Iso10C9,LM_3CR_A8,LM_3CR_C9,LM_3CR_Iso10,No,HeLa,hela
LM_3CR_A8Iso1C8,LM_3CR_A8,LM_3CR_C8,LM_3CR_Iso1,No,HeLa,hela
LM_3CR_A8Iso2C8,LM_3CR_A8,LM_3CR_C8,LM_3CR_Iso2,No,HeLa,hela
LM_3CR_A8Iso3C8,LM_3CR_A8,LM_3CR_C8,LM_3CR_Iso3,No,HeLa,hela
LM_3CR_A8Iso4C8,LM_3CR_A8,LM_3CR_C8,LM_3CR_Iso4,No,HeLa,hela
LM_3CR_A8Iso5C8,LM_3CR_A8,LM_3CR_C8,LM_3CR_Iso5,No,HeLa,hela
LM_3CR_A8Iso6C8,LM_3CR_A8,LM_3CR_C8,LM_3CR_Iso6,No,HeLa,hela
LM_3CR_A8Iso7C8,LM_3CR_A8,LM_3CR_C8,LM_3CR_Iso7,No,HeLa,hela
LM_3CR_A8Iso8C8,LM_3CR_A8,LM_3CR_C8,LM_3CR_Iso8,No,HeLa,hela
LM_3CR_A8Iso9C8,LM_3CR_A8,LM_3CR_C8,LM_3CR_Iso9,No,HeLa,hela
LM_3CR_A8Iso10C8,LM_3CR_A8,LM_3CR_C8,LM_3CR_Iso10,No,HeLa,hela
LM_3CR_A8Iso1C7,LM_3CR_A8,LM_3CR_C7,LM_3CR_Iso1,No,HeLa,hela
LM_3CR_A8Iso2C7,LM_3CR_A8,LM_3CR_C7,LM_3CR_Iso2,No,HeLa,hela
LM_3CR_A8Iso3C7,LM_3CR_A8,LM_3CR_C7,LM_3CR_Iso3,No,HeLa,hela
LM_3CR_A8Iso4C7,LM_3CR_A8,LM_3CR_C7,LM_3CR_Iso4,No,HeLa,hela
LM_3CR_A8Iso5C7,LM_3CR_A8,LM_3CR_C7,LM_3CR_Iso5,No,HeLa,hela
LM_3CR_A8Iso6C7,LM_3CR_A8,LM_3CR_C7,LM_3CR_Iso6,No,HeLa,hela
LM_3CR_A8Iso7C7,LM_3CR_A8,LM_3CR_C7,LM_3CR_Iso7,No,HeLa,hela
LM_3CR_A8Iso8C7,LM_3CR_A8,LM_3CR_C7,LM_3CR_Iso8,No,HeLa,hela
LM_3CR_A8Iso9C7,LM_3CR_A8,LM_3CR_C7,LM_3CR_Iso9,No,HeLa,hela
LM_3CR_A8Iso10C7,LM_3CR_A8,LM_3CR_C7,LM_3CR_Iso10,No,HeLa,hela
LM_3CR_A8Iso1CC7,LM_3CR_A8,LM_3CR_CC7,LM_3CR_Iso1,No,HeLa,hela
LM_3CR_A8Iso2CC7,LM_3CR_A8,LM_3CR_CC7,LM_3CR_Iso2,No,HeLa,hela
LM_3CR_A8Iso3CC7,LM_3CR_A8,LM_3CR_CC7,LM_3CR_Iso3,No,HeLa,hela
LM_3CR_A8Iso4CC7,LM_3CR_A8,LM_3CR_CC7,LM_3CR_Iso4,No,HeLa,hela
LM_3CR_A8Iso5CC7,LM_3CR_A8,LM_3CR_CC7,LM_3CR_Iso5,No,HeLa,hela
LM_3CR_A8Iso6CC7,LM_3CR_A8,LM_3CR_CC7,LM_3CR_Iso6,No,HeLa,hela
LM_3CR_A8Iso7CC7,LM_3CR_A8,LM_3CR_CC7,LM_3CR_Iso7,No,HeLa,hela
LM_3CR_A8Iso8CC7,LM_3CR_A8,LM_3CR_CC7,LM_3CR_Iso8,No,HeLa,hela
LM_3CR_A8Iso9CC7,LM_3CR_A8,LM_3CR_CC7,LM_3CR_Iso9,No,HeLa,hela
LM_3CR_A8Iso10CC7,LM_3CR_A8,LM_3CR_CC7,LM_3CR_Iso10,No,HeLa,hela
LM_3CR_A8Iso1CC6,LM_3CR_A8,LM_3CR_CC6,LM_3CR_Iso1,No,HeLa,hela
LM_3CR_A8Iso2CC6,LM_3CR_A8,LM_3CR_CC6,LM_3CR_Iso2,No,HeLa,hela
LM_3CR_A8Iso3CC6,LM_3CR_A8,LM_3CR_CC6,LM_3CR_Iso3,No,HeLa,hela
LM_3CR_A8Iso4CC6,LM_3CR_A8,LM_3CR_CC6,LM_3CR_Iso4,No,HeLa,hela
LM_3CR_A8Iso5CC6,LM_3CR_A8,LM_3CR_CC6,LM_3CR_Iso5,No,HeLa,hela
LM_3CR_A8Iso6CC6,LM_3CR_A8,LM_3CR_CC6,LM_3CR_Iso6,No,HeLa,hela
LM_3CR_A8Iso7CC6,LM_3CR_A8,LM_3CR_CC6,LM_3CR_Iso7,No,HeLa,hela
LM_3CR_A8Iso8CC6,LM_3CR_A8,LM_3CR_CC6,LM_3CR_Iso8,No,HeLa,hela
LM_3CR_A8Iso9CC6,LM_3CR_A8,LM_3CR_CC6,LM_3CR_Iso9,No,HeLa,hela
LM_3CR_A8Iso10CC6,LM_3CR_A8,LM_3CR_CC6,LM_3CR_Iso10,No,HeLa,hela
LM_3CR_A8Iso1C6,LM_3CR_A8,LM_3CR_C6,LM_3CR_Iso1,No,HeLa,hela
LM_3CR_A8Iso2C6,LM_3CR_A8,LM_3CR_C6,LM_3CR_Iso2,No,HeLa,hela
LM_3CR_A8Iso3C6,LM_3CR_A8,LM_3CR_C6,LM_3CR_Iso3,No,HeLa,hela
LM_3CR_A8Iso4C6,LM_3CR_A8,LM_3CR_C6,LM_3CR_Iso4,No,HeLa,hela
LM_3CR_A8Iso5C6,LM_3CR_A8,LM_3CR_C6,LM_3CR_Iso5,No,HeLa,hela
LM_3CR_A8Iso6C6,LM_3CR_A8,LM_3CR_C6,LM_3CR_Iso6,No,HeLa,hela
LM_3CR_A8Iso7C6,LM_3CR_A8,LM_3CR_C6,LM_3CR_Iso7,No,HeLa,hela
LM_3CR_A8Iso8C6,LM_3CR_A8,LM_3CR_C6,LM_3CR_Iso8,No,HeLa,hela
LM_3CR_A8Iso9C6,LM_3CR_A8,LM_3CR_C6,LM_3CR_Iso9,No,HeLa,hela
LM_3CR_A8Iso10C6,LM_3CR_A8,LM_3CR_C6,LM_3CR_Iso10,No,HeLa,hela
LM_3CR_A9Iso12DC18,LM_3CR_A9,LM_3CR_2DC18,LM_3CR_Iso1,No,HeLa,hela
LM_3CR_A9Iso22DC18,LM_3CR_A9,LM_3CR_2DC18,LM_3CR_Iso2,No,HeLa,hela
LM_3CR_A9Iso32DC18,LM_3CR_A9,LM_3CR_2DC18,LM_3CR_Iso3,No,HeLa,hela
LM_3CR_A9Iso42DC18,LM_3CR_A9,LM_3CR_2DC18,LM_3CR_Iso4,No,HeLa,hela
LM_3CR_A9Iso72DC18,LM_3CR_A9,LM_3CR_2DC18,LM_3CR_Iso7,No,HeLa,hela
LM_3CR_A9Iso82DC18,LM_3CR_A9,LM_3CR_2DC18,LM_3CR_Iso8,No,HeLa,hela
LM_3CR_A9Iso102DC18,LM_3CR_A9,LM_3CR_2DC18,LM_3CR_Iso10,No,HeLa,hela
LM_3CR_A9Iso1C11,LM_3CR_A9,LM_3CR_C11,LM_3CR_Iso1,No,HeLa,hela
LM_3CR_A9Iso2C11,LM_3CR_A9,LM_3CR_C11,LM_3CR_Iso2,No,HeLa,hela
LM_3CR_A9Iso3C11,LM_3CR_A9,LM_3CR_C11,LM_3CR_Iso3,No,HeLa,hela
LM_3CR_A9Iso4C11,LM_3CR_A9,LM_3CR_C11,LM_3CR_Iso4,No,HeLa,hela
LM_3CR_A9Iso5C11,LM_3CR_A9,LM_3CR_C11,LM_3CR_Iso5,No,HeLa,hela
LM_3CR_A9Iso6C11,LM_3CR_A9,LM_3CR_C11,LM_3CR_Iso6,No,HeLa,hela
LM_3CR_A9Iso7C11,LM_3CR_A9,LM_3CR_C11,LM_3CR_Iso7,No,HeLa,hela
LM_3CR_A9Iso8C11,LM_3CR_A9,LM_3CR_C11,LM_3CR_Iso8,No,HeLa,hela
LM_3CR_A9Iso9C11,LM_3CR_A9,LM_3CR_C11,LM_3CR_Iso9,No,HeLa,hela
LM_3CR_A9Iso10C11,LM_3CR_A9,LM_3CR_C11,LM_3CR_Iso10,No,HeLa,hela
LM_3CR_A9Iso1C10,LM_3CR_A9,LM_3CR_C10,LM_3CR_Iso1,No,HeLa,hela
LM_3CR_A9Iso2C10,LM_3CR_A9,LM_3CR_C10,LM_3CR_Iso2,No,HeLa,hela
LM_3CR_A9Iso3C10,LM_3CR_A9,LM_3CR_C10,LM_3CR_Iso3,No,HeLa,hela
LM_3CR_A9Iso4C10,LM_3CR_A9,LM_3CR_C10,LM_3CR_Iso4,No,HeLa,hela
LM_3CR_A9Iso5C10,LM_3CR_A9,LM_3CR_C10,LM_3CR_Iso5,No,HeLa,hela
LM_3CR_A9Iso6C10,LM_3CR_A9,LM_3CR_C10,LM_3CR_Iso6,No,HeLa,hela
LM_3CR_A9Iso7C10,LM_3CR_A9,LM_3CR_C10,LM_3CR_Iso7,No,HeLa,hela
LM_3CR_A9Iso8C10,LM_3CR_A9,LM_3CR_C10,LM_3CR_Iso8,No,HeLa,hela
LM_3CR_A9Iso9C10,LM_3CR_A9,LM_3CR_C10,LM_3CR_Iso9,No,HeLa,hela
LM_3CR_A9Iso10C10,LM_3CR_A9,LM_3CR_C10,LM_3CR_Iso10,No,HeLa,hela
LM_3CR_A9Iso1C9,LM_3CR_A9,LM_3CR_C9,LM_3CR_Iso1,No,HeLa,hela
LM_3CR_A9Iso2C9,LM_3CR_A9,LM_3CR_C9,LM_3CR_Iso2,No,HeLa,hela
LM_3CR_A9Iso3C9,LM_3CR_A9,LM_3CR_C9,LM_3CR_Iso3,No,HeLa,hela
LM_3CR_A9Iso4C9,LM_3CR_A9,LM_3CR_C9,LM_3CR_Iso4,No,HeLa,hela
LM_3CR_A9Iso5C9,LM_3CR_A9,LM_3CR_C9,LM_3CR_Iso5,No,HeLa,hela
LM_3CR_A9Iso6C9,LM_3CR_A9,LM_3CR_C9,LM_3CR_Iso6,No,HeLa,hela
LM_3CR_A9Iso7C9,LM_3CR_A9,LM_3CR_C9,LM_3CR_Iso7,No,HeLa,hela
LM_3CR_A9Iso8C9,LM_3CR_A9,LM_3CR_C9,LM_3CR_Iso8,No,HeLa,hela
LM_3CR_A9Iso9C9,LM_3CR_A9,LM_3CR_C9,LM_3CR_Iso9,No,HeLa,hela
LM_3CR_A9Iso10C9,LM_3CR_A9,LM_3CR_C9,LM_3CR_Iso10,No,HeLa,hela
LM_3CR_A9Iso1C8,LM_3CR_A9,LM_3CR_C8,LM_3CR_Iso1,No,HeLa,hela
LM_3CR_A9Iso2C8,LM_3CR_A9,LM_3CR_C8,LM_3CR_Iso2,No,HeLa,hela
LM_3CR_A9Iso3C8,LM_3CR_A9,LM_3CR_C8,LM_3CR_Iso3,No,HeLa,hela
LM_3CR_A9Iso4C8,LM_3CR_A9,LM_3CR_C8,LM_3CR_Iso4,No,HeLa,hela
LM_3CR_A9Iso5C8,LM_3CR_A9,LM_3CR_C8,LM_3CR_Iso5,No,HeLa,hela
LM_3CR_A9Iso6C8,LM_3CR_A9,LM_3CR_C8,LM_3CR_Iso6,No,HeLa,hela
LM_3CR_A9Iso7C8,LM_3CR_A9,LM_3CR_C8,LM_3CR_Iso7,No,HeLa,hela
LM_3CR_A9Iso8C8,LM_3CR_A9,LM_3CR_C8,LM_3CR_Iso8,No,HeLa,hela
LM_3CR_A9Iso9C8,LM_3CR_A9,LM_3CR_C8,LM_3CR_Iso9,No,HeLa,hela
LM_3CR_A9Iso10C8,LM_3CR_A9,LM_3CR_C8,LM_3CR_Iso10,No,HeLa,hela
LM_3CR_A9Iso1C7,LM_3CR_A9,LM_3CR_C7,LM_3CR_Iso1,No,HeLa,hela
LM_3CR_A9Iso2C7,LM_3CR_A9,LM_3CR_C7,LM_3CR_Iso2,No,HeLa,hela
LM_3CR_A9Iso3C7,LM_3CR_A9,LM_3CR_C7,LM_3CR_Iso3,No,HeLa,hela
LM_3CR_A9Iso4C7,LM_3CR_A9,LM_3CR_C7,LM_3CR_Iso4,No,HeLa,hela
LM_3CR_A9Iso5C7,LM_3CR_A9,LM_3CR_C7,LM_3CR_Iso5,No,HeLa,hela
LM_3CR_A9Iso6C7,LM_3CR_A9,LM_3CR_C7,LM_3CR_Iso6,No,HeLa,hela
LM_3CR_A9Iso7C7,LM_3CR_A9,LM_3CR_C7,LM_3CR_Iso7,No,HeLa,hela
LM_3CR_A9Iso8C7,LM_3CR_A9,LM_3CR_C7,LM_3CR_Iso8,No,HeLa,hela
LM_3CR_A9Iso9C7,LM_3CR_A9,LM_3CR_C7,LM_3CR_Iso9,No,HeLa,hela
LM_3CR_A9Iso10C7,LM_3CR_A9,LM_3CR_C7,LM_3CR_Iso10,No,HeLa,hela
LM_3CR_A9Iso1CC7,LM_3CR_A9,LM_3CR_CC7,LM_3CR_Iso1,No,HeLa,hela
LM_3CR_A9Iso2CC7,LM_3CR_A9,LM_3CR_CC7,LM_3CR_Iso2,No,HeLa,hela
LM_3CR_A9Iso3CC7,LM_3CR_A9,LM_3CR_CC7,LM_3CR_Iso3,No,HeLa,hela
LM_3CR_A9Iso4CC7,LM_3CR_A9,LM_3CR_CC7,LM_3CR_Iso4,No,HeLa,hela
LM_3CR_A9Iso5CC7,LM_3CR_A9,LM_3CR_CC7,LM_3CR_Iso5,No,HeLa,hela
LM_3CR_A9Iso6CC7,LM_3CR_A9,LM_3CR_CC7,LM_3CR_Iso6,No,HeLa,hela
LM_3CR_A9Iso7CC7,LM_3CR_A9,LM_3CR_CC7,LM_3CR_Iso7,No,HeLa,hela
LM_3CR_A9Iso8CC7,LM_3CR_A9,LM_3CR_CC7,LM_3CR_Iso8,No,HeLa,hela
LM_3CR_A9Iso9CC7,LM_3CR_A9,LM_3CR_CC7,LM_3CR_Iso9,No,HeLa,hela
LM_3CR_A9Iso10CC7,LM_3CR_A9,LM_3CR_CC7,LM_3CR_Iso10,No,HeLa,hela
LM_3CR_A9Iso1CC6,LM_3CR_A9,LM_3CR_CC6,LM_3CR_Iso1,No,HeLa,hela
LM_3CR_A9Iso2CC6,LM_3CR_A9,LM_3CR_CC6,LM_3CR_Iso2,No,HeLa,hela
LM_3CR_A9Iso3CC6,LM_3CR_A9,LM_3CR_CC6,LM_3CR_Iso3,No,HeLa,hela
LM_3CR_A9Iso4CC6,LM_3CR_A9,LM_3CR_CC6,LM_3CR_Iso4,No,HeLa,hela
LM_3CR_A9Iso5CC6,LM_3CR_A9,LM_3CR_CC6,LM_3CR_Iso5,No,HeLa,hela
LM_3CR_A9Iso6CC6,LM_3CR_A9,LM_3CR_CC6,LM_3CR_Iso6,No,HeLa,hela
LM_3CR_A9Iso7CC6,LM_3CR_A9,LM_3CR_CC6,LM_3CR_Iso7,No,HeLa,hela
LM_3CR_A9Iso8CC6,LM_3CR_A9,LM_3CR_CC6,LM_3CR_Iso8,No,HeLa,hela
LM_3CR_A9Iso9CC6,LM_3CR_A9,LM_3CR_CC6,LM_3CR_Iso9,No,HeLa,hela
LM_3CR_A9Iso10CC6,LM_3CR_A9,LM_3CR_CC6,LM_3CR_Iso10,No,HeLa,hela
LM_3CR_A9Iso1C6,LM_3CR_A9,LM_3CR_C6,LM_3CR_Iso1,No,HeLa,hela
LM_3CR_A9Iso2C6,LM_3CR_A9,LM_3CR_C6,LM_3CR_Iso2,No,HeLa,hela
LM_3CR_A9Iso3C6,LM_3CR_A9,LM_3CR_C6,LM_3CR_Iso3,No,HeLa,hela
LM_3CR_A9Iso4C6,LM_3CR_A9,LM_3CR_C6,LM_3CR_Iso4,No,HeLa,hela
LM_3CR_A9Iso5C6,LM_3CR_A9,LM_3CR_C6,LM_3CR_Iso5,No,HeLa,hela
LM_3CR_A9Iso6C6,LM_3CR_A9,LM_3CR_C6,LM_3CR_Iso6,No,HeLa,hela
LM_3CR_A9Iso7C6,LM_3CR_A9,LM_3CR_C6,LM_3CR_Iso7,No,HeLa,hela
LM_3CR_A9Iso8C6,LM_3CR_A9,LM_3CR_C6,LM_3CR_Iso8,No,HeLa,hela
LM_3CR_A9Iso9C6,LM_3CR_A9,LM_3CR_C6,LM_3CR_Iso9,No,HeLa,hela
LM_3CR_A9Iso10C6,LM_3CR_A9,LM_3CR_C6,LM_3CR_Iso10,No,HeLa,hela
LM_3CR_A10Iso12DC18,LM_3CR_A10,LM_3CR_2DC18,LM_3CR_Iso1,No,HeLa,hela
LM_3CR_A10Iso22DC18,LM_3CR_A10,LM_3CR_2DC18,LM_3CR_Iso2,No,HeLa,hela
LM_3CR_A10Iso32DC18,LM_3CR_A10,LM_3CR_2DC18,LM_3CR_Iso3,No,HeLa,hela
LM_3CR_A10Iso42DC18,LM_3CR_A10,LM_3CR_2DC18,LM_3CR_Iso4,No,HeLa,hela
LM_3CR_A10Iso72DC18,LM_3CR_A10,LM_3CR_2DC18,LM_3CR_Iso7,No,HeLa,hela
LM_3CR_A10Iso82DC18,LM_3CR_A10,LM_3CR_2DC18,LM_3CR_Iso8,No,HeLa,hela
LM_3CR_A10Iso102DC18,LM_3CR_A10,LM_3CR_2DC18,LM_3CR_Iso10,No,HeLa,hela
LM_3CR_A10Iso1C11,LM_3CR_A10,LM_3CR_C11,LM_3CR_Iso1,No,HeLa,hela
LM_3CR_A10Iso2C11,LM_3CR_A10,LM_3CR_C11,LM_3CR_Iso2,No,HeLa,hela
LM_3CR_A10Iso3C11,LM_3CR_A10,LM_3CR_C11,LM_3CR_Iso3,No,HeLa,hela
LM_3CR_A10Iso4C11,LM_3CR_A10,LM_3CR_C11,LM_3CR_Iso4,No,HeLa,hela
LM_3CR_A10Iso5C11,LM_3CR_A10,LM_3CR_C11,LM_3CR_Iso5,No,HeLa,hela
LM_3CR_A10Iso6C11,LM_3CR_A10,LM_3CR_C11,LM_3CR_Iso6,No,HeLa,hela
LM_3CR_A10Iso7C11,LM_3CR_A10,LM_3CR_C11,LM_3CR_Iso7,No,HeLa,hela
LM_3CR_A10Iso8C11,LM_3CR_A10,LM_3CR_C11,LM_3CR_Iso8,No,HeLa,hela
LM_3CR_A10Iso9C11,LM_3CR_A10,LM_3CR_C11,LM_3CR_Iso9,No,HeLa,hela
LM_3CR_A10Iso10C11,LM_3CR_A10,LM_3CR_C11,LM_3CR_Iso10,No,HeLa,hela
LM_3CR_A10Iso1C10,LM_3CR_A10,LM_3CR_C10,LM_3CR_Iso1,No,HeLa,hela
LM_3CR_A10Iso2C10,LM_3CR_A10,LM_3CR_C10,LM_3CR_Iso2,No,HeLa,hela
LM_3CR_A10Iso3C10,LM_3CR_A10,LM_3CR_C10,LM_3CR_Iso3,No,HeLa,hela
LM_3CR_A10Iso4C10,LM_3CR_A10,LM_3CR_C10,LM_3CR_Iso4,No,HeLa,hela
LM_3CR_A10Iso5C10,LM_3CR_A10,LM_3CR_C10,LM_3CR_Iso5,No,HeLa,hela
LM_3CR_A10Iso6C10,LM_3CR_A10,LM_3CR_C10,LM_3CR_Iso6,No,HeLa,hela
LM_3CR_A10Iso7C10,LM_3CR_A10,LM_3CR_C10,LM_3CR_Iso7,No,HeLa,hela
LM_3CR_A10Iso8C10,LM_3CR_A10,LM_3CR_C10,LM_3CR_Iso8,No,HeLa,hela
LM_3CR_A10Iso9C10,LM_3CR_A10,LM_3CR_C10,LM_3CR_Iso9,No,HeLa,hela
LM_3CR_A10Iso10C10,LM_3CR_A10,LM_3CR_C10,LM_3CR_Iso10,No,HeLa,hela
LM_3CR_A10Iso1C9,LM_3CR_A10,LM_3CR_C9,LM_3CR_Iso1,No,HeLa,hela
LM_3CR_A10Iso2C9,LM_3CR_A10,LM_3CR_C9,LM_3CR_Iso2,No,HeLa,hela
LM_3CR_A10Iso3C9,LM_3CR_A10,LM_3CR_C9,LM_3CR_Iso3,No,HeLa,hela
LM_3CR_A10Iso4C9,LM_3CR_A10,LM_3CR_C9,LM_3CR_Iso4,No,HeLa,hela
LM_3CR_A10Iso5C9,LM_3CR_A10,LM_3CR_C9,LM_3CR_Iso5,No,HeLa,hela
LM_3CR_A10Iso6C9,LM_3CR_A10,LM_3CR_C9,LM_3CR_Iso6,No,HeLa,hela
LM_3CR_A10Iso7C9,LM_3CR_A10,LM_3CR_C9,LM_3CR_Iso7,No,HeLa,hela
LM_3CR_A10Iso8C9,LM_3CR_A10,LM_3CR_C9,LM_3CR_Iso8,No,HeLa,hela
LM_3CR_A10Iso9C9,LM_3CR_A10,LM_3CR_C9,LM_3CR_Iso9,No,HeLa,hela
LM_3CR_A10Iso10C9,LM_3CR_A10,LM_3CR_C9,LM_3CR_Iso10,No,HeLa,hela
LM_3CR_A10Iso1C8,LM_3CR_A10,LM_3CR_C8,LM_3CR_Iso1,No,HeLa,hela
LM_3CR_A10Iso2C8,LM_3CR_A10,LM_3CR_C8,LM_3CR_Iso2,No,HeLa,hela
LM_3CR_A10Iso3C8,LM_3CR_A10,LM_3CR_C8,LM_3CR_Iso3,No,HeLa,hela
LM_3CR_A10Iso4C8,LM_3CR_A10,LM_3CR_C8,LM_3CR_Iso4,No,HeLa,hela
LM_3CR_A10Iso5C8,LM_3CR_A10,LM_3CR_C8,LM_3CR_Iso5,No,HeLa,hela
LM_3CR_A10Iso6C8,LM_3CR_A10,LM_3CR_C8,LM_3CR_Iso6,No,HeLa,hela
LM_3CR_A10Iso7C8,LM_3CR_A10,LM_3CR_C8,LM_3CR_Iso7,No,HeLa,hela
LM_3CR_A10Iso8C8,LM_3CR_A10,LM_3CR_C8,LM_3CR_Iso8,No,HeLa,hela
LM_3CR_A10Iso9C8,LM_3CR_A10,LM_3CR_C8,LM_3CR_Iso9,No,HeLa,hela
LM_3CR_A10Iso10C8,LM_3CR_A10,LM_3CR_C8,LM_3CR_Iso10,No,HeLa,hela
LM_3CR_A10Iso1C7,LM_3CR_A10,LM_3CR_C7,LM_3CR_Iso1,No,HeLa,hela
LM_3CR_A10Iso2C7,LM_3CR_A10,LM_3CR_C7,LM_3CR_Iso2,No,HeLa,hela
LM_3CR_A10Iso3C7,LM_3CR_A10,LM_3CR_C7,LM_3CR_Iso3,No,HeLa,hela
LM_3CR_A10Iso4C7,LM_3CR_A10,LM_3CR_C7,LM_3CR_Iso4,No,HeLa,hela
LM_3CR_A10Iso5C7,LM_3CR_A10,LM_3CR_C7,LM_3CR_Iso5,No,HeLa,hela
LM_3CR_A10Iso6C7,LM_3CR_A10,LM_3CR_C7,LM_3CR_Iso6,No,HeLa,hela
LM_3CR_A10Iso7C7,LM_3CR_A10,LM_3CR_C7,LM_3CR_Iso7,No,HeLa,hela
LM_3CR_A10Iso8C7,LM_3CR_A10,LM_3CR_C7,LM_3CR_Iso8,No,HeLa,hela
LM_3CR_A10Iso9C7,LM_3CR_A10,LM_3CR_C7,LM_3CR_Iso9,No,HeLa,hela
LM_3CR_A10Iso10C7,LM_3CR_A10,LM_3CR_C7,LM_3CR_Iso10,No,HeLa,hela
LM_3CR_A10Iso1CC7,LM_3CR_A10,LM_3CR_CC7,LM_3CR_Iso1,No,HeLa,hela
LM_3CR_A10Iso2CC7,LM_3CR_A10,LM_3CR_CC7,LM_3CR_Iso2,No,HeLa,hela
LM_3CR_A10Iso3CC7,LM_3CR_A10,LM_3CR_CC7,LM_3CR_Iso3,No,HeLa,hela
LM_3CR_A10Iso4CC7,LM_3CR_A10,LM_3CR_CC7,LM_3CR_Iso4,No,HeLa,hela
LM_3CR_A10Iso5CC7,LM_3CR_A10,LM_3CR_CC7,LM_3CR_Iso5,No,HeLa,hela
LM_3CR_A10Iso6CC7,LM_3CR_A10,LM_3CR_CC7,LM_3CR_Iso6,No,HeLa,hela
LM_3CR_A10Iso7CC7,LM_3CR_A10,LM_3CR_CC7,LM_3CR_Iso7,No,HeLa,hela
LM_3CR_A10Iso8CC7,LM_3CR_A10,LM_3CR_CC7,LM_3CR_Iso8,No,HeLa,hela
LM_3CR_A10Iso9CC7,LM_3CR_A10,LM_3CR_CC7,LM_3CR_Iso9,No,HeLa,hela
LM_3CR_A10Iso10CC7,LM_3CR_A10,LM_3CR_CC7,LM_3CR_Iso10,No,HeLa,hela
LM_3CR_A10Iso1CC6,LM_3CR_A10,LM_3CR_CC6,LM_3CR_Iso1,No,HeLa,hela
LM_3CR_A10Iso2CC6,LM_3CR_A10,LM_3CR_CC6,LM_3CR_Iso2,No,HeLa,hela
LM_3CR_A10Iso3CC6,LM_3CR_A10,LM_3CR_CC6,LM_3CR_Iso3,No,HeLa,hela
LM_3CR_A10Iso4CC6,LM_3CR_A10,LM_3CR_CC6,LM_3CR_Iso4,No,HeLa,hela
LM_3CR_A10Iso5CC6,LM_3CR_A10,LM_3CR_CC6,LM_3CR_Iso5,No,HeLa,hela
LM_3CR_A10Iso6CC6,LM_3CR_A10,LM_3CR_CC6,LM_3CR_Iso6,No,HeLa,hela
LM_3CR_A10Iso7CC6,LM_3CR_A10,LM_3CR_CC6,LM_3CR_Iso7,No,HeLa,hela
LM_3CR_A10Iso8CC6,LM_3CR_A10,LM_3CR_CC6,LM_3CR_Iso8,No,HeLa,hela
LM_3CR_A10Iso9CC6,LM_3CR_A10,LM_3CR_CC6,LM_3CR_Iso9,No,HeLa,hela
LM_3CR_A10Iso10CC6,LM_3CR_A10,LM_3CR_CC6,LM_3CR_Iso10,No,HeLa,hela
LM_3CR_A10Iso1C6,LM_3CR_A10,LM_3CR_C6,LM_3CR_Iso1,No,HeLa,hela
LM_3CR_A10Iso2C6,LM_3CR_A10,LM_3CR_C6,LM_3CR_Iso2,No,HeLa,hela
LM_3CR_A10Iso3C6,LM_3CR_A10,LM_3CR_C6,LM_3CR_Iso3,No,HeLa,hela
LM_3CR_A10Iso4C6,LM_3CR_A10,LM_3CR_C6,LM_3CR_Iso4,No,HeLa,hela
LM_3CR_A10Iso5C6,LM_3CR_A10,LM_3CR_C6,LM_3CR_Iso5,No,HeLa,hela
LM_3CR_A10Iso6C6,LM_3CR_A10,LM_3CR_C6,LM_3CR_Iso6,No,HeLa,hela
LM_3CR_A10Iso7C6,LM_3CR_A10,LM_3CR_C6,LM_3CR_Iso7,No,HeLa,hela
LM_3CR_A10Iso8C6,LM_3CR_A10,LM_3CR_C6,LM_3CR_Iso8,No,HeLa,hela
LM_3CR_A10Iso9C6,LM_3CR_A10,LM_3CR_C6,LM_3CR_Iso9,No,HeLa,hela
LM_3CR_A10Iso10C6,LM_3CR_A10,LM_3CR_C6,LM_3CR_Iso10,No,HeLa,hela
LM_3CR_A11Iso12DC18,LM_3CR_A11,LM_3CR_2DC18,LM_3CR_Iso1,No,HeLa,hela
LM_3CR_A11Iso22DC18,LM_3CR_A11,LM_3CR_2DC18,LM_3CR_Iso2,No,HeLa,hela
LM_3CR_A11Iso32DC18,LM_3CR_A11,LM_3CR_2DC18,LM_3CR_Iso3,No,HeLa,hela
LM_3CR_A11Iso42DC18,LM_3CR_A11,LM_3CR_2DC18,LM_3CR_Iso4,No,HeLa,hela
LM_3CR_A11Iso72DC18,LM_3CR_A11,LM_3CR_2DC18,LM_3CR_Iso7,No,HeLa,hela
LM_3CR_A11Iso82DC18,LM_3CR_A11,LM_3CR_2DC18,LM_3CR_Iso8,No,HeLa,hela
LM_3CR_A11Iso102DC18,LM_3CR_A11,LM_3CR_2DC18,LM_3CR_Iso10,No,HeLa,hela
LM_3CR_A11Iso1C11,LM_3CR_A11,LM_3CR_C11,LM_3CR_Iso1,No,HeLa,hela
LM_3CR_A11Iso2C11,LM_3CR_A11,LM_3CR_C11,LM_3CR_Iso2,No,HeLa,hela
LM_3CR_A11Iso3C11,LM_3CR_A11,LM_3CR_C11,LM_3CR_Iso3,No,HeLa,hela
LM_3CR_A11Iso4C11,LM_3CR_A11,LM_3CR_C11,LM_3CR_Iso4,No,HeLa,hela
LM_3CR_A11Iso5C11,LM_3CR_A11,LM_3CR_C11,LM_3CR_Iso5,No,HeLa,hela
LM_3CR_A11Iso6C11,LM_3CR_A11,LM_3CR_C11,LM_3CR_Iso6,No,HeLa,hela
LM_3CR_A11Iso7C11,LM_3CR_A11,LM_3CR_C11,LM_3CR_Iso7,No,HeLa,hela
LM_3CR_A11Iso8C11,LM_3CR_A11,LM_3CR_C11,LM_3CR_Iso8,No,HeLa,hela
LM_3CR_A11Iso9C11,LM_3CR_A11,LM_3CR_C11,LM_3CR_Iso9,No,HeLa,hela
LM_3CR_A11Iso10C11,LM_3CR_A11,LM_3CR_C11,LM_3CR_Iso10,No,HeLa,hela
LM_3CR_A11Iso1C10,LM_3CR_A11,LM_3CR_C10,LM_3CR_Iso1,No,HeLa,hela
LM_3CR_A11Iso2C10,LM_3CR_A11,LM_3CR_C10,LM_3CR_Iso2,No,HeLa,hela
LM_3CR_A11Iso3C10,LM_3CR_A11,LM_3CR_C10,LM_3CR_Iso3,No,HeLa,hela
LM_3CR_A11Iso4C10,LM_3CR_A11,LM_3CR_C10,LM_3CR_Iso4,No,HeLa,hela
LM_3CR_A11Iso5C10,LM_3CR_A11,LM_3CR_C10,LM_3CR_Iso5,No,HeLa,hela
LM_3CR_A11Iso6C10,LM_3CR_A11,LM_3CR_C10,LM_3CR_Iso6,No,HeLa,hela
LM_3CR_A11Iso7C10,LM_3CR_A11,LM_3CR_C10,LM_3CR_Iso7,No,HeLa,hela
LM_3CR_A11Iso8C10,LM_3CR_A11,LM_3CR_C10,LM_3CR_Iso8,No,HeLa,hela
LM_3CR_A11Iso9C10,LM_3CR_A11,LM_3CR_C10,LM_3CR_Iso9,No,HeLa,hela
LM_3CR_A11Iso10C10,LM_3CR_A11,LM_3CR_C10,LM_3CR_Iso10,No,HeLa,hela
LM_3CR_A11Iso1C9,LM_3CR_A11,LM_3CR_C9,LM_3CR_Iso1,No,HeLa,hela
LM_3CR_A11Iso2C9,LM_3CR_A11,LM_3CR_C9,LM_3CR_Iso2,No,HeLa,hela
LM_3CR_A11Iso3C9,LM_3CR_A11,LM_3CR_C9,LM_3CR_Iso3,No,HeLa,hela
LM_3CR_A11Iso4C9,LM_3CR_A11,LM_3CR_C9,LM_3CR_Iso4,No,HeLa,hela
LM_3CR_A11Iso5C9,LM_3CR_A11,LM_3CR_C9,LM_3CR_Iso5,No,HeLa,hela
LM_3CR_A11Iso6C9,LM_3CR_A11,LM_3CR_C9,LM_3CR_Iso6,No,HeLa,hela
LM_3CR_A11Iso7C9,LM_3CR_A11,LM_3CR_C9,LM_3CR_Iso7,No,HeLa,hela
LM_3CR_A11Iso8C9,LM_3CR_A11,LM_3CR_C9,LM_3CR_Iso8,No,HeLa,hela
LM_3CR_A11Iso9C9,LM_3CR_A11,LM_3CR_C9,LM_3CR_Iso9,No,HeLa,hela
LM_3CR_A11Iso10C9,LM_3CR_A11,LM_3CR_C9,LM_3CR_Iso10,No,HeLa,hela
LM_3CR_A11Iso1C8,LM_3CR_A11,LM_3CR_C8,LM_3CR_Iso1,No,HeLa,hela
LM_3CR_A11Iso2C8,LM_3CR_A11,LM_3CR_C8,LM_3CR_Iso2,No,HeLa,hela
LM_3CR_A11Iso3C8,LM_3CR_A11,LM_3CR_C8,LM_3CR_Iso3,No,HeLa,hela
LM_3CR_A11Iso4C8,LM_3CR_A11,LM_3CR_C8,LM_3CR_Iso4,No,HeLa,hela
LM_3CR_A11Iso5C8,LM_3CR_A11,LM_3CR_C8,LM_3CR_Iso5,No,HeLa,hela
LM_3CR_A11Iso6C8,LM_3CR_A11,LM_3CR_C8,LM_3CR_Iso6,No,HeLa,hela
LM_3CR_A11Iso7C8,LM_3CR_A11,LM_3CR_C8,LM_3CR_Iso7,No,HeLa,hela
LM_3CR_A11Iso8C8,LM_3CR_A11,LM_3CR_C8,LM_3CR_Iso8,No,HeLa,hela
LM_3CR_A11Iso9C8,LM_3CR_A11,LM_3CR_C8,LM_3CR_Iso9,No,HeLa,hela
LM_3CR_A11Iso10C8,LM_3CR_A11,LM_3CR_C8,LM_3CR_Iso10,No,HeLa,hela
LM_3CR_A11Iso1C7,LM_3CR_A11,LM_3CR_C7,LM_3CR_Iso1,No,HeLa,hela
LM_3CR_A11Iso2C7,LM_3CR_A11,LM_3CR_C7,LM_3CR_Iso2,No,HeLa,hela
LM_3CR_A11Iso3C7,LM_3CR_A11,LM_3CR_C7,LM_3CR_Iso3,No,HeLa,hela
LM_3CR_A11Iso4C7,LM_3CR_A11,LM_3CR_C7,LM_3CR_Iso4,No,HeLa,hela
LM_3CR_A11Iso5C7,LM_3CR_A11,LM_3CR_C7,LM_3CR_Iso5,No,HeLa,hela
LM_3CR_A11Iso6C7,LM_3CR_A11,LM_3CR_C7,LM_3CR_Iso6,No,HeLa,hela
LM_3CR_A11Iso7C7,LM_3CR_A11,LM_3CR_C7,LM_3CR_Iso7,No,HeLa,hela
LM_3CR_A11Iso8C7,LM_3CR_A11,LM_3CR_C7,LM_3CR_Iso8,No,HeLa,hela
LM_3CR_A11Iso9C7,LM_3CR_A11,LM_3CR_C7,LM_3CR_Iso9,No,HeLa,hela
LM_3CR_A11Iso10C7,LM_3CR_A11,LM_3CR_C7,LM_3CR_Iso10,No,HeLa,hela
LM_3CR_A11Iso1CC7,LM_3CR_A11,LM_3CR_CC7,LM_3CR_Iso1,No,HeLa,hela
LM_3CR_A11Iso2CC7,LM_3CR_A11,LM_3CR_CC7,LM_3CR_Iso2,No,HeLa,hela
LM_3CR_A11Iso3CC7,LM_3CR_A11,LM_3CR_CC7,LM_3CR_Iso3,No,HeLa,hela
LM_3CR_A11Iso4CC7,LM_3CR_A11,LM_3CR_CC7,LM_3CR_Iso4,No,HeLa,hela
LM_3CR_A11Iso5CC7,LM_3CR_A11,LM_3CR_CC7,LM_3CR_Iso5,No,HeLa,hela
LM_3CR_A11Iso6CC7,LM_3CR_A11,LM_3CR_CC7,LM_3CR_Iso6,No,HeLa,hela
LM_3CR_A11Iso7CC7,LM_3CR_A11,LM_3CR_CC7,LM_3CR_Iso7,No,HeLa,hela
LM_3CR_A11Iso8CC7,LM_3CR_A11,LM_3CR_CC7,LM_3CR_Iso8,No,HeLa,hela
LM_3CR_A11Iso9CC7,LM_3CR_A11,LM_3CR_CC7,LM_3CR_Iso9,No,HeLa,hela
LM_3CR_A11Iso10CC7,LM_3CR_A11,LM_3CR_CC7,LM_3CR_Iso10,No,HeLa,hela
LM_3CR_A11Iso1CC6,LM_3CR_A11,LM_3CR_CC6,LM_3CR_Iso1,No,HeLa,hela
LM_3CR_A11Iso2CC6,LM_3CR_A11,LM_3CR_CC6,LM_3CR_Iso2,No,HeLa,hela
LM_3CR_A11Iso3CC6,LM_3CR_A11,LM_3CR_CC6,LM_3CR_Iso3,No,HeLa,hela
LM_3CR_A11Iso4CC6,LM_3CR_A11,LM_3CR_CC6,LM_3CR_Iso4,No,HeLa,hela
LM_3CR_A11Iso5CC6,LM_3CR_A11,LM_3CR_CC6,LM_3CR_Iso5,No,HeLa,hela
LM_3CR_A11Iso6CC6,LM_3CR_A11,LM_3CR_CC6,LM_3CR_Iso6,No,HeLa,hela
LM_3CR_A11Iso7CC6,LM_3CR_A11,LM_3CR_CC6,LM_3CR_Iso7,No,HeLa,hela
LM_3CR_A11Iso8CC6,LM_3CR_A11,LM_3CR_CC6,LM_3CR_Iso8,No,HeLa,hela
LM_3CR_A11Iso9CC6,LM_3CR_A11,LM_3CR_CC6,LM_3CR_Iso9,No,HeLa,hela
LM_3CR_A11Iso10CC6,LM_3CR_A11,LM_3CR_CC6,LM_3CR_Iso10,No,HeLa,hela
LM_3CR_A11Iso1C6,LM_3CR_A11,LM_3CR_C6,LM_3CR_Iso1,No,HeLa,hela
LM_3CR_A11Iso2C6,LM_3CR_A11,LM_3CR_C6,LM_3CR_Iso2,No,HeLa,hela
LM_3CR_A11Iso3C6,LM_3CR_A11,LM_3CR_C6,LM_3CR_Iso3,No,HeLa,hela
LM_3CR_A11Iso4C6,LM_3CR_A11,LM_3CR_C6,LM_3CR_Iso4,No,HeLa,hela
LM_3CR_A11Iso5C6,LM_3CR_A11,LM_3CR_C6,LM_3CR_Iso5,No,HeLa,hela
LM_3CR_A11Iso6C6,LM_3CR_A11,LM_3CR_C6,LM_3CR_Iso6,No,HeLa,hela
LM_3CR_A11Iso7C6,LM_3CR_A11,LM_3CR_C6,LM_3CR_Iso7,No,HeLa,hela
LM_3CR_A11Iso8C6,LM_3CR_A11,LM_3CR_C6,LM_3CR_Iso8,No,HeLa,hela
LM_3CR_A11Iso9C6,LM_3CR_A11,LM_3CR_C6,LM_3CR_Iso9,No,HeLa,hela
LM_3CR_A11Iso10C6,LM_3CR_A11,LM_3CR_C6,LM_3CR_Iso10,No,HeLa,hela
LM_3CR_A12Iso12DC18,LM_3CR_A12,LM_3CR_2DC18,LM_3CR_Iso1,No,HeLa,hela
LM_3CR_A12Iso22DC18,LM_3CR_A12,LM_3CR_2DC18,LM_3CR_Iso2,No,HeLa,hela
LM_3CR_A12Iso32DC18,LM_3CR_A12,LM_3CR_2DC18,LM_3CR_Iso3,No,HeLa,hela
LM_3CR_A12Iso42DC18,LM_3CR_A12,LM_3CR_2DC18,LM_3CR_Iso4,Yes,HeLa,hela
LM_3CR_A12Iso72DC18,LM_3CR_A12,LM_3CR_2DC18,LM_3CR_Iso7,Yes,HeLa,hela
LM_3CR_A12Iso82DC18,LM_3CR_A12,LM_3CR_2DC18,LM_3CR_Iso8,Yes,HeLa,hela
LM_3CR_A12Iso102DC18,LM_3CR_A12,LM_3CR_2DC18,LM_3CR_Iso10,No,HeLa,hela
LM_3CR_A12Iso1C11,LM_3CR_A12,LM_3CR_C11,LM_3CR_Iso1,No,HeLa,hela
LM_3CR_A12Iso2C11,LM_3CR_A12,LM_3CR_C11,LM_3CR_Iso2,No,HeLa,hela
LM_3CR_A12Iso3C11,LM_3CR_A12,LM_3CR_C11,LM_3CR_Iso3,No,HeLa,hela
LM_3CR_A12Iso4C11,LM_3CR_A12,LM_3CR_C11,LM_3CR_Iso4,Yes,HeLa,hela
LM_3CR_A12Iso5C11,LM_3CR_A12,LM_3CR_C11,LM_3CR_Iso5,Yes,HeLa,hela
LM_3CR_A12Iso6C11,LM_3CR_A12,LM_3CR_C11,LM_3CR_Iso6,Yes,HeLa,hela
LM_3CR_A12Iso7C11,LM_3CR_A12,LM_3CR_C11,LM_3CR_Iso7,Yes,HeLa,hela
LM_3CR_A12Iso8C11,LM_3CR_A12,LM_3CR_C11,LM_3CR_Iso8,Yes,HeLa,hela
LM_3CR_A12Iso9C11,LM_3CR_A12,LM_3CR_C11,LM_3CR_Iso9,No,HeLa,hela
LM_3CR_A12Iso10C11,LM_3CR_A12,LM_3CR_C11,LM_3CR_Iso10,No,HeLa,hela
LM_3CR_A12Iso1C10,LM_3CR_A12,LM_3CR_C10,LM_3CR_Iso1,No,HeLa,hela
LM_3CR_A12Iso2C10,LM_3CR_A12,LM_3CR_C10,LM_3CR_Iso2,No,HeLa,hela
LM_3CR_A12Iso3C10,LM_3CR_A12,LM_3CR_C10,LM_3CR_Iso3,No,HeLa,hela
LM_3CR_A12Iso4C10,LM_3CR_A12,LM_3CR_C10,LM_3CR_Iso4,Yes,HeLa,hela
LM_3CR_A12Iso5C10,LM_3CR_A12,LM_3CR_C10,LM_3CR_Iso5,Yes,HeLa,hela
LM_3CR_A12Iso6C10,LM_3CR_A12,LM_3CR_C10,LM_3CR_Iso6,Yes,HeLa,hela
LM_3CR_A12Iso7C10,LM_3CR_A12,LM_3CR_C10,LM_3CR_Iso7,Yes,HeLa,hela
LM_3CR_A12Iso8C10,LM_3CR_A12,LM_3CR_C10,LM_3CR_Iso8,Yes,HeLa,hela
LM_3CR_A12Iso9C10,LM_3CR_A12,LM_3CR_C10,LM_3CR_Iso9,No,HeLa,hela
LM_3CR_A12Iso10C10,LM_3CR_A12,LM_3CR_C10,LM_3CR_Iso10,No,HeLa,hela
LM_3CR_A12Iso1C9,LM_3CR_A12,LM_3CR_C9,LM_3CR_Iso1,No,HeLa,hela
LM_3CR_A12Iso2C9,LM_3CR_A12,LM_3CR_C9,LM_3CR_Iso2,No,HeLa,hela
LM_3CR_A12Iso3C9,LM_3CR_A12,LM_3CR_C9,LM_3CR_Iso3,No,HeLa,hela
LM_3CR_A12Iso4C9,LM_3CR_A12,LM_3CR_C9,LM_3CR_Iso4,Yes,HeLa,hela
LM_3CR_A12Iso5C9,LM_3CR_A12,LM_3CR_C9,LM_3CR_Iso5,Yes,HeLa,hela
LM_3CR_A12Iso6C9,LM_3CR_A12,LM_3CR_C9,LM_3CR_Iso6,Yes,HeLa,hela
LM_3CR_A12Iso7C9,LM_3CR_A12,LM_3CR_C9,LM_3CR_Iso7,Yes,HeLa,hela
LM_3CR_A12Iso8C9,LM_3CR_A12,LM_3CR_C9,LM_3CR_Iso8,Yes,HeLa,hela
LM_3CR_A12Iso9C9,LM_3CR_A12,LM_3CR_C9,LM_3CR_Iso9,No,HeLa,hela
LM_3CR_A12Iso10C9,LM_3CR_A12,LM_3CR_C9,LM_3CR_Iso10,No,HeLa,hela
LM_3CR_A12Iso1C8,LM_3CR_A12,LM_3CR_C8,LM_3CR_Iso1,No,HeLa,hela
LM_3CR_A12Iso2C8,LM_3CR_A12,LM_3CR_C8,LM_3CR_Iso2,No,HeLa,hela
LM_3CR_A12Iso3C8,LM_3CR_A12,LM_3CR_C8,LM_3CR_Iso3,No,HeLa,hela
LM_3CR_A12Iso4C8,LM_3CR_A12,LM_3CR_C8,LM_3CR_Iso4,Yes,HeLa,hela
LM_3CR_A12Iso5C8,LM_3CR_A12,LM_3CR_C8,LM_3CR_Iso5,Yes,HeLa,hela
LM_3CR_A12Iso6C8,LM_3CR_A12,LM_3CR_C8,LM_3CR_Iso6,Yes,HeLa,hela
LM_3CR_A12Iso7C8,LM_3CR_A12,LM_3CR_C8,LM_3CR_Iso7,Yes,HeLa,hela
LM_3CR_A12Iso8C8,LM_3CR_A12,LM_3CR_C8,LM_3CR_Iso8,Yes,HeLa,hela
LM_3CR_A12Iso9C8,LM_3CR_A12,LM_3CR_C8,LM_3CR_Iso9,No,HeLa,hela
LM_3CR_A12Iso10C8,LM_3CR_A12,LM_3CR_C8,LM_3CR_Iso10,No,HeLa,hela
LM_3CR_A12Iso1C7,LM_3CR_A12,LM_3CR_C7,LM_3CR_Iso1,No,HeLa,hela
LM_3CR_A12Iso2C7,LM_3CR_A12,LM_3CR_C7,LM_3CR_Iso2,No,HeLa,hela
LM_3CR_A12Iso3C7,LM_3CR_A12,LM_3CR_C7,LM_3CR_Iso3,No,HeLa,hela
LM_3CR_A12Iso4C7,LM_3CR_A12,LM_3CR_C7,LM_3CR_Iso4,Yes,HeLa,hela
LM_3CR_A12Iso5C7,LM_3CR_A12,LM_3CR_C7,LM_3CR_Iso5,Yes,HeLa,hela
LM_3CR_A12Iso6C7,LM_3CR_A12,LM_3CR_C7,LM_3CR_Iso6,Yes,HeLa,hela
LM_3CR_A12Iso7C7,LM_3CR_A12,LM_3CR_C7,LM_3CR_Iso7,Yes,HeLa,hela
LM_3CR_A12Iso8C7,LM_3CR_A12,LM_3CR_C7,LM_3CR_Iso8,Yes,HeLa,hela
LM_3CR_A12Iso9C7,LM_3CR_A12,LM_3CR_C7,LM_3CR_Iso9,No,HeLa,hela
LM_3CR_A12Iso10C7,LM_3CR_A12,LM_3CR_C7,LM_3CR_Iso10,No,HeLa,hela
LM_3CR_A12Iso1CC7,LM_3CR_A12,LM_3CR_CC7,LM_3CR_Iso1,No,HeLa,hela
LM_3CR_A12Iso2CC7,LM_3CR_A12,LM_3CR_CC7,LM_3CR_Iso2,No,HeLa,hela
LM_3CR_A12Iso3CC7,LM_3CR_A12,LM_3CR_CC7,LM_3CR_Iso3,No,HeLa,hela
LM_3CR_A12Iso4CC7,LM_3CR_A12,LM_3CR_CC7,LM_3CR_Iso4,Yes,HeLa,hela
LM_3CR_A12Iso5CC7,LM_3CR_A12,LM_3CR_CC7,LM_3CR_Iso5,Yes,HeLa,hela
LM_3CR_A12Iso6CC7,LM_3CR_A12,LM_3CR_CC7,LM_3CR_Iso6,Yes,HeLa,hela
LM_3CR_A12Iso7CC7,LM_3CR_A12,LM_3CR_CC7,LM_3CR_Iso7,Yes,HeLa,hela
LM_3CR_A12Iso8CC7,LM_3CR_A12,LM_3CR_CC7,LM_3CR_Iso8,Yes,HeLa,hela
LM_3CR_A12Iso9CC7,LM_3CR_A12,LM_3CR_CC7,LM_3CR_Iso9,No,HeLa,hela
LM_3CR_A12Iso10CC7,LM_3CR_A12,LM_3CR_CC7,LM_3CR_Iso10,No,HeLa,hela
LM_3CR_A12Iso1CC6,LM_3CR_A12,LM_3CR_CC6,LM_3CR_Iso1,No,HeLa,hela
LM_3CR_A12Iso2CC6,LM_3CR_A12,LM_3CR_CC6,LM_3CR_Iso2,No,HeLa,hela
LM_3CR_A12Iso3CC6,LM_3CR_A12,LM_3CR_CC6,LM_3CR_Iso3,No,HeLa,hela
LM_3CR_A12Iso4CC6,LM_3CR_A12,LM_3CR_CC6,LM_3CR_Iso4,Yes,HeLa,hela
LM_3CR_A12Iso5CC6,LM_3CR_A12,LM_3CR_CC6,LM_3CR_Iso5,Yes,HeLa,hela
LM_3CR_A12Iso6CC6,LM_3CR_A12,LM_3CR_CC6,LM_3CR_Iso6,Yes,HeLa,hela
LM_3CR_A12Iso7CC6,LM_3CR_A12,LM_3CR_CC6,LM_3CR_Iso7,Yes,HeLa,hela
LM_3CR_A12Iso8CC6,LM_3CR_A12,LM_3CR_CC6,LM_3CR_Iso8,Yes,HeLa,hela
LM_3CR_A12Iso9CC6,LM_3CR_A12,LM_3CR_CC6,LM_3CR_Iso9,No,HeLa,hela
LM_3CR_A12Iso10CC6,LM_3CR_A12,LM_3CR_CC6,LM_3CR_Iso10,No,HeLa,hela
LM_3CR_A12Iso1C6,LM_3CR_A12,LM_3CR_C6,LM_3CR_Iso1,No,HeLa,hela
LM_3CR_A12Iso2C6,LM_3CR_A12,LM_3CR_C6,LM_3CR_Iso2,No,HeLa,hela
LM_3CR_A12Iso3C6,LM_3CR_A12,LM_3CR_C6,LM_3CR_Iso3,No,HeLa,hela
LM_3CR_A12Iso4C6,LM_3CR_A12,LM_3CR_C6,LM_3CR_Iso4,Yes,HeLa,hela
LM_3CR_A12Iso5C6,LM_3CR_A12,LM_3CR_C6,LM_3CR_Iso5,Yes,HeLa,hela
LM_3CR_A12Iso6C6,LM_3CR_A12,LM_3CR_C6,LM_3CR_Iso6,Yes,HeLa,hela
LM_3CR_A12Iso7C6,LM_3CR_A12,LM_3CR_C6,LM_3CR_Iso7,Yes,HeLa,hela
LM_3CR_A12Iso8C6,LM_3CR_A12,LM_3CR_C6,LM_3CR_Iso8,Yes,HeLa,hela
LM_3CR_A12Iso9C6,LM_3CR_A12,LM_3CR_C6,LM_3CR_Iso9,No,HeLa,hela
LM_3CR_A12Iso10C6,LM_3CR_A12,LM_3CR_C6,LM_3CR_Iso10,No,HeLa,hela
LM_3CR_A12Iso52DC18,LM_3CR_A12,LM_3CR_2DC18,LM_3CR_Iso5,Yes,BDMC,bdmc
LM_3CR_A2Iso52DC18,LM_3CR_A2,LM_3CR_2DC18,LM_3CR_Iso5,Yes,BDMC,bdmc
LM_3CR_A3Iso52DC18,LM_3CR_A3,LM_3CR_2DC18,LM_3CR_Iso5,No,BDMC,bdmc
LM_3CR_A5Iso52DC18,LM_3CR_A5,LM_3CR_2DC18,LM_3CR_Iso5,Yes,BDMC,bdmc
LM_3CR_A1Iso52DC18,LM_3CR_A1,LM_3CR_2DC18,LM_3CR_Iso5,Yes,BDMC,bdmc
LM_3CR_A4Iso52DC18,LM_3CR_A4,LM_3CR_2DC18,LM_3CR_Iso5,No,BDMC,bdmc
LM_3CR_A6Iso52DC18,LM_3CR_A6,LM_3CR_2DC18,LM_3CR_Iso5,No,BDMC,bdmc
LM_3CR_A8Iso52DC18,LM_3CR_A8,LM_3CR_2DC18,LM_3CR_Iso5,No,BDMC,bdmc
LM_3CR_A7Iso52DC18,LM_3CR_A7,LM_3CR_2DC18,LM_3CR_Iso5,No,BDMC,bdmc
LM_3CR_A11Iso52DC18,LM_3CR_A11,LM_3CR_2DC18,LM_3CR_Iso5,No,BDMC,bdmc
LM_3CR_A9Iso52DC18,LM_3CR_A9,LM_3CR_2DC18,LM_3CR_Iso5,No,BDMC,bdmc
LM_3CR_A10Iso52DC18,LM_3CR_A10,LM_3CR_2DC18,LM_3CR_Iso5,No,BDMC,bdmc
LM_3CR_A3Iso62DC18,LM_3CR_A3,LM_3CR_2DC18,LM_3CR_Iso6,No,BDMC,bdmc
LM_3CR_A2Iso62DC18,LM_3CR_A2,LM_3CR_2DC18,LM_3CR_Iso6,Yes,BDMC,bdmc
LM_3CR_A12Iso62DC18,LM_3CR_A12,LM_3CR_2DC18,LM_3CR_Iso6,Yes,BDMC,bdmc
LM_3CR_A5Iso62DC18,LM_3CR_A5,LM_3CR_2DC18,LM_3CR_Iso6,Yes,BDMC,bdmc
LM_3CR_A1Iso62DC18,LM_3CR_A1,LM_3CR_2DC18,LM_3CR_Iso6,Yes,BDMC,bdmc
LM_3CR_A2Iso92DC18,LM_3CR_A2,LM_3CR_2DC18,LM_3CR_Iso9,No,BDMC,bdmc
LM_3CR_A1Iso92DC18,LM_3CR_A1,LM_3CR_2DC18,LM_3CR_Iso9,No,BDMC,bdmc
LM_3CR_A5Iso92DC18,LM_3CR_A5,LM_3CR_2DC18,LM_3CR_Iso9,No,BDMC,bdmc
LM_3CR_A12Iso92DC18,LM_3CR_A12,LM_3CR_2DC18,LM_3CR_Iso9,No,BDMC,bdmc
LM_3CR_A9Iso92DC18,LM_3CR_A9,LM_3CR_2DC18,LM_3CR_Iso9,No,BDMC,bdmc
LM_3CR_A8Iso92DC18,LM_3CR_A8,LM_3CR_2DC18,LM_3CR_Iso9,No,BDMC,bdmc
LM_3CR_A3Iso92DC18,LM_3CR_A3,LM_3CR_2DC18,LM_3CR_Iso9,No,BDMC,bdmc
LM_3CR_A6Iso92DC18,LM_3CR_A6,LM_3CR_2DC18,LM_3CR_Iso9,No,BDMC,bdmc
LM_3CR_A7Iso92DC18,LM_3CR_A7,LM_3CR_2DC18,LM_3CR_Iso9,No,BDMC,bdmc
LM_3CR_A4Iso92DC18,LM_3CR_A4,LM_3CR_2DC18,LM_3CR_Iso9,No,BDMC,bdmc
LM_3CR_A11Iso62DC18,LM_3CR_A11,LM_3CR_2DC18,LM_3CR_Iso6,No,BDMC,bdmc
LM_3CR_A9Iso62DC18,LM_3CR_A9,LM_3CR_2DC18,LM_3CR_Iso6,No,BDMC,bdmc
LM_3CR_A11Iso92DC18,LM_3CR_A11,LM_3CR_2DC18,LM_3CR_Iso9,No,BDMC,bdmc
LM_3CR_A6Iso62DC18,LM_3CR_A6,LM_3CR_2DC18,LM_3CR_Iso6,No,BDMC,bdmc
LM_3CR_A4Iso62DC18,LM_3CR_A4,LM_3CR_2DC18,LM_3CR_Iso6,No,BDMC,bdmc
LM_3CR_A7Iso62DC18,LM_3CR_A7,LM_3CR_2DC18,LM_3CR_Iso6,No,BDMC,bdmc
LM_3CR_A8Iso62DC18,LM_3CR_A8,LM_3CR_2DC18,LM_3CR_Iso6,No,BDMC,bdmc
LM_3CR_A10Iso92DC18,LM_3CR_A10,LM_3CR_2DC18,LM_3CR_Iso9,No,BDMC,bdmc
LM_3CR_A10Iso62DC18,LM_3CR_A10,LM_3CR_2DC18,LM_3CR_Iso6,No,BDMC,bdmc
LM_3CR_A12Iso52DC18,LM_3CR_A12,LM_3CR_2DC18,LM_3CR_Iso5,Yes,BMDM,bmdm
LM_3CR_A2Iso52DC18,LM_3CR_A2,LM_3CR_2DC18,LM_3CR_Iso5,Yes,BMDM,bmdm
LM_3CR_A3Iso52DC18,LM_3CR_A3,LM_3CR_2DC18,LM_3CR_Iso5,No,BMDM,bmdm
LM_3CR_A5Iso52DC18,LM_3CR_A5,LM_3CR_2DC18,LM_3CR_Iso5,Yes,BMDM,bmdm
LM_3CR_A1Iso52DC18,LM_3CR_A1,LM_3CR_2DC18,LM_3CR_Iso5,Yes,BMDM,bmdm
LM_3CR_A4Iso52DC18,LM_3CR_A4,LM_3CR_2DC18,LM_3CR_Iso5,No,BMDM,bmdm
LM_3CR_A6Iso52DC18,LM_3CR_A6,LM_3CR_2DC18,LM_3CR_Iso5,No,BMDM,bmdm
LM_3CR_A8Iso52DC18,LM_3CR_A8,LM_3CR_2DC18,LM_3CR_Iso5,No,BMDM,bmdm
LM_3CR_A7Iso52DC18,LM_3CR_A7,LM_3CR_2DC18,LM_3CR_Iso5,No,BMDM,bmdm
LM_3CR_A11Iso52DC18,LM_3CR_A11,LM_3CR_2DC18,LM_3CR_Iso5,No,BMDM,bmdm
LM_3CR_A9Iso52DC18,LM_3CR_A9,LM_3CR_2DC18,LM_3CR_Iso5,No,BMDM,bmdm
LM_3CR_A10Iso52DC18,LM_3CR_A10,LM_3CR_2DC18,LM_3CR_Iso5,No,BMDM,bmdm