Lipid_name,4CR_Lipid_name,Amine,Isocyanide,Aldehyde,Carboxylic_acid,Model_type,Delivery_target,Route_of_administration,Experiment_weight,screen_id
IR_4CR_aldehyde_211-9,211-9,IR_4CR_Amine_9,IR_4CR_Isocyanide_1,IR_4CR_Aldehyde_2,IR_4CR_Carboxylic_acid_1,HeLa,hela,in_vitro,1,hela_4cr_aldehyde
IR_4CR_aldehyde_121-9,121-9,IR_4CR_Amine_9,IR_4CR_Isocyanide_1,IR_4CR_Aldehyde_1,IR_4CR_Carboxylic_acid_2,HeLa,hela,in_vitro,1,hela_4cr_aldehyde
IR_4CR_aldehyde_131-9,131-9,IR_4CR_Amine_9,IR_4CR_Isocyanide_1,IR_4CR_Aldehyde_1,IR_4CR_Carboxylic_acid_3,HeLa,hela,in_vitro,1,hela_4cr_aldehyde
IR_4CR_aldehyde_323-23,323-23,IR_4CR_Amine_23,IR_4CR_Isocyanide_3,IR_4CR_Aldehyde_3,IR_4CR_Carboxylic_acid_2,HeLa,hela,in_vitro,1,hela_4cr_aldehyde
IR_4CR_aldehyde_231-9,231-9,IR_4CR_Amine_9,IR_4CR_Isocyanide_1,IR_4CR_Aldehyde_2,IR_4CR_Carboxylic_acid_3,HeLa,hela,in_vitro,1,hela_4cr_aldehyde
IR_4CR_aldehyde_623-23,623-23,IR_4CR_Amine_23,IR_4CR_Isocyanide_3,IR_4CR_Aldehyde_6,IR_4CR_Carboxylic_acid_2,HeLa,hela,in_vitro,1,hela_4cr_aldehyde
IR_4CR_aldehyde_421-9,421-9,IR_4CR_Amine_9,IR_4CR_Isocyanide_1,IR_4CR_Aldehyde_4,IR_4CR_Carboxylic_acid_2,HeLa,hela,in_vitro,1,hela_4cr_aldehyde
IR_4CR_aldehyde_441-9,441-9,IR_4CR_Amine_9,IR_4CR_Isocyanide_1,IR_4CR_Aldehyde_4,IR_4CR_Carboxylic_acid_4,HeLa,hela,in_vitro,1,hela_4cr_aldehyde
IR_4CR_aldehyde_111-9,111-9,IR_4CR_Amine_9,IR_4CR_Isocyanide_1,IR_4CR_Aldehyde_1,IR_4CR_Carboxylic_acid_1,HeLa,hela,in_vitro,1,hela_4cr_aldehyde
IR_4CR_aldehyde_411-9,411-9,IR_4CR_Amine_9,IR_4CR_Isocyanide_1,IR_4CR_Aldehyde_4,IR_4CR_Carboxylic_acid_1,HeLa,hela,in_vitro,1,hela_4cr_aldehyde
IR_4CR_aldehyde_114-23,114-23,IR_4CR_Amine_23,IR_4CR_Isocyanide_4,IR_4CR_Aldehyde_1,IR_4CR_Carboxylic_acid_1,HeLa,hela,in_vitro,1,hela_4cr_aldehyde
IR_4CR_aldehyde_321-23,321-23,IR_4CR_Amine_23,IR_4CR_Isocyanide_1,IR_4CR_Aldehyde_3,IR_4CR_Carboxylic_acid_2,HeLa,hela,in_vitro,1,hela_4cr_aldehyde
IR_4CR_aldehyde_243-23,243-23,IR_4CR_Amine_23,IR_4CR_Isocyanide_3,IR_4CR_Aldehyde_2,IR_4CR_Carboxylic_acid_4,HeLa,hela,in_vitro,1,hela_4cr_aldehyde
IR_4CR_aldehyde_442-23,442-23,IR_4CR_Amine_23,IR_4CR_Isocyanide_2,IR_4CR_Aldehyde_4,IR_4CR_Carboxylic_acid_4,HeLa,hela,in_vitro,1,hela_4cr_aldehyde
IR_4CR_aldehyde_633-23,633-23,IR_4CR_Amine_23,IR_4CR_Isocyanide_3,IR_4CR_Aldehyde_6,IR_4CR_Carboxylic_acid_3,HeLa,hela,in_vitro,1,hela_4cr_aldehyde
IR_4CR_aldehyde_223-23,223-23,IR_4CR_Amine_23,IR_4CR_Isocyanide_3,IR_4CR_Aldehyde_2,IR_4CR_Carboxylic_acid_2,HeLa,hela,in_vitro,1,hela_4cr_aldehyde
IR_4CR_aldehyde_242-23,242-23,IR_4CR_Amine_23,IR_4CR_Isocyanide_2,IR_4CR_Aldehyde_2,IR_4CR_Carboxylic_acid_4,HeLa,hela,in_vitro,1,hela_4cr_aldehyde
IR_4CR_aldehyde_444-23,444-23,IR_4CR_Amine_23,IR_4CR_Isocyanide_4,IR_4CR_Aldehyde_4,IR_4CR_Carboxylic_acid_4,HeLa,hela,in_vitro,1,hela_4cr_aldehyde
IR_4CR_aldehyde_311-23,311-23,IR_4CR_Amine_23,IR_4CR_Isocyanide_1,IR_4CR_Aldehyde_3,IR_4CR_Carboxylic_acid_1,HeLa,hela,in_vitro,1,hela_4cr_aldehyde
IR_4CR_aldehyde_112-23,112-23,IR_4CR_Amine_23,IR_4CR_Isocyanide_2,IR_4CR_Aldehyde_1,IR_4CR_Carboxylic_acid_1,HeLa,hela,in_vitro,1,hela_4cr_aldehyde
IR_4CR_aldehyde_634-23,634-23,IR_4CR_Amine_23,IR_4CR_Isocyanide_4,IR_4CR_Aldehyde_6,IR_4CR_Carboxylic_acid_3,HeLa,hela,in_vitro,1,hela_4cr_aldehyde
IR_4CR_aldehyde_443-23,443-23,IR_4CR_Amine_23,IR_4CR_Isocyanide_3,IR_4CR_Aldehyde_4,IR_4CR_Carboxylic_acid_4,HeLa,hela,in_vitro,1,hela_4cr_aldehyde
IR_4CR_aldehyde_632-23,632-23,IR_4CR_Amine_23,IR_4CR_Isocyanide_2,IR_4CR_Aldehyde_6,IR_4CR_Carboxylic_acid_3,HeLa,hela,in_vitro,1,hela_4cr_aldehyde
IR_4CR_aldehyde_624-23,624-23,IR_4CR_Amine_23,IR_4CR_Isocyanide_4,IR_4CR_Aldehyde_6,IR_4CR_Carboxylic_acid_2,HeLa,hela,in_vitro,1,hela_4cr_aldehyde
IR_4CR_aldehyde_712-23,712-23,IR_4CR_Amine_23,IR_4CR_Isocyanide_2,IR_4CR_Aldehyde_7,IR_4CR_Carboxylic_acid_1,HeLa,hela,in_vitro,1,hela_4cr_aldehyde
IR_4CR_aldehyde_311-9,311-9,IR_4CR_Amine_9,IR_4CR_Isocyanide_1,IR_4CR_Aldehyde_3,IR_4CR_Carboxylic_acid_1,HeLa,hela,in_vitro,1,hela_4cr_aldehyde
IR_4CR_aldehyde_612-23,612-23,IR_4CR_Amine_23,IR_4CR_Isocyanide_2,IR_4CR_Aldehyde_6,IR_4CR_Carboxylic_acid_1,HeLa,hela,in_vitro,1,hela_4cr_aldehyde
IR_4CR_aldehyde_723-23,723-23,IR_4CR_Amine_23,IR_4CR_Isocyanide_3,IR_4CR_Aldehyde_7,IR_4CR_Carboxylic_acid_2,HeLa,hela,in_vitro,1,hela_4cr_aldehyde
IR_4CR_aldehyde_642-23,642-23,IR_4CR_Amine_23,IR_4CR_Isocyanide_2,IR_4CR_Aldehyde_6,IR_4CR_Carboxylic_acid_4,HeLa,hela,in_vitro,1,hela_4cr_aldehyde
IR_4CR_aldehyde_234-23,234-23,IR_4CR_Amine_23,IR_4CR_Isocyanide_4,IR_4CR_Aldehyde_2,IR_4CR_Carboxylic_acid_3,HeLa,hela,in_vitro,1,hela_4cr_aldehyde
IR_4CR_aldehyde_124-23,124-23,IR_4CR_Amine_23,IR_4CR_Isocyanide_4,IR_4CR_Aldehyde_1,IR_4CR_Carboxylic_acid_2,HeLa,hela,in_vitro,1,hela_4cr_aldehyde
IR_4CR_aldehyde_244-23,244-23,IR_4CR_Amine_23,IR_4CR_Isocyanide_4,IR_4CR_Aldehyde_2,IR_4CR_Carboxylic_acid_4,HeLa,hela,in_vitro,1,hela_4cr_aldehyde
IR_4CR_aldehyde_614-23,614-23,IR_4CR_Amine_23,IR_4CR_Isocyanide_4,IR_4CR_Aldehyde_6,IR_4CR_Carboxylic_acid_1,HeLa,hela,in_vitro,1,hela_4cr_aldehyde
IR_4CR_aldehyde_113-23,113-23,IR_4CR_Amine_23,IR_4CR_Isocyanide_3,IR_4CR_Aldehyde_1,IR_4CR_Carboxylic_acid_1,HeLa,hela,in_vitro,1,hela_4cr_aldehyde
IR_4CR_aldehyde_611-23,611-23,IR_4CR_Amine_23,IR_4CR_Isocyanide_1,IR_4CR_Aldehyde_6,IR_4CR_Carboxylic_acid_1,HeLa,hela,in_vitro,1,hela_4cr_aldehyde
IR_4CR_aldehyde_124-9,124-9,IR_4CR_Amine_9,IR_4CR_Isocyanide_4,IR_4CR_Aldehyde_1,IR_4CR_Carboxylic_acid_2,HeLa,hela,in_vitro,1,hela_4cr_aldehyde
IR_4CR_aldehyde_631-23,631-23,IR_4CR_Amine_23,IR_4CR_Isocyanide_1,IR_4CR_Aldehyde_6,IR_4CR_Carboxylic_acid_3,HeLa,hela,in_vitro,1,hela_4cr_aldehyde
IR_4CR_aldehyde_613-23,613-23,IR_4CR_Amine_23,IR_4CR_Isocyanide_3,IR_4CR_Aldehyde_6,IR_4CR_Carboxylic_acid_1,HeLa,hela,in_vitro,1,hela_4cr_aldehyde
IR_4CR_aldehyde_543-23,543-23,IR_4CR_Amine_23,IR_4CR_Isocyanide_3,IR_4CR_Aldehyde_5,IR_4CR_Carboxylic_acid_4,HeLa,hela,in_vitro,1,hela_4cr_aldehyde
IR_4CR_aldehyde_631-9,631-9,IR_4CR_Amine_9,IR_4CR_Isocyanide_1,IR_4CR_Aldehyde_6,IR_4CR_Carboxylic_acid_3,HeLa,hela,in_vitro,1,hela_4cr_aldehyde
IR_4CR_aldehyde_341-9,341-9,IR_4CR_Amine_9,IR_4CR_Isocyanide_1,IR_4CR_Aldehyde_3,IR_4CR_Carboxylic_acid_4,HeLa,hela,in_vitro,1,hela_4cr_aldehyde
IR_4CR_aldehyde_512-23,512-23,IR_4CR_Amine_23,IR_4CR_Isocyanide_2,IR_4CR_Aldehyde_5,IR_4CR_Carboxylic_acid_1,HeLa,hela,in_vitro,1,hela_4cr_aldehyde
IR_4CR_aldehyde_213-23,213-23,IR_4CR_Amine_23,IR_4CR_Isocyanide_3,IR_4CR_Aldehyde_2,IR_4CR_Carboxylic_acid_1,HeLa,hela,in_vitro,1,hela_4cr_aldehyde
IR_4CR_aldehyde_714-23,714-23,IR_4CR_Amine_23,IR_4CR_Isocyanide_4,IR_4CR_Aldehyde_7,IR_4CR_Carboxylic_acid_1,HeLa,hela,in_vitro,1,hela_4cr_aldehyde
IR_4CR_aldehyde_143-23,143-23,IR_4CR_Amine_23,IR_4CR_Isocyanide_3,IR_4CR_Aldehyde_1,IR_4CR_Carboxylic_acid_4,HeLa,hela,in_vitro,1,hela_4cr_aldehyde
IR_4CR_aldehyde_544-23,544-23,IR_4CR_Amine_23,IR_4CR_Isocyanide_4,IR_4CR_Aldehyde_5,IR_4CR_Carboxylic_acid_4,HeLa,hela,in_vitro,1,hela_4cr_aldehyde
IR_4CR_aldehyde_423-23,423-23,IR_4CR_Amine_23,IR_4CR_Isocyanide_3,IR_4CR_Aldehyde_4,IR_4CR_Carboxylic_acid_2,HeLa,hela,in_vitro,1,hela_4cr_aldehyde
IR_4CR_aldehyde_333-23,333-23,IR_4CR_Amine_23,IR_4CR_Isocyanide_3,IR_4CR_Aldehyde_3,IR_4CR_Carboxylic_acid_3,HeLa,hela,in_vitro,1,hela_4cr_aldehyde
IR_4CR_aldehyde_641-23,641-23,IR_4CR_Amine_23,IR_4CR_Isocyanide_1,IR_4CR_Aldehyde_6,IR_4CR_Carboxylic_acid_4,HeLa,hela,in_vitro,1,hela_4cr_aldehyde
IR_4CR_aldehyde_542-23,542-23,IR_4CR_Amine_23,IR_4CR_Isocyanide_2,IR_4CR_Aldehyde_5,IR_4CR_Carboxylic_acid_4,HeLa,hela,in_vitro,1,hela_4cr_aldehyde
IR_4CR_aldehyde_122-23,122-23,IR_4CR_Amine_23,IR_4CR_Isocyanide_2,IR_4CR_Aldehyde_1,IR_4CR_Carboxylic_acid_2,HeLa,hela,in_vitro,1,hela_4cr_aldehyde
IR_4CR_aldehyde_644-23,644-23,IR_4CR_Amine_23,IR_4CR_Isocyanide_4,IR_4CR_Aldehyde_6,IR_4CR_Carboxylic_acid_4,HeLa,hela,in_vitro,1,hela_4cr_aldehyde
IR_4CR_aldehyde_324-23,324-23,IR_4CR_Amine_23,IR_4CR_Isocyanide_4,IR_4CR_Aldehyde_3,IR_4CR_Carboxylic_acid_2,HeLa,hela,in_vitro,1,hela_4cr_aldehyde
IR_4CR_aldehyde_733-23,733-23,IR_4CR_Amine_23,IR_4CR_Isocyanide_3,IR_4CR_Aldehyde_7,IR_4CR_Carboxylic_acid_3,HeLa,hela,in_vitro,1,hela_4cr_aldehyde
IR_4CR_aldehyde_413-9,413-9,IR_4CR_Amine_9,IR_4CR_Isocyanide_3,IR_4CR_Aldehyde_4,IR_4CR_Carboxylic_acid_1,HeLa,hela,in_vitro,1,hela_4cr_aldehyde
IR_4CR_aldehyde_123-23,123-23,IR_4CR_Amine_23,IR_4CR_Isocyanide_3,IR_4CR_Aldehyde_1,IR_4CR_Carboxylic_acid_2,HeLa,hela,in_vitro,1,hela_4cr_aldehyde
IR_4CR_aldehyde_233-23,233-23,IR_4CR_Amine_23,IR_4CR_Isocyanide_3,IR_4CR_Aldehyde_2,IR_4CR_Carboxylic_acid_3,HeLa,hela,in_vitro,1,hela_4cr_aldehyde
IR_4CR_aldehyde_622-23,622-23,IR_4CR_Amine_23,IR_4CR_Isocyanide_2,IR_4CR_Aldehyde_6,IR_4CR_Carboxylic_acid_2,HeLa,hela,in_vitro,1,hela_4cr_aldehyde
IR_4CR_aldehyde_722-23,722-23,IR_4CR_Amine_23,IR_4CR_Isocyanide_2,IR_4CR_Aldehyde_7,IR_4CR_Carboxylic_acid_2,HeLa,hela,in_vitro,1,hela_4cr_aldehyde
IR_4CR_aldehyde_541-23,541-23,IR_4CR_Amine_23,IR_4CR_Isocyanide_1,IR_4CR_Aldehyde_5,IR_4CR_Carboxylic_acid_4,HeLa,hela,in_vitro,1,hela_4cr_aldehyde
IR_4CR_aldehyde_133-23,133-23,IR_4CR_Amine_23,IR_4CR_Isocyanide_3,IR_4CR_Aldehyde_1,IR_4CR_Carboxylic_acid_3,HeLa,hela,in_vitro,1,hela_4cr_aldehyde
IR_4CR_aldehyde_513-23,513-23,IR_4CR_Amine_23,IR_4CR_Isocyanide_3,IR_4CR_Aldehyde_5,IR_4CR_Carboxylic_acid_1,HeLa,hela,in_vitro,1,hela_4cr_aldehyde
IR_4CR_aldehyde_713-23,713-23,IR_4CR_Amine_23,IR_4CR_Isocyanide_3,IR_4CR_Aldehyde_7,IR_4CR_Carboxylic_acid_1,HeLa,hela,in_vitro,1,hela_4cr_aldehyde
IR_4CR_aldehyde_423-9,423-9,IR_4CR_Amine_9,IR_4CR_Isocyanide_3,IR_4CR_Aldehyde_4,IR_4CR_Carboxylic_acid_2,HeLa,hela,in_vitro,1,hela_4cr_aldehyde
IR_4CR_aldehyde_533-23,533-23,IR_4CR_Amine_23,IR_4CR_Isocyanide_3,IR_4CR_Aldehyde_5,IR_4CR_Carboxylic_acid_3,HeLa,hela,in_vitro,1,hela_4cr_aldehyde
IR_4CR_aldehyde_433-23,433-23,IR_4CR_Amine_23,IR_4CR_Isocyanide_3,IR_4CR_Aldehyde_4,IR_4CR_Carboxylic_acid_3,HeLa,hela,in_vitro,1,hela_4cr_aldehyde
IR_4CR_aldehyde_642-22,642-22,IR_4CR_Amine_22,IR_4CR_Isocyanide_2,IR_4CR_Aldehyde_6,IR_4CR_Carboxylic_acid_4,HeLa,hela,in_vitro,1,hela_4cr_aldehyde
IR_4CR_aldehyde_643-23,643-23,IR_4CR_Amine_23,IR_4CR_Isocyanide_3,IR_4CR_Aldehyde_6,IR_4CR_Carboxylic_acid_4,HeLa,hela,in_vitro,1,hela_4cr_aldehyde
IR_4CR_aldehyde_641-9,641-9,IR_4CR_Amine_9,IR_4CR_Isocyanide_1,IR_4CR_Aldehyde_6,IR_4CR_Carboxylic_acid_4,HeLa,hela,in_vitro,1,hela_4cr_aldehyde
IR_4CR_aldehyde_532-22,532-22,IR_4CR_Amine_22,IR_4CR_Isocyanide_2,IR_4CR_Aldehyde_5,IR_4CR_Carboxylic_acid_3,HeLa,hela,in_vitro,1,hela_4cr_aldehyde
IR_4CR_aldehyde_523-23,523-23,IR_4CR_Amine_23,IR_4CR_Isocyanide_3,IR_4CR_Aldehyde_5,IR_4CR_Carboxylic_acid_2,HeLa,hela,in_vitro,1,hela_4cr_aldehyde
IR_4CR_aldehyde_621-23,621-23,IR_4CR_Amine_23,IR_4CR_Isocyanide_1,IR_4CR_Aldehyde_6,IR_4CR_Carboxylic_acid_2,HeLa,hela,in_vitro,1,hela_4cr_aldehyde
IR_4CR_aldehyde_431-9,431-9,IR_4CR_Amine_9,IR_4CR_Isocyanide_1,IR_4CR_Aldehyde_4,IR_4CR_Carboxylic_acid_3,HeLa,hela,in_vitro,1,hela_4cr_aldehyde
IR_4CR_aldehyde_134-9,134-9,IR_4CR_Amine_9,IR_4CR_Isocyanide_4,IR_4CR_Aldehyde_1,IR_4CR_Carboxylic_acid_3,HeLa,hela,in_vitro,1,hela_4cr_aldehyde
IR_4CR_aldehyde_214-23,214-23,IR_4CR_Amine_23,IR_4CR_Isocyanide_4,IR_4CR_Aldehyde_2,IR_4CR_Carboxylic_acid_1,HeLa,hela,in_vitro,1,hela_4cr_aldehyde
IR_4CR_aldehyde_524-23,524-23,IR_4CR_Amine_23,IR_4CR_Isocyanide_4,IR_4CR_Aldehyde_5,IR_4CR_Carboxylic_acid_2,HeLa,hela,in_vitro,1,hela_4cr_aldehyde
IR_4CR_aldehyde_534-23,534-23,IR_4CR_Amine_23,IR_4CR_Isocyanide_4,IR_4CR_Aldehyde_5,IR_4CR_Carboxylic_acid_3,HeLa,hela,in_vitro,1,hela_4cr_aldehyde
IR_4CR_aldehyde_213-9,213-9,IR_4CR_Amine_9,IR_4CR_Isocyanide_3,IR_4CR_Aldehyde_2,IR_4CR_Carboxylic_acid_1,HeLa,hela,in_vitro,1,hela_4cr_aldehyde
IR_4CR_aldehyde_522-22,522-22,IR_4CR_Amine_22,IR_4CR_Isocyanide_2,IR_4CR_Aldehyde_5,IR_4CR_Carboxylic_acid_2,HeLa,hela,in_vitro,1,hela_4cr_aldehyde
IR_4CR_aldehyde_134-23,134-23,IR_4CR_Amine_23,IR_4CR_Isocyanide_4,IR_4CR_Aldehyde_1,IR_4CR_Carboxylic_acid_3,HeLa,hela,in_vitro,1,hela_4cr_aldehyde
IR_4CR_aldehyde_521-9,521-9,IR_4CR_Amine_9,IR_4CR_Isocyanide_1,IR_4CR_Aldehyde_5,IR_4CR_Carboxylic_acid_2,HeLa,hela,in_vitro,1,hela_4cr_aldehyde
IR_4CR_aldehyde_122-9,122-9,IR_4CR_Amine_9,IR_4CR_Isocyanide_2,IR_4CR_Aldehyde_1,IR_4CR_Carboxylic_acid_2,HeLa,hela,in_vitro,1,hela_4cr_aldehyde
IR_4CR_aldehyde_523-9,523-9,IR_4CR_Amine_9,IR_4CR_Isocyanide_3,IR_4CR_Aldehyde_5,IR_4CR_Carboxylic_acid_2,HeLa,hela,in_vitro,1,hela_4cr_aldehyde
IR_4CR_aldehyde_512-22,512-22,IR_4CR_Amine_22,IR_4CR_Isocyanide_2,IR_4CR_Aldehyde_5,IR_4CR_Carboxylic_acid_1,HeLa,hela,in_vitro,1,hela_4cr_aldehyde
IR_4CR_aldehyde_413-23,413-23,IR_4CR_Amine_23,IR_4CR_Isocyanide_3,IR_4CR_Aldehyde_4,IR_4CR_Carboxylic_acid_1,HeLa,hela,in_vitro,1,hela_4cr_aldehyde
IR_4CR_aldehyde_232-23,232-23,IR_4CR_Amine_23,IR_4CR_Isocyanide_2,IR_4CR_Aldehyde_2,IR_4CR_Carboxylic_acid_3,HeLa,hela,in_vitro,1,hela_4cr_aldehyde
IR_4CR_aldehyde_141-23,141-23,IR_4CR_Amine_23,IR_4CR_Isocyanide_1,IR_4CR_Aldehyde_1,IR_4CR_Carboxylic_acid_4,HeLa,hela,in_vitro,1,hela_4cr_aldehyde
IR_4CR_aldehyde_224-23,224-23,IR_4CR_Amine_23,IR_4CR_Isocyanide_4,IR_4CR_Aldehyde_2,IR_4CR_Carboxylic_acid_2,HeLa,hela,in_vitro,1,hela_4cr_aldehyde
IR_4CR_aldehyde_734-23,734-23,IR_4CR_Amine_23,IR_4CR_Isocyanide_4,IR_4CR_Aldehyde_7,IR_4CR_Carboxylic_acid_3,HeLa,hela,in_vitro,1,hela_4cr_aldehyde
IR_4CR_aldehyde_343-23,343-23,IR_4CR_Amine_23,IR_4CR_Isocyanide_3,IR_4CR_Aldehyde_3,IR_4CR_Carboxylic_acid_4,HeLa,hela,in_vitro,1,hela_4cr_aldehyde
IR_4CR_aldehyde_614-9,614-9,IR_4CR_Amine_9,IR_4CR_Isocyanide_4,IR_4CR_Aldehyde_6,IR_4CR_Carboxylic_acid_1,HeLa,hela,in_vitro,1,hela_4cr_aldehyde
IR_4CR_aldehyde_242-9,242-9,IR_4CR_Amine_9,IR_4CR_Isocyanide_2,IR_4CR_Aldehyde_2,IR_4CR_Carboxylic_acid_4,HeLa,hela,in_vitro,1,hela_4cr_aldehyde
IR_4CR_aldehyde_523-22,523-22,IR_4CR_Amine_22,IR_4CR_Isocyanide_3,IR_4CR_Aldehyde_5,IR_4CR_Carboxylic_acid_2,HeLa,hela,in_vitro,1,hela_4cr_aldehyde
IR_4CR_aldehyde_534-22,534-22,IR_4CR_Amine_22,IR_4CR_Isocyanide_4,IR_4CR_Aldehyde_5,IR_4CR_Carboxylic_acid_3,HeLa,hela,in_vitro,1,hela_4cr_aldehyde
IR_4CR_aldehyde_542-22,542-22,IR_4CR_Amine_22,IR_4CR_Isocyanide_2,IR_4CR_Aldehyde_5,IR_4CR_Carboxylic_acid_4,HeLa,hela,in_vitro,1,hela_4cr_aldehyde
IR_4CR_aldehyde_532-23,532-23,IR_4CR_Amine_23,IR_4CR_Isocyanide_2,IR_4CR_Aldehyde_5,IR_4CR_Carboxylic_acid_3,HeLa,hela,in_vitro,1,hela_4cr_aldehyde
IR_4CR_aldehyde_611-9,611-9,IR_4CR_Amine_9,IR_4CR_Isocyanide_1,IR_4CR_Aldehyde_6,IR_4CR_Carboxylic_acid_1,HeLa,hela,in_vitro,1,hela_4cr_aldehyde
IR_4CR_aldehyde_512-9,512-9,IR_4CR_Amine_9,IR_4CR_Isocyanide_2,IR_4CR_Aldehyde_5,IR_4CR_Carboxylic_acid_1,HeLa,hela,in_vitro,1,hela_4cr_aldehyde
IR_4CR_aldehyde_812-9,812-9,IR_4CR_Amine_9,IR_4CR_Isocyanide_2,IR_4CR_Aldehyde_8,IR_4CR_Carboxylic_acid_1,HeLa,hela,in_vitro,1,hela_4cr_aldehyde
IR_4CR_aldehyde_414-9,414-9,IR_4CR_Amine_9,IR_4CR_Isocyanide_4,IR_4CR_Aldehyde_4,IR_4CR_Carboxylic_acid_1,HeLa,hela,in_vitro,1,hela_4cr_aldehyde
IR_4CR_aldehyde_514-9,514-9,IR_4CR_Amine_9,IR_4CR_Isocyanide_4,IR_4CR_Aldehyde_5,IR_4CR_Carboxylic_acid_1,HeLa,hela,in_vitro,1,hela_4cr_aldehyde
IR_4CR_aldehyde_623-9,623-9,IR_4CR_Amine_9,IR_4CR_Isocyanide_3,IR_4CR_Aldehyde_6,IR_4CR_Carboxylic_acid_2,HeLa,hela,in_vitro,1,hela_4cr_aldehyde
IR_4CR_aldehyde_532-9,532-9,IR_4CR_Amine_9,IR_4CR_Isocyanide_2,IR_4CR_Aldehyde_5,IR_4CR_Carboxylic_acid_3,HeLa,hela,in_vitro,1,hela_4cr_aldehyde
IR_4CR_aldehyde_614-22,614-22,IR_4CR_Amine_22,IR_4CR_Isocyanide_4,IR_4CR_Aldehyde_6,IR_4CR_Carboxylic_acid_1,HeLa,hela,in_vitro,1,hela_4cr_aldehyde
IR_4CR_aldehyde_823-22,823-22,IR_4CR_Amine_22,IR_4CR_Isocyanide_3,IR_4CR_Aldehyde_8,IR_4CR_Carboxylic_acid_2,HeLa,hela,in_vitro,1,hela_4cr_aldehyde
IR_4CR_aldehyde_224-22,224-22,IR_4CR_Amine_22,IR_4CR_Isocyanide_4,IR_4CR_Aldehyde_2,IR_4CR_Carboxylic_acid_2,HeLa,hela,in_vitro,1,hela_4cr_aldehyde
IR_4CR_aldehyde_541-22,541-22,IR_4CR_Amine_22,IR_4CR_Isocyanide_1,IR_4CR_Aldehyde_5,IR_4CR_Carboxylic_acid_4,HeLa,hela,in_vitro,1,hela_4cr_aldehyde
IR_4CR_aldehyde_544-22,544-22,IR_4CR_Amine_22,IR_4CR_Isocyanide_4,IR_4CR_Aldehyde_5,IR_4CR_Carboxylic_acid_4,HeLa,hela,in_vitro,1,hela_4cr_aldehyde
IR_4CR_aldehyde_212-23,212-23,IR_4CR_Amine_23,IR_4CR_Isocyanide_2,IR_4CR_Aldehyde_2,IR_4CR_Carboxylic_acid_1,HeLa,hela,in_vitro,1,hela_4cr_aldehyde
IR_4CR_aldehyde_531-23,531-23,IR_4CR_Amine_23,IR_4CR_Isocyanide_1,IR_4CR_Aldehyde_5,IR_4CR_Carboxylic_acid_3,HeLa,hela,in_vitro,1,hela_4cr_aldehyde
IR_4CR_aldehyde_613-9,613-9,IR_4CR_Amine_9,IR_4CR_Isocyanide_3,IR_4CR_Aldehyde_6,IR_4CR_Carboxylic_acid_1,HeLa,hela,in_vitro,1,hela_4cr_aldehyde
IR_4CR_aldehyde_721-9,721-9,IR_4CR_Amine_9,IR_4CR_Isocyanide_1,IR_4CR_Aldehyde_7,IR_4CR_Carboxylic_acid_2,HeLa,hela,in_vitro,1,hela_4cr_aldehyde
IR_4CR_aldehyde_524-9,524-9,IR_4CR_Amine_9,IR_4CR_Isocyanide_4,IR_4CR_Aldehyde_5,IR_4CR_Carboxylic_acid_2,HeLa,hela,in_vitro,1,hela_4cr_aldehyde
IR_4CR_aldehyde_332-9,332-9,IR_4CR_Amine_9,IR_4CR_Isocyanide_2,IR_4CR_Aldehyde_3,IR_4CR_Carboxylic_acid_3,HeLa,hela,in_vitro,1,hela_4cr_aldehyde
IR_4CR_aldehyde_633-9,633-9,IR_4CR_Amine_9,IR_4CR_Isocyanide_3,IR_4CR_Aldehyde_6,IR_4CR_Carboxylic_acid_3,HeLa,hela,in_vitro,1,hela_4cr_aldehyde
IR_4CR_aldehyde_541-9,541-9,IR_4CR_Amine_9,IR_4CR_Isocyanide_1,IR_4CR_Aldehyde_5,IR_4CR_Carboxylic_acid_4,HeLa,hela,in_vitro,1,hela_4cr_aldehyde
IR_4CR_aldehyde_513-22,513-22,IR_4CR_Amine_22,IR_4CR_Isocyanide_3,IR_4CR_Aldehyde_5,IR_4CR_Carboxylic_acid_1,HeLa,hela,in_vitro,1,hela_4cr_aldehyde
IR_4CR_aldehyde_641-22,641-22,IR_4CR_Amine_22,IR_4CR_Isocyanide_1,IR_4CR_Aldehyde_6,IR_4CR_Carboxylic_acid_4,HeLa,hela,in_vitro,1,hela_4cr_aldehyde
IR_4CR_aldehyde_621-9,621-9,IR_4CR_Amine_9,IR_4CR_Isocyanide_1,IR_4CR_Aldehyde_6,IR_4CR_Carboxylic_acid_2,HeLa,hela,in_vitro,1,hela_4cr_aldehyde
IR_4CR_aldehyde_611-22,611-22,IR_4CR_Amine_22,IR_4CR_Isocyanide_1,IR_4CR_Aldehyde_6,IR_4CR_Carboxylic_acid_1,HeLa,hela,in_vitro,1,hela_4cr_aldehyde
IR_4CR_aldehyde_621-22,621-22,IR_4CR_Amine_22,IR_4CR_Isocyanide_1,IR_4CR_Aldehyde_6,IR_4CR_Carboxylic_acid_2,HeLa,hela,in_vitro,1,hela_4cr_aldehyde
IR_4CR_aldehyde_241-23,241-23,IR_4CR_Amine_23,IR_4CR_Isocyanide_1,IR_4CR_Aldehyde_2,IR_4CR_Carboxylic_acid_4,HeLa,hela,in_vitro,1,hela_4cr_aldehyde
IR_4CR_aldehyde_113-9,113-9,IR_4CR_Amine_9,IR_4CR_Isocyanide_3,IR_4CR_Aldehyde_1,IR_4CR_Carboxylic_acid_1,HeLa,hela,in_vitro,1,hela_4cr_aldehyde
IR_4CR_aldehyde_114-9,114-9,IR_4CR_Amine_9,IR_4CR_Isocyanide_4,IR_4CR_Aldehyde_1,IR_4CR_Carboxylic_acid_1,HeLa,hela,in_vitro,1,hela_4cr_aldehyde
IR_4CR_aldehyde_214-9,214-9,IR_4CR_Amine_9,IR_4CR_Isocyanide_4,IR_4CR_Aldehyde_2,IR_4CR_Carboxylic_acid_1,HeLa,hela,in_vitro,1,hela_4cr_aldehyde
IR_4CR_aldehyde_731-9,731-9,IR_4CR_Amine_9,IR_4CR_Isocyanide_1,IR_4CR_Aldehyde_7,IR_4CR_Carboxylic_acid_3,HeLa,hela,in_vitro,1,hela_4cr_aldehyde
IR_4CR_aldehyde_632-9,632-9,IR_4CR_Amine_9,IR_4CR_Isocyanide_2,IR_4CR_Aldehyde_6,IR_4CR_Carboxylic_acid_3,HeLa,hela,in_vitro,1,hela_4cr_aldehyde
IR_4CR_aldehyde_411-22,411-22,IR_4CR_Amine_22,IR_4CR_Isocyanide_1,IR_4CR_Aldehyde_4,IR_4CR_Carboxylic_acid_1,HeLa,hela,in_vitro,1,hela_4cr_aldehyde
IR_4CR_aldehyde_711-22,711-22,IR_4CR_Amine_22,IR_4CR_Isocyanide_1,IR_4CR_Aldehyde_7,IR_4CR_Carboxylic_acid_1,HeLa,hela,in_vitro,1,hela_4cr_aldehyde
IR_4CR_aldehyde_113-22,113-22,IR_4CR_Amine_22,IR_4CR_Isocyanide_3,IR_4CR_Aldehyde_1,IR_4CR_Carboxylic_acid_1,HeLa,hela,in_vitro,1,hela_4cr_aldehyde
IR_4CR_aldehyde_522-23,522-23,IR_4CR_Amine_23,IR_4CR_Isocyanide_2,IR_4CR_Aldehyde_5,IR_4CR_Carboxylic_acid_2,HeLa,hela,in_vitro,1,hela_4cr_aldehyde
IR_4CR_aldehyde_732-23,732-23,IR_4CR_Amine_23,IR_4CR_Isocyanide_2,IR_4CR_Aldehyde_7,IR_4CR_Carboxylic_acid_3,HeLa,hela,in_vitro,1,hela_4cr_aldehyde
IR_4CR_aldehyde_434-23,434-23,IR_4CR_Amine_23,IR_4CR_Isocyanide_4,IR_4CR_Aldehyde_4,IR_4CR_Carboxylic_acid_3,HeLa,hela,in_vitro,1,hela_4cr_aldehyde
IR_4CR_aldehyde_624-9,624-9,IR_4CR_Amine_9,IR_4CR_Isocyanide_4,IR_4CR_Aldehyde_6,IR_4CR_Carboxylic_acid_2,HeLa,hela,in_vitro,1,hela_4cr_aldehyde
IR_4CR_aldehyde_713-9,713-9,IR_4CR_Amine_9,IR_4CR_Isocyanide_3,IR_4CR_Aldehyde_7,IR_4CR_Carboxylic_acid_1,HeLa,hela,in_vitro,1,hela_4cr_aldehyde
IR_4CR_aldehyde_531-9,531-9,IR_4CR_Amine_9,IR_4CR_Isocyanide_1,IR_4CR_Aldehyde_5,IR_4CR_Carboxylic_acid_3,HeLa,hela,in_vitro,1,hela_4cr_aldehyde
IR_4CR_aldehyde_233-9,233-9,IR_4CR_Amine_9,IR_4CR_Isocyanide_3,IR_4CR_Aldehyde_2,IR_4CR_Carboxylic_acid_3,HeLa,hela,in_vitro,1,hela_4cr_aldehyde
IR_4CR_aldehyde_612-22,612-22,IR_4CR_Amine_22,IR_4CR_Isocyanide_2,IR_4CR_Aldehyde_6,IR_4CR_Carboxylic_acid_1,HeLa,hela,in_vitro,1,hela_4cr_aldehyde
IR_4CR_aldehyde_723-22,723-22,IR_4CR_Amine_22,IR_4CR_Isocyanide_3,IR_4CR_Aldehyde_7,IR_4CR_Carboxylic_acid_2,HeLa,hela,in_vitro,1,hela_4cr_aldehyde
IR_4CR_aldehyde_632-22,632-22,IR_4CR_Amine_22,IR_4CR_Isocyanide_2,IR_4CR_Aldehyde_6,IR_4CR_Carboxylic_acid_3,HeLa,hela,in_vitro,1,hela_4cr_aldehyde
IR_4CR_aldehyde_644-22,644-22,IR_4CR_Amine_22,IR_4CR_Isocyanide_4,IR_4CR_Aldehyde_6,IR_4CR_Carboxylic_acid_4,HeLa,hela,in_vitro,1,hela_4cr_aldehyde
IR_4CR_aldehyde_511-23,511-23,IR_4CR_Amine_23,IR_4CR_Isocyanide_1,IR_4CR_Aldehyde_5,IR_4CR_Carboxylic_acid_1,HeLa,hela,in_vitro,1,hela_4cr_aldehyde
IR_4CR_aldehyde_811-23,811-23,IR_4CR_Amine_23,IR_4CR_Isocyanide_1,IR_4CR_Aldehyde_8,IR_4CR_Carboxylic_acid_1,HeLa,hela,in_vitro,1,hela_4cr_aldehyde
IR_4CR_aldehyde_313-23,313-23,IR_4CR_Amine_23,IR_4CR_Isocyanide_3,IR_4CR_Aldehyde_3,IR_4CR_Carboxylic_acid_1,HeLa,hela,in_vitro,1,hela_4cr_aldehyde
IR_4CR_aldehyde_724-23,724-23,IR_4CR_Amine_23,IR_4CR_Isocyanide_4,IR_4CR_Aldehyde_7,IR_4CR_Carboxylic_acid_2,HeLa,hela,in_vitro,1,hela_4cr_aldehyde
IR_4CR_aldehyde_741-23,741-23,IR_4CR_Amine_23,IR_4CR_Isocyanide_1,IR_4CR_Aldehyde_7,IR_4CR_Carboxylic_acid_4,HeLa,hela,in_vitro,1,hela_4cr_aldehyde
IR_4CR_aldehyde_744-23,744-23,IR_4CR_Amine_23,IR_4CR_Isocyanide_4,IR_4CR_Aldehyde_7,IR_4CR_Carboxylic_acid_4,HeLa,hela,in_vitro,1,hela_4cr_aldehyde
IR_4CR_aldehyde_622-22,622-22,IR_4CR_Amine_22,IR_4CR_Isocyanide_2,IR_4CR_Aldehyde_6,IR_4CR_Carboxylic_acid_2,HeLa,hela,in_vitro,1,hela_4cr_aldehyde
IR_4CR_aldehyde_613-22,613-22,IR_4CR_Amine_22,IR_4CR_Isocyanide_3,IR_4CR_Aldehyde_6,IR_4CR_Carboxylic_acid_1,HeLa,hela,in_vitro,1,hela_4cr_aldehyde
IR_4CR_aldehyde_513-9,513-9,IR_4CR_Amine_9,IR_4CR_Isocyanide_3,IR_4CR_Aldehyde_5,IR_4CR_Carboxylic_acid_1,HeLa,hela,in_vitro,1,hela_4cr_aldehyde
IR_4CR_aldehyde_222-9,222-9,IR_4CR_Amine_9,IR_4CR_Isocyanide_2,IR_4CR_Aldehyde_2,IR_4CR_Carboxylic_acid_2,HeLa,hela,in_vitro,1,hela_4cr_aldehyde
IR_4CR_aldehyde_422-9,422-9,IR_4CR_Amine_9,IR_4CR_Isocyanide_2,IR_4CR_Aldehyde_4,IR_4CR_Carboxylic_acid_2,HeLa,hela,in_vitro,1,hela_4cr_aldehyde
IR_4CR_aldehyde_234-9,234-9,IR_4CR_Amine_9,IR_4CR_Isocyanide_4,IR_4CR_Aldehyde_2,IR_4CR_Carboxylic_acid_3,HeLa,hela,in_vitro,1,hela_4cr_aldehyde
IR_4CR_aldehyde_343-9,343-9,IR_4CR_Amine_9,IR_4CR_Isocyanide_3,IR_4CR_Aldehyde_3,IR_4CR_Carboxylic_acid_4,HeLa,hela,in_vitro,1,hela_4cr_aldehyde
IR_4CR_aldehyde_643-9,643-9,IR_4CR_Amine_9,IR_4CR_Isocyanide_3,IR_4CR_Aldehyde_6,IR_4CR_Carboxylic_acid_4,HeLa,hela,in_vitro,1,hela_4cr_aldehyde
IR_4CR_aldehyde_544-9,544-9,IR_4CR_Amine_9,IR_4CR_Isocyanide_4,IR_4CR_Aldehyde_5,IR_4CR_Carboxylic_acid_4,HeLa,hela,in_vitro,1,hela_4cr_aldehyde
IR_4CR_aldehyde_644-9,644-9,IR_4CR_Amine_9,IR_4CR_Isocyanide_4,IR_4CR_Aldehyde_6,IR_4CR_Carboxylic_acid_4,HeLa,hela,in_vitro,1,hela_4cr_aldehyde
IR_4CR_aldehyde_313-22,313-22,IR_4CR_Amine_22,IR_4CR_Isocyanide_3,IR_4CR_Aldehyde_3,IR_4CR_Carboxylic_acid_1,HeLa,hela,in_vitro,1,hela_4cr_aldehyde
IR_4CR_aldehyde_414-22,414-22,IR_4CR_Amine_22,IR_4CR_Isocyanide_4,IR_4CR_Aldehyde_4,IR_4CR_Carboxylic_acid_1,HeLa,hela,in_vitro,1,hela_4cr_aldehyde
IR_4CR_aldehyde_714-22,714-22,IR_4CR_Amine_22,IR_4CR_Isocyanide_4,IR_4CR_Aldehyde_7,IR_4CR_Carboxylic_acid_1,HeLa,hela,in_vitro,1,hela_4cr_aldehyde
IR_4CR_aldehyde_822-22,822-22,IR_4CR_Amine_22,IR_4CR_Isocyanide_2,IR_4CR_Aldehyde_8,IR_4CR_Carboxylic_acid_2,HeLa,hela,in_vitro,1,hela_4cr_aldehyde
IR_4CR_aldehyde_724-22,724-22,IR_4CR_Amine_22,IR_4CR_Isocyanide_4,IR_4CR_Aldehyde_7,IR_4CR_Carboxylic_acid_2,HeLa,hela,in_vitro,1,hela_4cr_aldehyde
IR_4CR_aldehyde_533-22,533-22,IR_4CR_Amine_22,IR_4CR_Isocyanide_3,IR_4CR_Aldehyde_5,IR_4CR_Carboxylic_acid_3,HeLa,hela,in_vitro,1,hela_4cr_aldehyde
IR_4CR_aldehyde_543-22,543-22,IR_4CR_Amine_22,IR_4CR_Isocyanide_3,IR_4CR_Aldehyde_5,IR_4CR_Carboxylic_acid_4,HeLa,hela,in_vitro,1,hela_4cr_aldehyde
IR_4CR_aldehyde_411-23,411-23,IR_4CR_Amine_23,IR_4CR_Isocyanide_1,IR_4CR_Aldehyde_4,IR_4CR_Carboxylic_acid_1,HeLa,hela,in_vitro,1,hela_4cr_aldehyde
IR_4CR_aldehyde_711-23,711-23,IR_4CR_Amine_23,IR_4CR_Isocyanide_1,IR_4CR_Aldehyde_7,IR_4CR_Carboxylic_acid_1,HeLa,hela,in_vitro,1,hela_4cr_aldehyde
IR_4CR_aldehyde_514-23,514-23,IR_4CR_Amine_23,IR_4CR_Isocyanide_4,IR_4CR_Aldehyde_5,IR_4CR_Carboxylic_acid_1,HeLa,hela,in_vitro,1,hela_4cr_aldehyde
IR_4CR_aldehyde_521-23,521-23,IR_4CR_Amine_23,IR_4CR_Isocyanide_1,IR_4CR_Aldehyde_5,IR_4CR_Carboxylic_acid_2,HeLa,hela,in_vitro,1,hela_4cr_aldehyde
IR_4CR_aldehyde_332-23,332-23,IR_4CR_Amine_23,IR_4CR_Isocyanide_2,IR_4CR_Aldehyde_3,IR_4CR_Carboxylic_acid_3,HeLa,hela,in_vitro,1,hela_4cr_aldehyde
IR_4CR_aldehyde_241-9,241-9,IR_4CR_Amine_9,IR_4CR_Isocyanide_1,IR_4CR_Aldehyde_2,IR_4CR_Carboxylic_acid_4,HeLa,hela,in_vitro,1,hela_4cr_aldehyde
IR_4CR_aldehyde_622-9,622-9,IR_4CR_Amine_9,IR_4CR_Isocyanide_2,IR_4CR_Aldehyde_6,IR_4CR_Carboxylic_acid_2,HeLa,hela,in_vitro,1,hela_4cr_aldehyde
IR_4CR_aldehyde_821-9,821-9,IR_4CR_Amine_9,IR_4CR_Isocyanide_1,IR_4CR_Aldehyde_8,IR_4CR_Carboxylic_acid_2,HeLa,hela,in_vitro,1,hela_4cr_aldehyde
IR_4CR_aldehyde_741-9,741-9,IR_4CR_Amine_9,IR_4CR_Isocyanide_1,IR_4CR_Aldehyde_7,IR_4CR_Carboxylic_acid_4,HeLa,hela,in_vitro,1,hela_4cr_aldehyde
IR_4CR_aldehyde_542-9,542-9,IR_4CR_Amine_9,IR_4CR_Isocyanide_2,IR_4CR_Aldehyde_5,IR_4CR_Carboxylic_acid_4,HeLa,hela,in_vitro,1,hela_4cr_aldehyde
IR_4CR_aldehyde_812-22,812-22,IR_4CR_Amine_22,IR_4CR_Isocyanide_2,IR_4CR_Aldehyde_8,IR_4CR_Carboxylic_acid_1,HeLa,hela,in_vitro,1,hela_4cr_aldehyde
IR_4CR_aldehyde_322-22,322-22,IR_4CR_Amine_22,IR_4CR_Isocyanide_2,IR_4CR_Aldehyde_3,IR_4CR_Carboxylic_acid_2,HeLa,hela,in_vitro,1,hela_4cr_aldehyde
IR_4CR_aldehyde_531-22,531-22,IR_4CR_Amine_22,IR_4CR_Isocyanide_1,IR_4CR_Aldehyde_5,IR_4CR_Carboxylic_acid_3,HeLa,hela,in_vitro,1,hela_4cr_aldehyde
IR_4CR_aldehyde_841-22,841-22,IR_4CR_Amine_22,IR_4CR_Isocyanide_1,IR_4CR_Aldehyde_8,IR_4CR_Carboxylic_acid_4,HeLa,hela,in_vitro,1,hela_4cr_aldehyde
IR_4CR_aldehyde_132-9,132-9,IR_4CR_Amine_9,IR_4CR_Isocyanide_2,IR_4CR_Aldehyde_1,IR_4CR_Carboxylic_acid_3,HeLa,hela,in_vitro,1,hela_4cr_aldehyde
IR_4CR_aldehyde_634-9,634-9,IR_4CR_Amine_9,IR_4CR_Isocyanide_4,IR_4CR_Aldehyde_6,IR_4CR_Carboxylic_acid_3,HeLa,hela,in_vitro,1,hela_4cr_aldehyde
IR_4CR_aldehyde_543-9,543-9,IR_4CR_Amine_9,IR_4CR_Isocyanide_3,IR_4CR_Aldehyde_5,IR_4CR_Carboxylic_acid_4,HeLa,hela,in_vitro,1,hela_4cr_aldehyde
IR_4CR_aldehyde_514-22,514-22,IR_4CR_Amine_22,IR_4CR_Isocyanide_4,IR_4CR_Aldehyde_5,IR_4CR_Carboxylic_acid_1,HeLa,hela,in_vitro,1,hela_4cr_aldehyde
IR_4CR_aldehyde_623-22,623-22,IR_4CR_Amine_22,IR_4CR_Isocyanide_3,IR_4CR_Aldehyde_6,IR_4CR_Carboxylic_acid_2,HeLa,hela,in_vitro,1,hela_4cr_aldehyde
IR_4CR_aldehyde_244-9,244-9,IR_4CR_Amine_9,IR_4CR_Isocyanide_4,IR_4CR_Aldehyde_2,IR_4CR_Carboxylic_acid_4,HeLa,hela,in_vitro,1,hela_4cr_aldehyde
IR_4CR_aldehyde_244-22,244-22,IR_4CR_Amine_22,IR_4CR_Isocyanide_4,IR_4CR_Aldehyde_2,IR_4CR_Carboxylic_acid_4,HeLa,hela,in_vitro,1,hela_4cr_aldehyde
IR_4CR_aldehyde_511-9,511-9,IR_4CR_Amine_9,IR_4CR_Isocyanide_1,IR_4CR_Aldehyde_5,IR_4CR_Carboxylic_acid_1,HeLa,hela,in_vitro,1,hela_4cr_aldehyde
IR_4CR_aldehyde_712-9,712-9,IR_4CR_Amine_9,IR_4CR_Isocyanide_2,IR_4CR_Aldehyde_7,IR_4CR_Carboxylic_acid_1,HeLa,hela,in_vitro,1,hela_4cr_aldehyde
IR_4CR_aldehyde_522-9,522-9,IR_4CR_Amine_9,IR_4CR_Isocyanide_2,IR_4CR_Aldehyde_5,IR_4CR_Carboxylic_acid_2,HeLa,hela,in_vitro,1,hela_4cr_aldehyde
IR_4CR_aldehyde_123-9,123-9,IR_4CR_Amine_9,IR_4CR_Isocyanide_3,IR_4CR_Aldehyde_1,IR_4CR_Carboxylic_acid_2,HeLa,hela,in_vitro,1,hela_4cr_aldehyde
IR_4CR_aldehyde_424-9,424-9,IR_4CR_Amine_9,IR_4CR_Isocyanide_4,IR_4CR_Aldehyde_4,IR_4CR_Carboxylic_acid_2,HeLa,hela,in_vitro,1,hela_4cr_aldehyde
IR_4CR_aldehyde_534-9,534-9,IR_4CR_Amine_9,IR_4CR_Isocyanide_4,IR_4CR_Aldehyde_5,IR_4CR_Carboxylic_acid_3,HeLa,hela,in_vitro,1,hela_4cr_aldehyde
IR_4CR_aldehyde_142-9,142-9,IR_4CR_Amine_9,IR_4CR_Isocyanide_2,IR_4CR_Aldehyde_1,IR_4CR_Carboxylic_acid_4,HeLa,hela,in_vitro,1,hela_4cr_aldehyde
IR_4CR_aldehyde_521-22,521-22,IR_4CR_Amine_22,IR_4CR_Isocyanide_1,IR_4CR_Aldehyde_5,IR_4CR_Carboxylic_acid_2,HeLa,hela,in_vitro,1,hela_4cr_aldehyde
IR_4CR_aldehyde_631-22,631-22,IR_4CR_Amine_22,IR_4CR_Isocyanide_1,IR_4CR_Aldehyde_6,IR_4CR_Carboxylic_acid_3,HeLa,hela,in_vitro,1,hela_4cr_aldehyde
IR_4CR_aldehyde_432-22,432-22,IR_4CR_Amine_22,IR_4CR_Isocyanide_2,IR_4CR_Aldehyde_4,IR_4CR_Carboxylic_acid_3,HeLa,hela,in_vitro,1,hela_4cr_aldehyde
IR_4CR_aldehyde_634-22,634-22,IR_4CR_Amine_22,IR_4CR_Isocyanide_4,IR_4CR_Aldehyde_6,IR_4CR_Carboxylic_acid_3,HeLa,hela,in_vitro,1,hela_4cr_aldehyde
IR_4CR_aldehyde_834-22,834-22,IR_4CR_Amine_22,IR_4CR_Isocyanide_4,IR_4CR_Aldehyde_8,IR_4CR_Carboxylic_acid_3,HeLa,hela,in_vitro,1,hela_4cr_aldehyde
IR_4CR_aldehyde_643-22,643-22,IR_4CR_Amine_22,IR_4CR_Isocyanide_3,IR_4CR_Aldehyde_6,IR_4CR_Carboxylic_acid_4,HeLa,hela,in_vitro,1,hela_4cr_aldehyde
IR_4CR_aldehyde_822-23,822-23,IR_4CR_Amine_23,IR_4CR_Isocyanide_2,IR_4CR_Aldehyde_8,IR_4CR_Carboxylic_acid_2,HeLa,hela,in_vitro,1,hela_4cr_aldehyde
IR_4CR_aldehyde_132-23,132-23,IR_4CR_Amine_23,IR_4CR_Isocyanide_2,IR_4CR_Aldehyde_1,IR_4CR_Carboxylic_acid_3,HeLa,hela,in_vitro,1,hela_4cr_aldehyde
IR_4CR_aldehyde_844-23,844-23,IR_4CR_Amine_23,IR_4CR_Isocyanide_4,IR_4CR_Aldehyde_8,IR_4CR_Carboxylic_acid_4,HeLa,hela,in_vitro,1,hela_4cr_aldehyde
IR_4CR_aldehyde_624-22,624-22,IR_4CR_Amine_22,IR_4CR_Isocyanide_4,IR_4CR_Aldehyde_6,IR_4CR_Carboxylic_acid_2,HeLa,hela,in_vitro,1,hela_4cr_aldehyde
IR_4CR_aldehyde_822-9,822-9,IR_4CR_Amine_9,IR_4CR_Isocyanide_2,IR_4CR_Aldehyde_8,IR_4CR_Carboxylic_acid_2,HeLa,hela,in_vitro,1,hela_4cr_aldehyde
IR_4CR_aldehyde_732-9,732-9,IR_4CR_Amine_9,IR_4CR_Isocyanide_2,IR_4CR_Aldehyde_7,IR_4CR_Carboxylic_acid_3,HeLa,hela,in_vitro,1,hela_4cr_aldehyde
IR_4CR_aldehyde_433-9,433-9,IR_4CR_Amine_9,IR_4CR_Isocyanide_3,IR_4CR_Aldehyde_4,IR_4CR_Carboxylic_acid_3,HeLa,hela,in_vitro,1,hela_4cr_aldehyde
IR_4CR_aldehyde_533-9,533-9,IR_4CR_Amine_9,IR_4CR_Isocyanide_3,IR_4CR_Aldehyde_5,IR_4CR_Carboxylic_acid_3,HeLa,hela,in_vitro,1,hela_4cr_aldehyde
IR_4CR_aldehyde_334-9,334-9,IR_4CR_Amine_9,IR_4CR_Isocyanide_4,IR_4CR_Aldehyde_3,IR_4CR_Carboxylic_acid_3,HeLa,hela,in_vitro,1,hela_4cr_aldehyde
IR_4CR_aldehyde_633-22,633-22,IR_4CR_Amine_22,IR_4CR_Isocyanide_3,IR_4CR_Aldehyde_6,IR_4CR_Carboxylic_acid_3,HeLa,hela,in_vitro,1,hela_4cr_aldehyde
IR_4CR_aldehyde_832-23,832-23,IR_4CR_Amine_23,IR_4CR_Isocyanide_2,IR_4CR_Aldehyde_8,IR_4CR_Carboxylic_acid_3,HeLa,hela,in_vitro,1,hela_4cr_aldehyde
IR_4CR_aldehyde_112-9,112-9,IR_4CR_Amine_9,IR_4CR_Isocyanide_2,IR_4CR_Aldehyde_1,IR_4CR_Carboxylic_acid_1,HeLa,hela,in_vitro,1,hela_4cr_aldehyde
IR_4CR_aldehyde_313-9,313-9,IR_4CR_Amine_9,IR_4CR_Isocyanide_3,IR_4CR_Aldehyde_3,IR_4CR_Carboxylic_acid_1,HeLa,hela,in_vitro,1,hela_4cr_aldehyde
IR_4CR_aldehyde_813-9,813-9,IR_4CR_Amine_9,IR_4CR_Isocyanide_3,IR_4CR_Aldehyde_8,IR_4CR_Carboxylic_acid_1,HeLa,hela,in_vitro,1,hela_4cr_aldehyde
IR_4CR_aldehyde_324-9,324-9,IR_4CR_Amine_9,IR_4CR_Isocyanide_4,IR_4CR_Aldehyde_3,IR_4CR_Carboxylic_acid_2,HeLa,hela,in_vitro,1,hela_4cr_aldehyde
IR_4CR_aldehyde_331-9,331-9,IR_4CR_Amine_9,IR_4CR_Isocyanide_1,IR_4CR_Aldehyde_3,IR_4CR_Carboxylic_acid_3,HeLa,hela,in_vitro,1,hela_4cr_aldehyde
IR_4CR_aldehyde_831-9,831-9,IR_4CR_Amine_9,IR_4CR_Isocyanide_1,IR_4CR_Aldehyde_8,IR_4CR_Carboxylic_acid_3,HeLa,hela,in_vitro,1,hela_4cr_aldehyde
IR_4CR_aldehyde_434-9,434-9,IR_4CR_Amine_9,IR_4CR_Isocyanide_4,IR_4CR_Aldehyde_4,IR_4CR_Carboxylic_acid_3,HeLa,hela,in_vitro,1,hela_4cr_aldehyde
IR_4CR_aldehyde_342-9,342-9,IR_4CR_Amine_9,IR_4CR_Isocyanide_2,IR_4CR_Aldehyde_3,IR_4CR_Carboxylic_acid_4,HeLa,hela,in_vitro,1,hela_4cr_aldehyde
IR_4CR_aldehyde_642-9,642-9,IR_4CR_Amine_9,IR_4CR_Isocyanide_2,IR_4CR_Aldehyde_6,IR_4CR_Carboxylic_acid_4,HeLa,hela,in_vitro,1,hela_4cr_aldehyde
IR_4CR_aldehyde_811-22,811-22,IR_4CR_Amine_22,IR_4CR_Isocyanide_1,IR_4CR_Aldehyde_8,IR_4CR_Carboxylic_acid_1,HeLa,hela,in_vitro,1,hela_4cr_aldehyde
IR_4CR_aldehyde_122-22,122-22,IR_4CR_Amine_22,IR_4CR_Isocyanide_2,IR_4CR_Aldehyde_1,IR_4CR_Carboxylic_acid_2,HeLa,hela,in_vitro,1,hela_4cr_aldehyde
IR_4CR_aldehyde_123-22,123-22,IR_4CR_Amine_22,IR_4CR_Isocyanide_3,IR_4CR_Aldehyde_1,IR_4CR_Carboxylic_acid_2,HeLa,hela,in_vitro,1,hela_4cr_aldehyde
IR_4CR_aldehyde_223-22,223-22,IR_4CR_Amine_22,IR_4CR_Isocyanide_3,IR_4CR_Aldehyde_2,IR_4CR_Carboxylic_acid_2,HeLa,hela,in_vitro,1,hela_4cr_aldehyde
IR_4CR_aldehyde_824-22,824-22,IR_4CR_Amine_22,IR_4CR_Isocyanide_4,IR_4CR_Aldehyde_8,IR_4CR_Carboxylic_acid_2,HeLa,hela,in_vitro,1,hela_4cr_aldehyde
IR_4CR_aldehyde_331-22,331-22,IR_4CR_Amine_22,IR_4CR_Isocyanide_1,IR_4CR_Aldehyde_3,IR_4CR_Carboxylic_acid_3,HeLa,hela,in_vitro,1,hela_4cr_aldehyde
IR_4CR_aldehyde_813-23,813-23,IR_4CR_Amine_23,IR_4CR_Isocyanide_3,IR_4CR_Aldehyde_8,IR_4CR_Carboxylic_acid_1,HeLa,hela,in_vitro,1,hela_4cr_aldehyde
IR_4CR_aldehyde_222-23,222-23,IR_4CR_Amine_23,IR_4CR_Isocyanide_2,IR_4CR_Aldehyde_2,IR_4CR_Carboxylic_acid_2,HeLa,hela,in_vitro,1,hela_4cr_aldehyde
IR_4CR_aldehyde_422-23,422-23,IR_4CR_Amine_23,IR_4CR_Isocyanide_2,IR_4CR_Aldehyde_4,IR_4CR_Carboxylic_acid_2,HeLa,hela,in_vitro,1,hela_4cr_aldehyde
IR_4CR_aldehyde_823-23,823-23,IR_4CR_Amine_23,IR_4CR_Isocyanide_3,IR_4CR_Aldehyde_8,IR_4CR_Carboxylic_acid_2,HeLa,hela,in_vitro,1,hela_4cr_aldehyde
IR_4CR_aldehyde_424-23,424-23,IR_4CR_Amine_23,IR_4CR_Isocyanide_4,IR_4CR_Aldehyde_4,IR_4CR_Carboxylic_acid_2,HeLa,hela,in_vitro,1,hela_4cr_aldehyde
IR_4CR_aldehyde_334-23,334-23,IR_4CR_Amine_23,IR_4CR_Isocyanide_4,IR_4CR_Aldehyde_3,IR_4CR_Carboxylic_acid_3,HeLa,hela,in_vitro,1,hela_4cr_aldehyde
IR_4CR_aldehyde_341-23,341-23,IR_4CR_Amine_23,IR_4CR_Isocyanide_1,IR_4CR_Aldehyde_3,IR_4CR_Carboxylic_acid_4,HeLa,hela,in_vitro,1,hela_4cr_aldehyde
IR_4CR_aldehyde_842-23,842-23,IR_4CR_Amine_23,IR_4CR_Isocyanide_2,IR_4CR_Aldehyde_8,IR_4CR_Carboxylic_acid_4,HeLa,hela,in_vitro,1,hela_4cr_aldehyde
IR_4CR_aldehyde_743-23,743-23,IR_4CR_Amine_23,IR_4CR_Isocyanide_3,IR_4CR_Aldehyde_7,IR_4CR_Carboxylic_acid_4,HeLa,hela,in_vitro,1,hela_4cr_aldehyde
IR_4CR_aldehyde_144-23,144-23,IR_4CR_Amine_23,IR_4CR_Isocyanide_4,IR_4CR_Aldehyde_1,IR_4CR_Carboxylic_acid_4,HeLa,hela,in_vitro,1,hela_4cr_aldehyde
IR_4CR_aldehyde_212-9,212-9,IR_4CR_Amine_9,IR_4CR_Isocyanide_2,IR_4CR_Aldehyde_2,IR_4CR_Carboxylic_acid_1,HeLa,hela,in_vitro,1,hela_4cr_aldehyde
IR_4CR_aldehyde_612-9,612-9,IR_4CR_Amine_9,IR_4CR_Isocyanide_2,IR_4CR_Aldehyde_6,IR_4CR_Carboxylic_acid_1,HeLa,hela,in_vitro,1,hela_4cr_aldehyde
IR_4CR_aldehyde_314-9,314-9,IR_4CR_Amine_9,IR_4CR_Isocyanide_4,IR_4CR_Aldehyde_3,IR_4CR_Carboxylic_acid_1,HeLa,hela,in_vitro,1,hela_4cr_aldehyde
IR_4CR_aldehyde_322-9,322-9,IR_4CR_Amine_9,IR_4CR_Isocyanide_2,IR_4CR_Aldehyde_3,IR_4CR_Carboxylic_acid_2,HeLa,hela,in_vitro,1,hela_4cr_aldehyde
IR_4CR_aldehyde_133-9,133-9,IR_4CR_Amine_9,IR_4CR_Isocyanide_3,IR_4CR_Aldehyde_1,IR_4CR_Carboxylic_acid_3,HeLa,hela,in_vitro,1,hela_4cr_aldehyde
IR_4CR_aldehyde_842-9,842-9,IR_4CR_Amine_9,IR_4CR_Isocyanide_2,IR_4CR_Aldehyde_8,IR_4CR_Carboxylic_acid_4,HeLa,hela,in_vitro,1,hela_4cr_aldehyde
IR_4CR_aldehyde_143-9,143-9,IR_4CR_Amine_9,IR_4CR_Isocyanide_3,IR_4CR_Aldehyde_1,IR_4CR_Carboxylic_acid_4,HeLa,hela,in_vitro,1,hela_4cr_aldehyde
IR_4CR_aldehyde_443-9,443-9,IR_4CR_Amine_9,IR_4CR_Isocyanide_3,IR_4CR_Aldehyde_4,IR_4CR_Carboxylic_acid_4,HeLa,hela,in_vitro,1,hela_4cr_aldehyde
IR_4CR_aldehyde_511-22,511-22,IR_4CR_Amine_22,IR_4CR_Isocyanide_1,IR_4CR_Aldehyde_5,IR_4CR_Carboxylic_acid_1,HeLa,hela,in_vitro,1,hela_4cr_aldehyde
IR_4CR_aldehyde_312-22,312-22,IR_4CR_Amine_22,IR_4CR_Isocyanide_2,IR_4CR_Aldehyde_3,IR_4CR_Carboxylic_acid_1,HeLa,hela,in_vitro,1,hela_4cr_aldehyde
IR_4CR_aldehyde_421-22,421-22,IR_4CR_Amine_22,IR_4CR_Isocyanide_1,IR_4CR_Aldehyde_4,IR_4CR_Carboxylic_acid_2,HeLa,hela,in_vitro,1,hela_4cr_aldehyde
IR_4CR_aldehyde_722-22,722-22,IR_4CR_Amine_22,IR_4CR_Isocyanide_2,IR_4CR_Aldehyde_7,IR_4CR_Carboxylic_acid_2,HeLa,hela,in_vitro,1,hela_4cr_aldehyde
IR_4CR_aldehyde_434-22,434-22,IR_4CR_Amine_22,IR_4CR_Isocyanide_4,IR_4CR_Aldehyde_4,IR_4CR_Carboxylic_acid_3,HeLa,hela,in_vitro,1,hela_4cr_aldehyde
IR_4CR_aldehyde_144-22,144-22,IR_4CR_Amine_22,IR_4CR_Isocyanide_4,IR_4CR_Aldehyde_1,IR_4CR_Carboxylic_acid_4,HeLa,hela,in_vitro,1,hela_4cr_aldehyde
IR_4CR_aldehyde_221-23,221-23,IR_4CR_Amine_23,IR_4CR_Isocyanide_1,IR_4CR_Aldehyde_2,IR_4CR_Carboxylic_acid_2,HeLa,hela,in_vitro,1,hela_4cr_aldehyde
IR_4CR_aldehyde_721-23,721-23,IR_4CR_Amine_23,IR_4CR_Isocyanide_1,IR_4CR_Aldehyde_7,IR_4CR_Carboxylic_acid_2,HeLa,hela,in_vitro,1,hela_4cr_aldehyde
IR_4CR_aldehyde_131-23,131-23,IR_4CR_Amine_23,IR_4CR_Isocyanide_1,IR_4CR_Aldehyde_1,IR_4CR_Carboxylic_acid_3,HeLa,hela,in_vitro,1,hela_4cr_aldehyde
IR_4CR_aldehyde_731-23,731-23,IR_4CR_Amine_23,IR_4CR_Isocyanide_1,IR_4CR_Aldehyde_7,IR_4CR_Carboxylic_acid_3,HeLa,hela,in_vitro,1,hela_4cr_aldehyde
IR_4CR_aldehyde_441-23,441-23,IR_4CR_Amine_23,IR_4CR_Isocyanide_1,IR_4CR_Aldehyde_4,IR_4CR_Carboxylic_acid_4,HeLa,hela,in_vitro,1,hela_4cr_aldehyde
IR_4CR_aldehyde_142-23,142-23,IR_4CR_Amine_23,IR_4CR_Isocyanide_2,IR_4CR_Aldehyde_1,IR_4CR_Carboxylic_acid_4,HeLa,hela,in_vitro,1,hela_4cr_aldehyde
IR_4CR_aldehyde_241-22,241-22,IR_4CR_Amine_22,IR_4CR_Isocyanide_1,IR_4CR_Aldehyde_2,IR_4CR_Carboxylic_acid_4,HeLa,hela,in_vitro,1,hela_4cr_aldehyde
IR_4CR_aldehyde_412-9,412-9,IR_4CR_Amine_9,IR_4CR_Isocyanide_2,IR_4CR_Aldehyde_4,IR_4CR_Carboxylic_acid_1,HeLa,hela,in_vitro,1,hela_4cr_aldehyde
IR_4CR_aldehyde_432-9,432-9,IR_4CR_Amine_9,IR_4CR_Isocyanide_2,IR_4CR_Aldehyde_4,IR_4CR_Carboxylic_acid_3,HeLa,hela,in_vitro,1,hela_4cr_aldehyde
IR_4CR_aldehyde_141-9,141-9,IR_4CR_Amine_9,IR_4CR_Isocyanide_1,IR_4CR_Aldehyde_1,IR_4CR_Carboxylic_acid_4,HeLa,hela,in_vitro,1,hela_4cr_aldehyde
IR_4CR_aldehyde_114-22,114-22,IR_4CR_Amine_22,IR_4CR_Isocyanide_4,IR_4CR_Aldehyde_1,IR_4CR_Carboxylic_acid_1,HeLa,hela,in_vitro,1,hela_4cr_aldehyde
IR_4CR_aldehyde_214-22,214-22,IR_4CR_Amine_22,IR_4CR_Isocyanide_4,IR_4CR_Aldehyde_2,IR_4CR_Carboxylic_acid_1,HeLa,hela,in_vitro,1,hela_4cr_aldehyde
IR_4CR_aldehyde_222-22,222-22,IR_4CR_Amine_22,IR_4CR_Isocyanide_2,IR_4CR_Aldehyde_2,IR_4CR_Carboxylic_acid_2,HeLa,hela,in_vitro,1,hela_4cr_aldehyde
IR_4CR_aldehyde_424-22,424-22,IR_4CR_Amine_22,IR_4CR_Isocyanide_4,IR_4CR_Aldehyde_4,IR_4CR_Carboxylic_acid_2,HeLa,hela,in_vitro,1,hela_4cr_aldehyde
IR_4CR_aldehyde_524-22,524-22,IR_4CR_Amine_22,IR_4CR_Isocyanide_4,IR_4CR_Aldehyde_5,IR_4CR_Carboxylic_acid_2,HeLa,hela,in_vitro,1,hela_4cr_aldehyde
IR_4CR_aldehyde_133-22,133-22,IR_4CR_Amine_22,IR_4CR_Isocyanide_3,IR_4CR_Aldehyde_1,IR_4CR_Carboxylic_acid_3,HeLa,hela,in_vitro,1,hela_4cr_aldehyde
IR_4CR_aldehyde_233-22,233-22,IR_4CR_Amine_22,IR_4CR_Isocyanide_3,IR_4CR_Aldehyde_2,IR_4CR_Carboxylic_acid_3,HeLa,hela,in_vitro,1,hela_4cr_aldehyde
IR_4CR_aldehyde_234-22,234-22,IR_4CR_Amine_22,IR_4CR_Isocyanide_4,IR_4CR_Aldehyde_2,IR_4CR_Carboxylic_acid_3,HeLa,hela,in_vitro,1,hela_4cr_aldehyde
IR_4CR_aldehyde_242-22,242-22,IR_4CR_Amine_22,IR_4CR_Isocyanide_2,IR_4CR_Aldehyde_2,IR_4CR_Carboxylic_acid_4,HeLa,hela,in_vitro,1,hela_4cr_aldehyde
IR_4CR_aldehyde_442-22,442-22,IR_4CR_Amine_22,IR_4CR_Isocyanide_2,IR_4CR_Aldehyde_4,IR_4CR_Carboxylic_acid_4,HeLa,hela,in_vitro,1,hela_4cr_aldehyde
IR_4CR_aldehyde_742-22,742-22,IR_4CR_Amine_22,IR_4CR_Isocyanide_2,IR_4CR_Aldehyde_7,IR_4CR_Carboxylic_acid_4,HeLa,hela,in_vitro,1,hela_4cr_aldehyde
IR_4CR_aldehyde_143-22,143-22,IR_4CR_Amine_22,IR_4CR_Isocyanide_3,IR_4CR_Aldehyde_1,IR_4CR_Carboxylic_acid_4,HeLa,hela,in_vitro,1,hela_4cr_aldehyde
IR_4CR_aldehyde_343-22,343-22,IR_4CR_Amine_22,IR_4CR_Isocyanide_3,IR_4CR_Aldehyde_3,IR_4CR_Carboxylic_acid_4,HeLa,hela,in_vitro,1,hela_4cr_aldehyde
IR_4CR_aldehyde_844-22,844-22,IR_4CR_Amine_22,IR_4CR_Isocyanide_4,IR_4CR_Aldehyde_8,IR_4CR_Carboxylic_acid_4,HeLa,hela,in_vitro,1,hela_4cr_aldehyde
IR_4CR_aldehyde_421-23,421-23,IR_4CR_Amine_23,IR_4CR_Isocyanide_1,IR_4CR_Aldehyde_4,IR_4CR_Carboxylic_acid_2,HeLa,hela,in_vitro,1,hela_4cr_aldehyde
IR_4CR_aldehyde_834-23,834-23,IR_4CR_Amine_23,IR_4CR_Isocyanide_4,IR_4CR_Aldehyde_8,IR_4CR_Carboxylic_acid_3,HeLa,hela,in_vitro,1,hela_4cr_aldehyde
IR_4CR_aldehyde_841-23,841-23,IR_4CR_Amine_23,IR_4CR_Isocyanide_1,IR_4CR_Aldehyde_8,IR_4CR_Carboxylic_acid_4,HeLa,hela,in_vitro,1,hela_4cr_aldehyde
IR_4CR_aldehyde_342-23,342-23,IR_4CR_Amine_23,IR_4CR_Isocyanide_2,IR_4CR_Aldehyde_3,IR_4CR_Carboxylic_acid_4,HeLa,hela,in_vitro,1,hela_4cr_aldehyde
IR_4CR_aldehyde_111-22,111-22,IR_4CR_Amine_22,IR_4CR_Isocyanide_1,IR_4CR_Aldehyde_1,IR_4CR_Carboxylic_acid_1,HeLa,hela,in_vitro,1,hela_4cr_aldehyde
IR_4CR_aldehyde_711-9,711-9,IR_4CR_Amine_9,IR_4CR_Isocyanide_1,IR_4CR_Aldehyde_7,IR_4CR_Carboxylic_acid_1,HeLa,hela,in_vitro,1,hela_4cr_aldehyde
IR_4CR_aldehyde_814-9,814-9,IR_4CR_Amine_9,IR_4CR_Isocyanide_4,IR_4CR_Aldehyde_8,IR_4CR_Carboxylic_acid_1,HeLa,hela,in_vitro,1,hela_4cr_aldehyde
IR_4CR_aldehyde_323-9,323-9,IR_4CR_Amine_9,IR_4CR_Isocyanide_3,IR_4CR_Aldehyde_3,IR_4CR_Carboxylic_acid_2,HeLa,hela,in_vitro,1,hela_4cr_aldehyde
IR_4CR_aldehyde_232-9,232-9,IR_4CR_Amine_9,IR_4CR_Isocyanide_2,IR_4CR_Aldehyde_2,IR_4CR_Carboxylic_acid_3,HeLa,hela,in_vitro,1,hela_4cr_aldehyde
IR_4CR_aldehyde_734-9,734-9,IR_4CR_Amine_9,IR_4CR_Isocyanide_4,IR_4CR_Aldehyde_7,IR_4CR_Carboxylic_acid_3,HeLa,hela,in_vitro,1,hela_4cr_aldehyde
IR_4CR_aldehyde_311-22,311-22,IR_4CR_Amine_22,IR_4CR_Isocyanide_1,IR_4CR_Aldehyde_3,IR_4CR_Carboxylic_acid_1,HeLa,hela,in_vitro,1,hela_4cr_aldehyde
IR_4CR_aldehyde_713-22,713-22,IR_4CR_Amine_22,IR_4CR_Isocyanide_3,IR_4CR_Aldehyde_7,IR_4CR_Carboxylic_acid_1,HeLa,hela,in_vitro,1,hela_4cr_aldehyde
IR_4CR_aldehyde_323-22,323-22,IR_4CR_Amine_22,IR_4CR_Isocyanide_3,IR_4CR_Aldehyde_3,IR_4CR_Carboxylic_acid_2,HeLa,hela,in_vitro,1,hela_4cr_aldehyde
IR_4CR_aldehyde_131-22,131-22,IR_4CR_Amine_22,IR_4CR_Isocyanide_1,IR_4CR_Aldehyde_1,IR_4CR_Carboxylic_acid_3,HeLa,hela,in_vitro,1,hela_4cr_aldehyde
IR_4CR_aldehyde_731-22,731-22,IR_4CR_Amine_22,IR_4CR_Isocyanide_1,IR_4CR_Aldehyde_7,IR_4CR_Carboxylic_acid_3,HeLa,hela,in_vitro,1,hela_4cr_aldehyde
IR_4CR_aldehyde_831-22,831-22,IR_4CR_Amine_22,IR_4CR_Isocyanide_1,IR_4CR_Aldehyde_8,IR_4CR_Carboxylic_acid_3,HeLa,hela,in_vitro,1,hela_4cr_aldehyde
IR_4CR_aldehyde_232-22,232-22,IR_4CR_Amine_22,IR_4CR_Isocyanide_2,IR_4CR_Aldehyde_2,IR_4CR_Carboxylic_acid_3,HeLa,hela,in_vitro,1,hela_4cr_aldehyde
IR_4CR_aldehyde_433-22,433-22,IR_4CR_Amine_22,IR_4CR_Isocyanide_3,IR_4CR_Aldehyde_4,IR_4CR_Carboxylic_acid_3,HeLa,hela,in_vitro,1,hela_4cr_aldehyde
IR_4CR_aldehyde_134-22,134-22,IR_4CR_Amine_22,IR_4CR_Isocyanide_4,IR_4CR_Aldehyde_1,IR_4CR_Carboxylic_acid_3,HeLa,hela,in_vitro,1,hela_4cr_aldehyde
IR_4CR_aldehyde_243-22,243-22,IR_4CR_Amine_22,IR_4CR_Isocyanide_3,IR_4CR_Aldehyde_2,IR_4CR_Carboxylic_acid_4,HeLa,hela,in_vitro,1,hela_4cr_aldehyde
IR_4CR_aldehyde_843-22,843-22,IR_4CR_Amine_22,IR_4CR_Isocyanide_3,IR_4CR_Aldehyde_8,IR_4CR_Carboxylic_acid_4,HeLa,hela,in_vitro,1,hela_4cr_aldehyde
IR_4CR_aldehyde_111-23,111-23,IR_4CR_Amine_23,IR_4CR_Isocyanide_1,IR_4CR_Aldehyde_1,IR_4CR_Carboxylic_acid_1,HeLa,hela,in_vitro,1,hela_4cr_aldehyde
IR_4CR_aldehyde_811-9,811-9,IR_4CR_Amine_9,IR_4CR_Isocyanide_1,IR_4CR_Aldehyde_8,IR_4CR_Carboxylic_acid_1,HeLa,hela,in_vitro,1,hela_4cr_aldehyde
IR_4CR_aldehyde_312-9,312-9,IR_4CR_Amine_9,IR_4CR_Isocyanide_2,IR_4CR_Aldehyde_3,IR_4CR_Carboxylic_acid_1,HeLa,hela,in_vitro,1,hela_4cr_aldehyde
IR_4CR_aldehyde_714-9,714-9,IR_4CR_Amine_9,IR_4CR_Isocyanide_4,IR_4CR_Aldehyde_7,IR_4CR_Carboxylic_acid_1,HeLa,hela,in_vitro,1,hela_4cr_aldehyde
IR_4CR_aldehyde_221-9,221-9,IR_4CR_Amine_9,IR_4CR_Isocyanide_1,IR_4CR_Aldehyde_2,IR_4CR_Carboxylic_acid_2,HeLa,hela,in_vitro,1,hela_4cr_aldehyde
IR_4CR_aldehyde_321-9,321-9,IR_4CR_Amine_9,IR_4CR_Isocyanide_1,IR_4CR_Aldehyde_3,IR_4CR_Carboxylic_acid_2,HeLa,hela,in_vitro,1,hela_4cr_aldehyde
IR_4CR_aldehyde_722-9,722-9,IR_4CR_Amine_9,IR_4CR_Isocyanide_2,IR_4CR_Aldehyde_7,IR_4CR_Carboxylic_acid_2,HeLa,hela,in_vitro,1,hela_4cr_aldehyde
IR_4CR_aldehyde_223-9,223-9,IR_4CR_Amine_9,IR_4CR_Isocyanide_3,IR_4CR_Aldehyde_2,IR_4CR_Carboxylic_acid_2,HeLa,hela,in_vitro,1,hela_4cr_aldehyde
IR_4CR_aldehyde_723-9,723-9,IR_4CR_Amine_9,IR_4CR_Isocyanide_3,IR_4CR_Aldehyde_7,IR_4CR_Carboxylic_acid_2,HeLa,hela,in_vitro,1,hela_4cr_aldehyde
IR_4CR_aldehyde_823-9,823-9,IR_4CR_Amine_9,IR_4CR_Isocyanide_3,IR_4CR_Aldehyde_8,IR_4CR_Carboxylic_acid_2,HeLa,hela,in_vitro,1,hela_4cr_aldehyde
IR_4CR_aldehyde_224-9,224-9,IR_4CR_Amine_9,IR_4CR_Isocyanide_4,IR_4CR_Aldehyde_2,IR_4CR_Carboxylic_acid_2,HeLa,hela,in_vitro,1,hela_4cr_aldehyde
IR_4CR_aldehyde_724-9,724-9,IR_4CR_Amine_9,IR_4CR_Isocyanide_4,IR_4CR_Aldehyde_7,IR_4CR_Carboxylic_acid_2,HeLa,hela,in_vitro,1,hela_4cr_aldehyde
IR_4CR_aldehyde_824-9,824-9,IR_4CR_Amine_9,IR_4CR_Isocyanide_4,IR_4CR_Aldehyde_8,IR_4CR_Carboxylic_acid_2,HeLa,hela,in_vitro,1,hela_4cr_aldehyde
IR_4CR_aldehyde_832-9,832-9,IR_4CR_Amine_9,IR_4CR_Isocyanide_2,IR_4CR_Aldehyde_8,IR_4CR_Carboxylic_acid_3,HeLa,hela,in_vitro,1,hela_4cr_aldehyde
IR_4CR_aldehyde_333-9,333-9,IR_4CR_Amine_9,IR_4CR_Isocyanide_3,IR_4CR_Aldehyde_3,IR_4CR_Carboxylic_acid_3,HeLa,hela,in_vitro,1,hela_4cr_aldehyde
IR_4CR_aldehyde_733-9,733-9,IR_4CR_Amine_9,IR_4CR_Isocyanide_3,IR_4CR_Aldehyde_7,IR_4CR_Carboxylic_acid_3,HeLa,hela,in_vitro,1,hela_4cr_aldehyde
IR_4CR_aldehyde_833-9,833-9,IR_4CR_Amine_9,IR_4CR_Isocyanide_3,IR_4CR_Aldehyde_8,IR_4CR_Carboxylic_acid_3,HeLa,hela,in_vitro,1,hela_4cr_aldehyde
IR_4CR_aldehyde_834-9,834-9,IR_4CR_Amine_9,IR_4CR_Isocyanide_4,IR_4CR_Aldehyde_8,IR_4CR_Carboxylic_acid_3,HeLa,hela,in_vitro,1,hela_4cr_aldehyde
IR_4CR_aldehyde_841-9,841-9,IR_4CR_Amine_9,IR_4CR_Isocyanide_1,IR_4CR_Aldehyde_8,IR_4CR_Carboxylic_acid_4,HeLa,hela,in_vitro,1,hela_4cr_aldehyde
IR_4CR_aldehyde_442-9,442-9,IR_4CR_Amine_9,IR_4CR_Isocyanide_2,IR_4CR_Aldehyde_4,IR_4CR_Carboxylic_acid_4,HeLa,hela,in_vitro,1,hela_4cr_aldehyde
IR_4CR_aldehyde_742-9,742-9,IR_4CR_Amine_9,IR_4CR_Isocyanide_2,IR_4CR_Aldehyde_7,IR_4CR_Carboxylic_acid_4,HeLa,hela,in_vitro,1,hela_4cr_aldehyde
IR_4CR_aldehyde_243-9,243-9,IR_4CR_Amine_9,IR_4CR_Isocyanide_3,IR_4CR_Aldehyde_2,IR_4CR_Carboxylic_acid_4,HeLa,hela,in_vitro,1,hela_4cr_aldehyde
IR_4CR_aldehyde_743-9,743-9,IR_4CR_Amine_9,IR_4CR_Isocyanide_3,IR_4CR_Aldehyde_7,IR_4CR_Carboxylic_acid_4,HeLa,hela,in_vitro,1,hela_4cr_aldehyde
IR_4CR_aldehyde_843-9,843-9,IR_4CR_Amine_9,IR_4CR_Isocyanide_3,IR_4CR_Aldehyde_8,IR_4CR_Carboxylic_acid_4,HeLa,hela,in_vitro,1,hela_4cr_aldehyde
IR_4CR_aldehyde_144-9,144-9,IR_4CR_Amine_9,IR_4CR_Isocyanide_4,IR_4CR_Aldehyde_1,IR_4CR_Carboxylic_acid_4,HeLa,hela,in_vitro,1,hela_4cr_aldehyde
IR_4CR_aldehyde_344-9,344-9,IR_4CR_Amine_9,IR_4CR_Isocyanide_4,IR_4CR_Aldehyde_3,IR_4CR_Carboxylic_acid_4,HeLa,hela,in_vitro,1,hela_4cr_aldehyde
IR_4CR_aldehyde_444-9,444-9,IR_4CR_Amine_9,IR_4CR_Isocyanide_4,IR_4CR_Aldehyde_4,IR_4CR_Carboxylic_acid_4,HeLa,hela,in_vitro,1,hela_4cr_aldehyde
IR_4CR_aldehyde_744-9,744-9,IR_4CR_Amine_9,IR_4CR_Isocyanide_4,IR_4CR_Aldehyde_7,IR_4CR_Carboxylic_acid_4,HeLa,hela,in_vitro,1,hela_4cr_aldehyde
IR_4CR_aldehyde_844-9,844-9,IR_4CR_Amine_9,IR_4CR_Isocyanide_4,IR_4CR_Aldehyde_8,IR_4CR_Carboxylic_acid_4,HeLa,hela,in_vitro,1,hela_4cr_aldehyde
IR_4CR_aldehyde_211-22,211-22,IR_4CR_Amine_22,IR_4CR_Isocyanide_1,IR_4CR_Aldehyde_2,IR_4CR_Carboxylic_acid_1,HeLa,hela,in_vitro,1,hela_4cr_aldehyde
IR_4CR_aldehyde_112-22,112-22,IR_4CR_Amine_22,IR_4CR_Isocyanide_2,IR_4CR_Aldehyde_1,IR_4CR_Carboxylic_acid_1,HeLa,hela,in_vitro,1,hela_4cr_aldehyde
IR_4CR_aldehyde_212-22,212-22,IR_4CR_Amine_22,IR_4CR_Isocyanide_2,IR_4CR_Aldehyde_2,IR_4CR_Carboxylic_acid_1,HeLa,hela,in_vitro,1,hela_4cr_aldehyde
IR_4CR_aldehyde_412-22,412-22,IR_4CR_Amine_22,IR_4CR_Isocyanide_2,IR_4CR_Aldehyde_4,IR_4CR_Carboxylic_acid_1,HeLa,hela,in_vitro,1,hela_4cr_aldehyde
IR_4CR_aldehyde_712-22,712-22,IR_4CR_Amine_22,IR_4CR_Isocyanide_2,IR_4CR_Aldehyde_7,IR_4CR_Carboxylic_acid_1,HeLa,hela,in_vitro,1,hela_4cr_aldehyde
IR_4CR_aldehyde_213-22,213-22,IR_4CR_Amine_22,IR_4CR_Isocyanide_3,IR_4CR_Aldehyde_2,IR_4CR_Carboxylic_acid_1,HeLa,hela,in_vitro,1,hela_4cr_aldehyde
IR_4CR_aldehyde_413-22,413-22,IR_4CR_Amine_22,IR_4CR_Isocyanide_3,IR_4CR_Aldehyde_4,IR_4CR_Carboxylic_acid_1,HeLa,hela,in_vitro,1,hela_4cr_aldehyde
IR_4CR_aldehyde_813-22,813-22,IR_4CR_Amine_22,IR_4CR_Isocyanide_3,IR_4CR_Aldehyde_8,IR_4CR_Carboxylic_acid_1,HeLa,hela,in_vitro,1,hela_4cr_aldehyde
IR_4CR_aldehyde_314-22,314-22,IR_4CR_Amine_22,IR_4CR_Isocyanide_4,IR_4CR_Aldehyde_3,IR_4CR_Carboxylic_acid_1,HeLa,hela,in_vitro,1,hela_4cr_aldehyde
IR_4CR_aldehyde_814-22,814-22,IR_4CR_Amine_22,IR_4CR_Isocyanide_4,IR_4CR_Aldehyde_8,IR_4CR_Carboxylic_acid_1,HeLa,hela,in_vitro,1,hela_4cr_aldehyde
IR_4CR_aldehyde_121-22,121-22,IR_4CR_Amine_22,IR_4CR_Isocyanide_1,IR_4CR_Aldehyde_1,IR_4CR_Carboxylic_acid_2,HeLa,hela,in_vitro,1,hela_4cr_aldehyde
IR_4CR_aldehyde_221-22,221-22,IR_4CR_Amine_22,IR_4CR_Isocyanide_1,IR_4CR_Aldehyde_2,IR_4CR_Carboxylic_acid_2,HeLa,hela,in_vitro,1,hela_4cr_aldehyde
IR_4CR_aldehyde_321-22,321-22,IR_4CR_Amine_22,IR_4CR_Isocyanide_1,IR_4CR_Aldehyde_3,IR_4CR_Carboxylic_acid_2,HeLa,hela,in_vitro,1,hela_4cr_aldehyde
IR_4CR_aldehyde_721-22,721-22,IR_4CR_Amine_22,IR_4CR_Isocyanide_1,IR_4CR_Aldehyde_7,IR_4CR_Carboxylic_acid_2,HeLa,hela,in_vitro,1,hela_4cr_aldehyde
IR_4CR_aldehyde_821-22,821-22,IR_4CR_Amine_22,IR_4CR_Isocyanide_1,IR_4CR_Aldehyde_8,IR_4CR_Carboxylic_acid_2,HeLa,hela,in_vitro,1,hela_4cr_aldehyde
IR_4CR_aldehyde_422-22,422-22,IR_4CR_Amine_22,IR_4CR_Isocyanide_2,IR_4CR_Aldehyde_4,IR_4CR_Carboxylic_acid_2,HeLa,hela,in_vitro,1,hela_4cr_aldehyde
IR_4CR_aldehyde_423-22,423-22,IR_4CR_Amine_22,IR_4CR_Isocyanide_3,IR_4CR_Aldehyde_4,IR_4CR_Carboxylic_acid_2,HeLa,hela,in_vitro,1,hela_4cr_aldehyde
IR_4CR_aldehyde_124-22,124-22,IR_4CR_Amine_22,IR_4CR_Isocyanide_4,IR_4CR_Aldehyde_1,IR_4CR_Carboxylic_acid_2,HeLa,hela,in_vitro,1,hela_4cr_aldehyde
IR_4CR_aldehyde_324-22,324-22,IR_4CR_Amine_22,IR_4CR_Isocyanide_4,IR_4CR_Aldehyde_3,IR_4CR_Carboxylic_acid_2,HeLa,hela,in_vitro,1,hela_4cr_aldehyde
IR_4CR_aldehyde_231-22,231-22,IR_4CR_Amine_22,IR_4CR_Isocyanide_1,IR_4CR_Aldehyde_2,IR_4CR_Carboxylic_acid_3,HeLa,hela,in_vitro,1,hela_4cr_aldehyde
IR_4CR_aldehyde_431-22,431-22,IR_4CR_Amine_22,IR_4CR_Isocyanide_1,IR_4CR_Aldehyde_4,IR_4CR_Carboxylic_acid_3,HeLa,hela,in_vitro,1,hela_4cr_aldehyde
IR_4CR_aldehyde_132-22,132-22,IR_4CR_Amine_22,IR_4CR_Isocyanide_2,IR_4CR_Aldehyde_1,IR_4CR_Carboxylic_acid_3,HeLa,hela,in_vitro,1,hela_4cr_aldehyde
IR_4CR_aldehyde_332-22,332-22,IR_4CR_Amine_22,IR_4CR_Isocyanide_2,IR_4CR_Aldehyde_3,IR_4CR_Carboxylic_acid_3,HeLa,hela,in_vitro,1,hela_4cr_aldehyde
IR_4CR_aldehyde_732-22,732-22,IR_4CR_Amine_22,IR_4CR_Isocyanide_2,IR_4CR_Aldehyde_7,IR_4CR_Carboxylic_acid_3,HeLa,hela,in_vitro,1,hela_4cr_aldehyde
IR_4CR_aldehyde_832-22,832-22,IR_4CR_Amine_22,IR_4CR_Isocyanide_2,IR_4CR_Aldehyde_8,IR_4CR_Carboxylic_acid_3,HeLa,hela,in_vitro,1,hela_4cr_aldehyde
IR_4CR_aldehyde_333-22,333-22,IR_4CR_Amine_22,IR_4CR_Isocyanide_3,IR_4CR_Aldehyde_3,IR_4CR_Carboxylic_acid_3,HeLa,hela,in_vitro,1,hela_4cr_aldehyde
IR_4CR_aldehyde_733-22,733-22,IR_4CR_Amine_22,IR_4CR_Isocyanide_3,IR_4CR_Aldehyde_7,IR_4CR_Carboxylic_acid_3,HeLa,hela,in_vitro,1,hela_4cr_aldehyde
IR_4CR_aldehyde_833-22,833-22,IR_4CR_Amine_22,IR_4CR_Isocyanide_3,IR_4CR_Aldehyde_8,IR_4CR_Carboxylic_acid_3,HeLa,hela,in_vitro,1,hela_4cr_aldehyde
IR_4CR_aldehyde_334-22,334-22,IR_4CR_Amine_22,IR_4CR_Isocyanide_4,IR_4CR_Aldehyde_3,IR_4CR_Carboxylic_acid_3,HeLa,hela,in_vitro,1,hela_4cr_aldehyde
IR_4CR_aldehyde_734-22,734-22,IR_4CR_Amine_22,IR_4CR_Isocyanide_4,IR_4CR_Aldehyde_7,IR_4CR_Carboxylic_acid_3,HeLa,hela,in_vitro,1,hela_4cr_aldehyde
IR_4CR_aldehyde_141-22,141-22,IR_4CR_Amine_22,IR_4CR_Isocyanide_1,IR_4CR_Aldehyde_1,IR_4CR_Carboxylic_acid_4,HeLa,hela,in_vitro,1,hela_4cr_aldehyde
IR_4CR_aldehyde_341-22,341-22,IR_4CR_Amine_22,IR_4CR_Isocyanide_1,IR_4CR_Aldehyde_3,IR_4CR_Carboxylic_acid_4,HeLa,hela,in_vitro,1,hela_4cr_aldehyde
IR_4CR_aldehyde_441-22,441-22,IR_4CR_Amine_22,IR_4CR_Isocyanide_1,IR_4CR_Aldehyde_4,IR_4CR_Carboxylic_acid_4,HeLa,hela,in_vitro,1,hela_4cr_aldehyde
IR_4CR_aldehyde_741-22,741-22,IR_4CR_Amine_22,IR_4CR_Isocyanide_1,IR_4CR_Aldehyde_7,IR_4CR_Carboxylic_acid_4,HeLa,hela,in_vitro,1,hela_4cr_aldehyde
IR_4CR_aldehyde_142-22,142-22,IR_4CR_Amine_22,IR_4CR_Isocyanide_2,IR_4CR_Aldehyde_1,IR_4CR_Carboxylic_acid_4,HeLa,hela,in_vitro,1,hela_4cr_aldehyde
IR_4CR_aldehyde_342-22,342-22,IR_4CR_Amine_22,IR_4CR_Isocyanide_2,IR_4CR_Aldehyde_3,IR_4CR_Carboxylic_acid_4,HeLa,hela,in_vitro,1,hela_4cr_aldehyde
IR_4CR_aldehyde_842-22,842-22,IR_4CR_Amine_22,IR_4CR_Isocyanide_2,IR_4CR_Aldehyde_8,IR_4CR_Carboxylic_acid_4,HeLa,hela,in_vitro,1,hela_4cr_aldehyde
IR_4CR_aldehyde_443-22,443-22,IR_4CR_Amine_22,IR_4CR_Isocyanide_3,IR_4CR_Aldehyde_4,IR_4CR_Carboxylic_acid_4,HeLa,hela,in_vitro,1,hela_4cr_aldehyde
IR_4CR_aldehyde_743-22,743-22,IR_4CR_Amine_22,IR_4CR_Isocyanide_3,IR_4CR_Aldehyde_7,IR_4CR_Carboxylic_acid_4,HeLa,hela,in_vitro,1,hela_4cr_aldehyde
IR_4CR_aldehyde_344-22,344-22,IR_4CR_Amine_22,IR_4CR_Isocyanide_4,IR_4CR_Aldehyde_3,IR_4CR_Carboxylic_acid_4,HeLa,hela,in_vitro,1,hela_4cr_aldehyde
IR_4CR_aldehyde_444-22,444-22,IR_4CR_Amine_22,IR_4CR_Isocyanide_4,IR_4CR_Aldehyde_4,IR_4CR_Carboxylic_acid_4,HeLa,hela,in_vitro,1,hela_4cr_aldehyde
IR_4CR_aldehyde_744-22,744-22,IR_4CR_Amine_22,IR_4CR_Isocyanide_4,IR_4CR_Aldehyde_7,IR_4CR_Carboxylic_acid_4,HeLa,hela,in_vitro,1,hela_4cr_aldehyde
IR_4CR_aldehyde_211-23,211-23,IR_4CR_Amine_23,IR_4CR_Isocyanide_1,IR_4CR_Aldehyde_2,IR_4CR_Carboxylic_acid_1,HeLa,hela,in_vitro,1,hela_4cr_aldehyde
IR_4CR_aldehyde_312-23,312-23,IR_4CR_Amine_23,IR_4CR_Isocyanide_2,IR_4CR_Aldehyde_3,IR_4CR_Carboxylic_acid_1,HeLa,hela,in_vitro,1,hela_4cr_aldehyde
IR_4CR_aldehyde_412-23,412-23,IR_4CR_Amine_23,IR_4CR_Isocyanide_2,IR_4CR_Aldehyde_4,IR_4CR_Carboxylic_acid_1,HeLa,hela,in_vitro,1,hela_4cr_aldehyde
IR_4CR_aldehyde_812-23,812-23,IR_4CR_Amine_23,IR_4CR_Isocyanide_2,IR_4CR_Aldehyde_8,IR_4CR_Carboxylic_acid_1,HeLa,hela,in_vitro,1,hela_4cr_aldehyde
IR_4CR_aldehyde_314-23,314-23,IR_4CR_Amine_23,IR_4CR_Isocyanide_4,IR_4CR_Aldehyde_3,IR_4CR_Carboxylic_acid_1,HeLa,hela,in_vitro,1,hela_4cr_aldehyde
IR_4CR_aldehyde_414-23,414-23,IR_4CR_Amine_23,IR_4CR_Isocyanide_4,IR_4CR_Aldehyde_4,IR_4CR_Carboxylic_acid_1,HeLa,hela,in_vitro,1,hela_4cr_aldehyde
IR_4CR_aldehyde_814-23,814-23,IR_4CR_Amine_23,IR_4CR_Isocyanide_4,IR_4CR_Aldehyde_8,IR_4CR_Carboxylic_acid_1,HeLa,hela,in_vitro,1,hela_4cr_aldehyde
IR_4CR_aldehyde_121-23,121-23,IR_4CR_Amine_23,IR_4CR_Isocyanide_1,IR_4CR_Aldehyde_1,IR_4CR_Carboxylic_acid_2,HeLa,hela,in_vitro,1,hela_4cr_aldehyde
IR_4CR_aldehyde_821-23,821-23,IR_4CR_Amine_23,IR_4CR_Isocyanide_1,IR_4CR_Aldehyde_8,IR_4CR_Carboxylic_acid_2,HeLa,hela,in_vitro,1,hela_4cr_aldehyde
IR_4CR_aldehyde_322-23,322-23,IR_4CR_Amine_23,IR_4CR_Isocyanide_2,IR_4CR_Aldehyde_3,IR_4CR_Carboxylic_acid_2,HeLa,hela,in_vitro,1,hela_4cr_aldehyde
IR_4CR_aldehyde_824-23,824-23,IR_4CR_Amine_23,IR_4CR_Isocyanide_4,IR_4CR_Aldehyde_8,IR_4CR_Carboxylic_acid_2,HeLa,hela,in_vitro,1,hela_4cr_aldehyde
IR_4CR_aldehyde_231-23,231-23,IR_4CR_Amine_23,IR_4CR_Isocyanide_1,IR_4CR_Aldehyde_2,IR_4CR_Carboxylic_acid_3,HeLa,hela,in_vitro,1,hela_4cr_aldehyde
IR_4CR_aldehyde_331-23,331-23,IR_4CR_Amine_23,IR_4CR_Isocyanide_1,IR_4CR_Aldehyde_3,IR_4CR_Carboxylic_acid_3,HeLa,hela,in_vitro,1,hela_4cr_aldehyde
IR_4CR_aldehyde_431-23,431-23,IR_4CR_Amine_23,IR_4CR_Isocyanide_1,IR_4CR_Aldehyde_4,IR_4CR_Carboxylic_acid_3,HeLa,hela,in_vitro,1,hela_4cr_aldehyde
IR_4CR_aldehyde_831-23,831-23,IR_4CR_Amine_23,IR_4CR_Isocyanide_1,IR_4CR_Aldehyde_8,IR_4CR_Carboxylic_acid_3,HeLa,hela,in_vitro,1,hela_4cr_aldehyde
IR_4CR_aldehyde_432-23,432-23,IR_4CR_Amine_23,IR_4CR_Isocyanide_2,IR_4CR_Aldehyde_4,IR_4CR_Carboxylic_acid_3,HeLa,hela,in_vitro,1,hela_4cr_aldehyde
IR_4CR_aldehyde_833-23,833-23,IR_4CR_Amine_23,IR_4CR_Isocyanide_3,IR_4CR_Aldehyde_8,IR_4CR_Carboxylic_acid_3,HeLa,hela,in_vitro,1,hela_4cr_aldehyde
IR_4CR_aldehyde_742-23,742-23,IR_4CR_Amine_23,IR_4CR_Isocyanide_2,IR_4CR_Aldehyde_7,IR_4CR_Carboxylic_acid_4,HeLa,hela,in_vitro,1,hela_4cr_aldehyde
IR_4CR_aldehyde_843-23,843-23,IR_4CR_Amine_23,IR_4CR_Isocyanide_3,IR_4CR_Aldehyde_8,IR_4CR_Carboxylic_acid_4,HeLa,hela,in_vitro,1,hela_4cr_aldehyde
IR_4CR_aldehyde_344-23,344-23,IR_4CR_Amine_23,IR_4CR_Isocyanide_4,IR_4CR_Aldehyde_3,IR_4CR_Carboxylic_acid_4,HeLa,hela,in_vitro,1,hela_4cr_aldehyde
IR_4CR_aldehyde_111-10,111-10,IR_4CR_Amine_10,IR_4CR_Isocyanide_1,IR_4CR_Aldehyde_1,IR_4CR_Carboxylic_acid_1,HeLa,hela,in_vitro,1,hela_4cr_aldehyde
IR_4CR_aldehyde_111-1,111-1,IR_4CR_Amine_1,IR_4CR_Isocyanide_1,IR_4CR_Aldehyde_1,IR_4CR_Carboxylic_acid_1,HeLa,hela,in_vitro,1,hela_4cr_aldehyde
IR_4CR_aldehyde_613-25,613-25,IR_4CR_Amine_25,IR_4CR_Isocyanide_3,IR_4CR_Aldehyde_6,IR_4CR_Carboxylic_acid_1,HeLa,hela,in_vitro,1,hela_4cr_aldehyde
IR_4CR_aldehyde_622-25,622-25,IR_4CR_Amine_25,IR_4CR_Isocyanide_2,IR_4CR_Aldehyde_6,IR_4CR_Carboxylic_acid_2,HeLa,hela,in_vitro,1,hela_4cr_aldehyde
IR_4CR_aldehyde_241-21,241-21,IR_4CR_Amine_21,IR_4CR_Isocyanide_1,IR_4CR_Aldehyde_2,IR_4CR_Carboxylic_acid_4,HeLa,hela,in_vitro,1,hela_4cr_aldehyde
IR_4CR_aldehyde_241-10,241-10,IR_4CR_Amine_10,IR_4CR_Isocyanide_1,IR_4CR_Aldehyde_2,IR_4CR_Carboxylic_acid_4,HeLa,hela,in_vitro,1,hela_4cr_aldehyde
IR_4CR_aldehyde_111-19,111-19,IR_4CR_Amine_19,IR_4CR_Isocyanide_1,IR_4CR_Aldehyde_1,IR_4CR_Carboxylic_acid_1,HeLa,hela,in_vitro,1,hela_4cr_aldehyde
IR_4CR_aldehyde_613-11,613-11,IR_4CR_Amine_11,IR_4CR_Isocyanide_3,IR_4CR_Aldehyde_6,IR_4CR_Carboxylic_acid_1,HeLa,hela,in_vitro,1,hela_4cr_aldehyde
IR_4CR_aldehyde_624-25,624-25,IR_4CR_Amine_25,IR_4CR_Isocyanide_4,IR_4CR_Aldehyde_6,IR_4CR_Carboxylic_acid_2,HeLa,hela,in_vitro,1,hela_4cr_aldehyde
IR_4CR_aldehyde_111-2,111-2,IR_4CR_Amine_2,IR_4CR_Isocyanide_1,IR_4CR_Aldehyde_1,IR_4CR_Carboxylic_acid_1,HeLa,hela,in_vitro,1,hela_4cr_aldehyde
IR_4CR_aldehyde_622-3,622-3,IR_4CR_Amine_3,IR_4CR_Isocyanide_2,IR_4CR_Aldehyde_6,IR_4CR_Carboxylic_acid_2,HeLa,hela,in_vitro,1,hela_4cr_aldehyde
IR_4CR_aldehyde_241-19,241-19,IR_4CR_Amine_19,IR_4CR_Isocyanide_1,IR_4CR_Aldehyde_2,IR_4CR_Carboxylic_acid_4,HeLa,hela,in_vitro,1,hela_4cr_aldehyde
IR_4CR_aldehyde_241-1,241-1,IR_4CR_Amine_1,IR_4CR_Isocyanide_1,IR_4CR_Aldehyde_2,IR_4CR_Carboxylic_acid_4,HeLa,hela,in_vitro,1,hela_4cr_aldehyde
IR_4CR_aldehyde_621-25,621-25,IR_4CR_Amine_25,IR_4CR_Isocyanide_1,IR_4CR_Aldehyde_6,IR_4CR_Carboxylic_acid_2,HeLa,hela,in_vitro,1,hela_4cr_aldehyde
IR_4CR_aldehyde_613-12,613-12,IR_4CR_Amine_12,IR_4CR_Isocyanide_3,IR_4CR_Aldehyde_6,IR_4CR_Carboxylic_acid_1,HeLa,hela,in_vitro,1,hela_4cr_aldehyde
IR_4CR_aldehyde_241-2,241-2,IR_4CR_Amine_2,IR_4CR_Isocyanide_1,IR_4CR_Aldehyde_2,IR_4CR_Carboxylic_acid_4,HeLa,hela,in_vitro,1,hela_4cr_aldehyde
IR_4CR_aldehyde_244-12,244-12,IR_4CR_Amine_12,IR_4CR_Isocyanide_4,IR_4CR_Aldehyde_2,IR_4CR_Carboxylic_acid_4,HeLa,hela,in_vitro,1,hela_4cr_aldehyde
IR_4CR_aldehyde_244-10,244-10,IR_4CR_Amine_10,IR_4CR_Isocyanide_4,IR_4CR_Aldehyde_2,IR_4CR_Carboxylic_acid_4,HeLa,hela,in_vitro,1,hela_4cr_aldehyde
IR_4CR_aldehyde_111-6,111-6,IR_4CR_Amine_6,IR_4CR_Isocyanide_1,IR_4CR_Aldehyde_1,IR_4CR_Carboxylic_acid_1,HeLa,hela,in_vitro,1,hela_4cr_aldehyde
IR_4CR_aldehyde_111-21,111-21,IR_4CR_Amine_21,IR_4CR_Isocyanide_1,IR_4CR_Aldehyde_1,IR_4CR_Carboxylic_acid_1,HeLa,hela,in_vitro,1,hela_4cr_aldehyde
IR_4CR_aldehyde_111-16,111-16,IR_4CR_Amine_16,IR_4CR_Isocyanide_1,IR_4CR_Aldehyde_1,IR_4CR_Carboxylic_acid_1,HeLa,hela,in_vitro,1,hela_4cr_aldehyde
IR_4CR_aldehyde_613-3,613-3,IR_4CR_Amine_3,IR_4CR_Isocyanide_3,IR_4CR_Aldehyde_6,IR_4CR_Carboxylic_acid_1,HeLa,hela,in_vitro,1,hela_4cr_aldehyde
IR_4CR_aldehyde_111-17,111-17,IR_4CR_Amine_17,IR_4CR_Isocyanide_1,IR_4CR_Aldehyde_1,IR_4CR_Carboxylic_acid_1,HeLa,hela,in_vitro,1,hela_4cr_aldehyde
IR_4CR_aldehyde_244-25,244-25,IR_4CR_Amine_25,IR_4CR_Isocyanide_4,IR_4CR_Aldehyde_2,IR_4CR_Carboxylic_acid_4,HeLa,hela,in_vitro,1,hela_4cr_aldehyde
IR_4CR_aldehyde_244-21,244-21,IR_4CR_Amine_21,IR_4CR_Isocyanide_4,IR_4CR_Aldehyde_2,IR_4CR_Carboxylic_acid_4,HeLa,hela,in_vitro,1,hela_4cr_aldehyde
IR_4CR_aldehyde_111-4,111-4,IR_4CR_Amine_4,IR_4CR_Isocyanide_1,IR_4CR_Aldehyde_1,IR_4CR_Carboxylic_acid_1,HeLa,hela,in_vitro,1,hela_4cr_aldehyde
IR_4CR_aldehyde_624-3,624-3,IR_4CR_Amine_3,IR_4CR_Isocyanide_4,IR_4CR_Aldehyde_6,IR_4CR_Carboxylic_acid_2,HeLa,hela,in_vitro,1,hela_4cr_aldehyde
IR_4CR_aldehyde_622-24,622-24,IR_4CR_Amine_24,IR_4CR_Isocyanide_2,IR_4CR_Aldehyde_6,IR_4CR_Carboxylic_acid_2,HeLa,hela,in_vitro,1,hela_4cr_aldehyde
IR_4CR_aldehyde_622-12,622-12,IR_4CR_Amine_12,IR_4CR_Isocyanide_2,IR_4CR_Aldehyde_6,IR_4CR_Carboxylic_acid_2,HeLa,hela,in_vitro,1,hela_4cr_aldehyde
IR_4CR_aldehyde_624-24,624-24,IR_4CR_Amine_24,IR_4CR_Isocyanide_4,IR_4CR_Aldehyde_6,IR_4CR_Carboxylic_acid_2,HeLa,hela,in_vitro,1,hela_4cr_aldehyde
IR_4CR_aldehyde_244-1,244-1,IR_4CR_Amine_1,IR_4CR_Isocyanide_4,IR_4CR_Aldehyde_2,IR_4CR_Carboxylic_acid_4,HeLa,hela,in_vitro,1,hela_4cr_aldehyde
IR_4CR_aldehyde_611-10,611-10,IR_4CR_Amine_10,IR_4CR_Isocyanide_1,IR_4CR_Aldehyde_6,IR_4CR_Carboxylic_acid_1,HeLa,hela,in_vitro,1,hela_4cr_aldehyde
IR_4CR_aldehyde_624-20,624-20,IR_4CR_Amine_20,IR_4CR_Isocyanide_4,IR_4CR_Aldehyde_6,IR_4CR_Carboxylic_acid_2,HeLa,hela,in_vitro,1,hela_4cr_aldehyde
IR_4CR_aldehyde_241-4,241-4,IR_4CR_Amine_4,IR_4CR_Isocyanide_1,IR_4CR_Aldehyde_2,IR_4CR_Carboxylic_acid_4,HeLa,hela,in_vitro,1,hela_4cr_aldehyde
IR_4CR_aldehyde_613-24,613-24,IR_4CR_Amine_24,IR_4CR_Isocyanide_3,IR_4CR_Aldehyde_6,IR_4CR_Carboxylic_acid_1,HeLa,hela,in_vitro,1,hela_4cr_aldehyde
IR_4CR_aldehyde_622-13,622-13,IR_4CR_Amine_13,IR_4CR_Isocyanide_2,IR_4CR_Aldehyde_6,IR_4CR_Carboxylic_acid_2,HeLa,hela,in_vitro,1,hela_4cr_aldehyde
IR_4CR_aldehyde_111-8,111-8,IR_4CR_Amine_8,IR_4CR_Isocyanide_1,IR_4CR_Aldehyde_1,IR_4CR_Carboxylic_acid_1,HeLa,hela,in_vitro,1,hela_4cr_aldehyde
IR_4CR_aldehyde_611-21,611-21,IR_4CR_Amine_21,IR_4CR_Isocyanide_1,IR_4CR_Aldehyde_6,IR_4CR_Carboxylic_acid_1,HeLa,hela,in_vitro,1,hela_4cr_aldehyde
IR_4CR_aldehyde_624-21,624-21,IR_4CR_Amine_21,IR_4CR_Isocyanide_4,IR_4CR_Aldehyde_6,IR_4CR_Carboxylic_acid_2,HeLa,hela,in_vitro,1,hela_4cr_aldehyde
IR_4CR_aldehyde_241-17,241-17,IR_4CR_Amine_17,IR_4CR_Isocyanide_1,IR_4CR_Aldehyde_2,IR_4CR_Carboxylic_acid_4,HeLa,hela,in_vitro,1,hela_4cr_aldehyde
IR_4CR_aldehyde_621-21,621-21,IR_4CR_Amine_21,IR_4CR_Isocyanide_1,IR_4CR_Aldehyde_6,IR_4CR_Carboxylic_acid_2,HeLa,hela,in_vitro,1,hela_4cr_aldehyde
IR_4CR_aldehyde_621-10,621-10,IR_4CR_Amine_10,IR_4CR_Isocyanide_1,IR_4CR_Aldehyde_6,IR_4CR_Carboxylic_acid_2,HeLa,hela,in_vitro,1,hela_4cr_aldehyde
IR_4CR_aldehyde_621-1,621-1,IR_4CR_Amine_1,IR_4CR_Isocyanide_1,IR_4CR_Aldehyde_6,IR_4CR_Carboxylic_acid_2,HeLa,hela,in_vitro,1,hela_4cr_aldehyde
IR_4CR_aldehyde_244-5,244-5,IR_4CR_Amine_5,IR_4CR_Isocyanide_4,IR_4CR_Aldehyde_2,IR_4CR_Carboxylic_acid_4,HeLa,hela,in_vitro,1,hela_4cr_aldehyde
IR_4CR_aldehyde_241-8,241-8,IR_4CR_Amine_8,IR_4CR_Isocyanide_1,IR_4CR_Aldehyde_2,IR_4CR_Carboxylic_acid_4,HeLa,hela,in_vitro,1,hela_4cr_aldehyde
IR_4CR_aldehyde_613-13,613-13,IR_4CR_Amine_13,IR_4CR_Isocyanide_3,IR_4CR_Aldehyde_6,IR_4CR_Carboxylic_acid_1,HeLa,hela,in_vitro,1,hela_4cr_aldehyde
IR_4CR_aldehyde_613-10,613-10,IR_4CR_Amine_10,IR_4CR_Isocyanide_3,IR_4CR_Aldehyde_6,IR_4CR_Carboxylic_acid_1,HeLa,hela,in_vitro,1,hela_4cr_aldehyde
IR_4CR_aldehyde_624-12,624-12,IR_4CR_Amine_12,IR_4CR_Isocyanide_4,IR_4CR_Aldehyde_6,IR_4CR_Carboxylic_acid_2,HeLa,hela,in_vitro,1,hela_4cr_aldehyde
IR_4CR_aldehyde_111-11,111-11,IR_4CR_Amine_11,IR_4CR_Isocyanide_1,IR_4CR_Aldehyde_1,IR_4CR_Carboxylic_acid_1,HeLa,hela,in_vitro,1,hela_4cr_aldehyde
IR_4CR_aldehyde_611-1,611-1,IR_4CR_Amine_1,IR_4CR_Isocyanide_1,IR_4CR_Aldehyde_6,IR_4CR_Carboxylic_acid_1,HeLa,hela,in_vitro,1,hela_4cr_aldehyde
IR_4CR_aldehyde_611-24,611-24,IR_4CR_Amine_24,IR_4CR_Isocyanide_1,IR_4CR_Aldehyde_6,IR_4CR_Carboxylic_acid_1,HeLa,hela,in_vitro,1,hela_4cr_aldehyde
IR_4CR_aldehyde_624-11,624-11,IR_4CR_Amine_11,IR_4CR_Isocyanide_4,IR_4CR_Aldehyde_6,IR_4CR_Carboxylic_acid_2,HeLa,hela,in_vitro,1,hela_4cr_aldehyde
IR_4CR_aldehyde_613-5,613-5,IR_4CR_Amine_5,IR_4CR_Isocyanide_3,IR_4CR_Aldehyde_6,IR_4CR_Carboxylic_acid_1,HeLa,hela,in_vitro,1,hela_4cr_aldehyde
IR_4CR_aldehyde_241-16,241-16,IR_4CR_Amine_16,IR_4CR_Isocyanide_1,IR_4CR_Aldehyde_2,IR_4CR_Carboxylic_acid_4,HeLa,hela,in_vitro,1,hela_4cr_aldehyde
IR_4CR_aldehyde_244-13,244-13,IR_4CR_Amine_13,IR_4CR_Isocyanide_4,IR_4CR_Aldehyde_2,IR_4CR_Carboxylic_acid_4,HeLa,hela,in_vitro,1,hela_4cr_aldehyde
IR_4CR_aldehyde_621-17,621-17,IR_4CR_Amine_17,IR_4CR_Isocyanide_1,IR_4CR_Aldehyde_6,IR_4CR_Carboxylic_acid_2,HeLa,hela,in_vitro,1,hela_4cr_aldehyde
IR_4CR_aldehyde_244-2,244-2,IR_4CR_Amine_2,IR_4CR_Isocyanide_4,IR_4CR_Aldehyde_2,IR_4CR_Carboxylic_acid_4,HeLa,hela,in_vitro,1,hela_4cr_aldehyde
IR_4CR_aldehyde_241-12,241-12,IR_4CR_Amine_12,IR_4CR_Isocyanide_1,IR_4CR_Aldehyde_2,IR_4CR_Carboxylic_acid_4,HeLa,hela,in_vitro,1,hela_4cr_aldehyde
IR_4CR_aldehyde_244-8,244-8,IR_4CR_Amine_8,IR_4CR_Isocyanide_4,IR_4CR_Aldehyde_2,IR_4CR_Carboxylic_acid_4,HeLa,hela,in_vitro,1,hela_4cr_aldehyde
IR_4CR_aldehyde_613-20,613-20,IR_4CR_Amine_20,IR_4CR_Isocyanide_3,IR_4CR_Aldehyde_6,IR_4CR_Carboxylic_acid_1,HeLa,hela,in_vitro,1,hela_4cr_aldehyde
IR_4CR_aldehyde_241-6,241-6,IR_4CR_Amine_6,IR_4CR_Isocyanide_1,IR_4CR_Aldehyde_2,IR_4CR_Carboxylic_acid_4,HeLa,hela,in_vitro,1,hela_4cr_aldehyde
IR_4CR_aldehyde_111-12,111-12,IR_4CR_Amine_12,IR_4CR_Isocyanide_1,IR_4CR_Aldehyde_1,IR_4CR_Carboxylic_acid_1,HeLa,hela,in_vitro,1,hela_4cr_aldehyde
IR_4CR_aldehyde_613-18,613-18,IR_4CR_Amine_18,IR_4CR_Isocyanide_3,IR_4CR_Aldehyde_6,IR_4CR_Carboxylic_acid_1,HeLa,hela,in_vitro,1,hela_4cr_aldehyde
IR_4CR_aldehyde_622-11,622-11,IR_4CR_Amine_11,IR_4CR_Isocyanide_2,IR_4CR_Aldehyde_6,IR_4CR_Carboxylic_acid_2,HeLa,hela,in_vitro,1,hela_4cr_aldehyde
IR_4CR_aldehyde_241-11,241-11,IR_4CR_Amine_11,IR_4CR_Isocyanide_1,IR_4CR_Aldehyde_2,IR_4CR_Carboxylic_acid_4,HeLa,hela,in_vitro,1,hela_4cr_aldehyde
IR_4CR_aldehyde_241-7,241-7,IR_4CR_Amine_7,IR_4CR_Isocyanide_1,IR_4CR_Aldehyde_2,IR_4CR_Carboxylic_acid_4,HeLa,hela,in_vitro,1,hela_4cr_aldehyde
IR_4CR_aldehyde_611-6,611-6,IR_4CR_Amine_6,IR_4CR_Isocyanide_1,IR_4CR_Aldehyde_6,IR_4CR_Carboxylic_acid_1,HeLa,hela,in_vitro,1,hela_4cr_aldehyde
IR_4CR_aldehyde_613-6,613-6,IR_4CR_Amine_6,IR_4CR_Isocyanide_3,IR_4CR_Aldehyde_6,IR_4CR_Carboxylic_acid_1,HeLa,hela,in_vitro,1,hela_4cr_aldehyde
IR_4CR_aldehyde_611-18,611-18,IR_4CR_Amine_18,IR_4CR_Isocyanide_1,IR_4CR_Aldehyde_6,IR_4CR_Carboxylic_acid_1,HeLa,hela,in_vitro,1,hela_4cr_aldehyde
IR_4CR_aldehyde_624-1,624-1,IR_4CR_Amine_1,IR_4CR_Isocyanide_4,IR_4CR_Aldehyde_6,IR_4CR_Carboxylic_acid_2,HeLa,hela,in_vitro,1,hela_4cr_aldehyde
IR_4CR_aldehyde_244-19,244-19,IR_4CR_Amine_19,IR_4CR_Isocyanide_4,IR_4CR_Aldehyde_2,IR_4CR_Carboxylic_acid_4,HeLa,hela,in_vitro,1,hela_4cr_aldehyde
IR_4CR_aldehyde_611-2,611-2,IR_4CR_Amine_2,IR_4CR_Isocyanide_1,IR_4CR_Aldehyde_6,IR_4CR_Carboxylic_acid_1,HeLa,hela,in_vitro,1,hela_4cr_aldehyde
IR_4CR_aldehyde_624-6,624-6,IR_4CR_Amine_6,IR_4CR_Isocyanide_4,IR_4CR_Aldehyde_6,IR_4CR_Carboxylic_acid_2,HeLa,hela,in_vitro,1,hela_4cr_aldehyde
IR_4CR_aldehyde_613-2,613-2,IR_4CR_Amine_2,IR_4CR_Isocyanide_3,IR_4CR_Aldehyde_6,IR_4CR_Carboxylic_acid_1,HeLa,hela,in_vitro,1,hela_4cr_aldehyde
IR_4CR_aldehyde_244-3,244-3,IR_4CR_Amine_3,IR_4CR_Isocyanide_4,IR_4CR_Aldehyde_2,IR_4CR_Carboxylic_acid_4,HeLa,hela,in_vitro,1,hela_4cr_aldehyde
IR_4CR_aldehyde_111-18,111-18,IR_4CR_Amine_18,IR_4CR_Isocyanide_1,IR_4CR_Aldehyde_1,IR_4CR_Carboxylic_acid_1,HeLa,hela,in_vitro,1,hela_4cr_aldehyde
IR_4CR_aldehyde_613-1,613-1,IR_4CR_Amine_1,IR_4CR_Isocyanide_3,IR_4CR_Aldehyde_6,IR_4CR_Carboxylic_acid_1,HeLa,hela,in_vitro,1,hela_4cr_aldehyde
IR_4CR_aldehyde_622-21,622-21,IR_4CR_Amine_21,IR_4CR_Isocyanide_2,IR_4CR_Aldehyde_6,IR_4CR_Carboxylic_acid_2,HeLa,hela,in_vitro,1,hela_4cr_aldehyde
IR_4CR_aldehyde_241-18,241-18,IR_4CR_Amine_18,IR_4CR_Isocyanide_1,IR_4CR_Aldehyde_2,IR_4CR_Carboxylic_acid_4,HeLa,hela,in_vitro,1,hela_4cr_aldehyde
IR_4CR_aldehyde_621-18,621-18,IR_4CR_Amine_18,IR_4CR_Isocyanide_1,IR_4CR_Aldehyde_6,IR_4CR_Carboxylic_acid_2,HeLa,hela,in_vitro,1,hela_4cr_aldehyde
IR_4CR_aldehyde_622-6,622-6,IR_4CR_Amine_6,IR_4CR_Isocyanide_2,IR_4CR_Aldehyde_6,IR_4CR_Carboxylic_acid_2,HeLa,hela,in_vitro,1,hela_4cr_aldehyde
IR_4CR_aldehyde_622-1,622-1,IR_4CR_Amine_1,IR_4CR_Isocyanide_2,IR_4CR_Aldehyde_6,IR_4CR_Carboxylic_acid_2,HeLa,hela,in_vitro,1,hela_4cr_aldehyde
IR_4CR_aldehyde_111-5,111-5,IR_4CR_Amine_5,IR_4CR_Isocyanide_1,IR_4CR_Aldehyde_1,IR_4CR_Carboxylic_acid_1,HeLa,hela,in_vitro,1,hela_4cr_aldehyde
IR_4CR_aldehyde_244-11,244-11,IR_4CR_Amine_11,IR_4CR_Isocyanide_4,IR_4CR_Aldehyde_2,IR_4CR_Carboxylic_acid_4,HeLa,hela,in_vitro,1,hela_4cr_aldehyde
IR_4CR_aldehyde_244-17,244-17,IR_4CR_Amine_17,IR_4CR_Isocyanide_4,IR_4CR_Aldehyde_2,IR_4CR_Carboxylic_acid_4,HeLa,hela,in_vitro,1,hela_4cr_aldehyde
IR_4CR_aldehyde_621-11,621-11,IR_4CR_Amine_11,IR_4CR_Isocyanide_1,IR_4CR_Aldehyde_6,IR_4CR_Carboxylic_acid_2,HeLa,hela,in_vitro,1,hela_4cr_aldehyde
IR_4CR_aldehyde_621-16,621-16,IR_4CR_Amine_16,IR_4CR_Isocyanide_1,IR_4CR_Aldehyde_6,IR_4CR_Carboxylic_acid_2,HeLa,hela,in_vitro,1,hela_4cr_aldehyde
IR_4CR_aldehyde_622-10,622-10,IR_4CR_Amine_10,IR_4CR_Isocyanide_2,IR_4CR_Aldehyde_6,IR_4CR_Carboxylic_acid_2,HeLa,hela,in_vitro,1,hela_4cr_aldehyde
IR_4CR_aldehyde_622-20,622-20,IR_4CR_Amine_20,IR_4CR_Isocyanide_2,IR_4CR_Aldehyde_6,IR_4CR_Carboxylic_acid_2,HeLa,hela,in_vitro,1,hela_4cr_aldehyde
IR_4CR_aldehyde_613-21,613-21,IR_4CR_Amine_21,IR_4CR_Isocyanide_3,IR_4CR_Aldehyde_6,IR_4CR_Carboxylic_acid_1,HeLa,hela,in_vitro,1,hela_4cr_aldehyde
IR_4CR_aldehyde_244-4,244-4,IR_4CR_Amine_4,IR_4CR_Isocyanide_4,IR_4CR_Aldehyde_2,IR_4CR_Carboxylic_acid_4,HeLa,hela,in_vitro,1,hela_4cr_aldehyde
IR_4CR_aldehyde_624-15,624-15,IR_4CR_Amine_15,IR_4CR_Isocyanide_4,IR_4CR_Aldehyde_6,IR_4CR_Carboxylic_acid_2,HeLa,hela,in_vitro,1,hela_4cr_aldehyde
IR_4CR_aldehyde_611-25,611-25,IR_4CR_Amine_25,IR_4CR_Isocyanide_1,IR_4CR_Aldehyde_6,IR_4CR_Carboxylic_acid_1,HeLa,hela,in_vitro,1,hela_4cr_aldehyde
IR_4CR_aldehyde_611-11,611-11,IR_4CR_Amine_11,IR_4CR_Isocyanide_1,IR_4CR_Aldehyde_6,IR_4CR_Carboxylic_acid_1,HeLa,hela,in_vitro,1,hela_4cr_aldehyde
IR_4CR_aldehyde_611-17,611-17,IR_4CR_Amine_17,IR_4CR_Isocyanide_1,IR_4CR_Aldehyde_6,IR_4CR_Carboxylic_acid_1,HeLa,hela,in_vitro,1,hela_4cr_aldehyde
IR_4CR_aldehyde_621-2,621-2,IR_4CR_Amine_2,IR_4CR_Isocyanide_1,IR_4CR_Aldehyde_6,IR_4CR_Carboxylic_acid_2,HeLa,hela,in_vitro,1,hela_4cr_aldehyde
IR_4CR_aldehyde_111-7,111-7,IR_4CR_Amine_7,IR_4CR_Isocyanide_1,IR_4CR_Aldehyde_1,IR_4CR_Carboxylic_acid_1,HeLa,hela,in_vitro,1,hela_4cr_aldehyde
IR_4CR_aldehyde_611-8,611-8,IR_4CR_Amine_8,IR_4CR_Isocyanide_1,IR_4CR_Aldehyde_6,IR_4CR_Carboxylic_acid_1,HeLa,hela,in_vitro,1,hela_4cr_aldehyde
IR_4CR_aldehyde_624-10,624-10,IR_4CR_Amine_10,IR_4CR_Isocyanide_4,IR_4CR_Aldehyde_6,IR_4CR_Carboxylic_acid_2,HeLa,hela,in_vitro,1,hela_4cr_aldehyde
IR_4CR_aldehyde_622-2,622-2,IR_4CR_Amine_2,IR_4CR_Isocyanide_2,IR_4CR_Aldehyde_6,IR_4CR_Carboxylic_acid_2,HeLa,hela,in_vitro,1,hela_4cr_aldehyde
IR_4CR_aldehyde_244-16,244-16,IR_4CR_Amine_16,IR_4CR_Isocyanide_4,IR_4CR_Aldehyde_2,IR_4CR_Carboxylic_acid_4,HeLa,hela,in_vitro,1,hela_4cr_aldehyde
IR_4CR_aldehyde_111-15,111-15,IR_4CR_Amine_15,IR_4CR_Isocyanide_1,IR_4CR_Aldehyde_1,IR_4CR_Carboxylic_acid_1,HeLa,hela,in_vitro,1,hela_4cr_aldehyde
IR_4CR_aldehyde_611-5,611-5,IR_4CR_Amine_5,IR_4CR_Isocyanide_1,IR_4CR_Aldehyde_6,IR_4CR_Carboxylic_acid_1,HeLa,hela,in_vitro,1,hela_4cr_aldehyde
IR_4CR_aldehyde_611-4,611-4,IR_4CR_Amine_4,IR_4CR_Isocyanide_1,IR_4CR_Aldehyde_6,IR_4CR_Carboxylic_acid_1,HeLa,hela,in_vitro,1,hela_4cr_aldehyde
IR_4CR_aldehyde_111-20,111-20,IR_4CR_Amine_20,IR_4CR_Isocyanide_1,IR_4CR_Aldehyde_1,IR_4CR_Carboxylic_acid_1,HeLa,hela,in_vitro,1,hela_4cr_aldehyde
IR_4CR_aldehyde_244-7,244-7,IR_4CR_Amine_7,IR_4CR_Isocyanide_4,IR_4CR_Aldehyde_2,IR_4CR_Carboxylic_acid_4,HeLa,hela,in_vitro,1,hela_4cr_aldehyde
IR_4CR_aldehyde_111-24,111-24,IR_4CR_Amine_24,IR_4CR_Isocyanide_1,IR_4CR_Aldehyde_1,IR_4CR_Carboxylic_acid_1,HeLa,hela,in_vitro,1,hela_4cr_aldehyde
IR_4CR_aldehyde_611-12,611-12,IR_4CR_Amine_12,IR_4CR_Isocyanide_1,IR_4CR_Aldehyde_6,IR_4CR_Carboxylic_acid_1,HeLa,hela,in_vitro,1,hela_4cr_aldehyde
IR_4CR_aldehyde_621-8,621-8,IR_4CR_Amine_8,IR_4CR_Isocyanide_1,IR_4CR_Aldehyde_6,IR_4CR_Carboxylic_acid_2,HeLa,hela,in_vitro,1,hela_4cr_aldehyde
IR_4CR_aldehyde_241-24,241-24,IR_4CR_Amine_24,IR_4CR_Isocyanide_1,IR_4CR_Aldehyde_2,IR_4CR_Carboxylic_acid_4,HeLa,hela,in_vitro,1,hela_4cr_aldehyde
IR_4CR_aldehyde_624-2,624-2,IR_4CR_Amine_2,IR_4CR_Isocyanide_4,IR_4CR_Aldehyde_6,IR_4CR_Carboxylic_acid_2,HeLa,hela,in_vitro,1,hela_4cr_aldehyde
IR_4CR_aldehyde_111-13,111-13,IR_4CR_Amine_13,IR_4CR_Isocyanide_1,IR_4CR_Aldehyde_1,IR_4CR_Carboxylic_acid_1,HeLa,hela,in_vitro,1,hela_4cr_aldehyde
IR_4CR_aldehyde_244-6,244-6,IR_4CR_Amine_6,IR_4CR_Isocyanide_4,IR_4CR_Aldehyde_2,IR_4CR_Carboxylic_acid_4,HeLa,hela,in_vitro,1,hela_4cr_aldehyde
IR_4CR_aldehyde_621-6,621-6,IR_4CR_Amine_6,IR_4CR_Isocyanide_1,IR_4CR_Aldehyde_6,IR_4CR_Carboxylic_acid_2,HeLa,hela,in_vitro,1,hela_4cr_aldehyde
IR_4CR_aldehyde_624-7,624-7,IR_4CR_Amine_7,IR_4CR_Isocyanide_4,IR_4CR_Aldehyde_6,IR_4CR_Carboxylic_acid_2,HeLa,hela,in_vitro,1,hela_4cr_aldehyde
IR_4CR_aldehyde_613-8,613-8,IR_4CR_Amine_8,IR_4CR_Isocyanide_3,IR_4CR_Aldehyde_6,IR_4CR_Carboxylic_acid_1,HeLa,hela,in_vitro,1,hela_4cr_aldehyde
IR_4CR_aldehyde_624-18,624-18,IR_4CR_Amine_18,IR_4CR_Isocyanide_4,IR_4CR_Aldehyde_6,IR_4CR_Carboxylic_acid_2,HeLa,hela,in_vitro,1,hela_4cr_aldehyde
IR_4CR_aldehyde_621-5,621-5,IR_4CR_Amine_5,IR_4CR_Isocyanide_1,IR_4CR_Aldehyde_6,IR_4CR_Carboxylic_acid_2,HeLa,hela,in_vitro,1,hela_4cr_aldehyde
IR_4CR_aldehyde_241-3,241-3,IR_4CR_Amine_3,IR_4CR_Isocyanide_1,IR_4CR_Aldehyde_2,IR_4CR_Carboxylic_acid_4,HeLa,hela,in_vitro,1,hela_4cr_aldehyde
IR_4CR_aldehyde_244-20,244-20,IR_4CR_Amine_20,IR_4CR_Isocyanide_4,IR_4CR_Aldehyde_2,IR_4CR_Carboxylic_acid_4,HeLa,hela,in_vitro,1,hela_4cr_aldehyde
IR_4CR_aldehyde_624-16,624-16,IR_4CR_Amine_16,IR_4CR_Isocyanide_4,IR_4CR_Aldehyde_6,IR_4CR_Carboxylic_acid_2,HeLa,hela,in_vitro,1,hela_4cr_aldehyde
IR_4CR_aldehyde_611-15,611-15,IR_4CR_Amine_15,IR_4CR_Isocyanide_1,IR_4CR_Aldehyde_6,IR_4CR_Carboxylic_acid_1,HeLa,hela,in_vitro,1,hela_4cr_aldehyde
IR_4CR_aldehyde_624-5,624-5,IR_4CR_Amine_5,IR_4CR_Isocyanide_4,IR_4CR_Aldehyde_6,IR_4CR_Carboxylic_acid_2,HeLa,hela,in_vitro,1,hela_4cr_aldehyde
IR_4CR_aldehyde_111-25,111-25,IR_4CR_Amine_25,IR_4CR_Isocyanide_1,IR_4CR_Aldehyde_1,IR_4CR_Carboxylic_acid_1,HeLa,hela,in_vitro,1,hela_4cr_aldehyde
IR_4CR_aldehyde_622-4,622-4,IR_4CR_Amine_4,IR_4CR_Isocyanide_2,IR_4CR_Aldehyde_6,IR_4CR_Carboxylic_acid_2,HeLa,hela,in_vitro,1,hela_4cr_aldehyde
IR_4CR_aldehyde_111-3,111-3,IR_4CR_Amine_3,IR_4CR_Isocyanide_1,IR_4CR_Aldehyde_1,IR_4CR_Carboxylic_acid_1,HeLa,hela,in_vitro,1,hela_4cr_aldehyde
IR_4CR_aldehyde_621-20,621-20,IR_4CR_Amine_20,IR_4CR_Isocyanide_1,IR_4CR_Aldehyde_6,IR_4CR_Carboxylic_acid_2,HeLa,hela,in_vitro,1,hela_4cr_aldehyde
IR_4CR_aldehyde_621-4,621-4,IR_4CR_Amine_4,IR_4CR_Isocyanide_1,IR_4CR_Aldehyde_6,IR_4CR_Carboxylic_acid_2,HeLa,hela,in_vitro,1,hela_4cr_aldehyde
IR_4CR_aldehyde_613-16,613-16,IR_4CR_Amine_16,IR_4CR_Isocyanide_3,IR_4CR_Aldehyde_6,IR_4CR_Carboxylic_acid_1,HeLa,hela,in_vitro,1,hela_4cr_aldehyde
IR_4CR_aldehyde_622-8,622-8,IR_4CR_Amine_8,IR_4CR_Isocyanide_2,IR_4CR_Aldehyde_6,IR_4CR_Carboxylic_acid_2,HeLa,hela,in_vitro,1,hela_4cr_aldehyde
IR_4CR_aldehyde_241-15,241-15,IR_4CR_Amine_15,IR_4CR_Isocyanide_1,IR_4CR_Aldehyde_2,IR_4CR_Carboxylic_acid_4,HeLa,hela,in_vitro,1,hela_4cr_aldehyde
IR_4CR_aldehyde_244-18,244-18,IR_4CR_Amine_18,IR_4CR_Isocyanide_4,IR_4CR_Aldehyde_2,IR_4CR_Carboxylic_acid_4,HeLa,hela,in_vitro,1,hela_4cr_aldehyde
IR_4CR_aldehyde_613-4,613-4,IR_4CR_Amine_4,IR_4CR_Isocyanide_3,IR_4CR_Aldehyde_6,IR_4CR_Carboxylic_acid_1,HeLa,hela,in_vitro,1,hela_4cr_aldehyde
IR_4CR_aldehyde_241-13,241-13,IR_4CR_Amine_13,IR_4CR_Isocyanide_1,IR_4CR_Aldehyde_2,IR_4CR_Carboxylic_acid_4,HeLa,hela,in_vitro,1,hela_4cr_aldehyde
IR_4CR_aldehyde_611-16,611-16,IR_4CR_Amine_16,IR_4CR_Isocyanide_1,IR_4CR_Aldehyde_6,IR_4CR_Carboxylic_acid_1,HeLa,hela,in_vitro,1,hela_4cr_aldehyde
IR_4CR_aldehyde_622-5,622-5,IR_4CR_Amine_5,IR_4CR_Isocyanide_2,IR_4CR_Aldehyde_6,IR_4CR_Carboxylic_acid_2,HeLa,hela,in_vitro,1,hela_4cr_aldehyde
IR_4CR_aldehyde_611-13,611-13,IR_4CR_Amine_13,IR_4CR_Isocyanide_1,IR_4CR_Aldehyde_6,IR_4CR_Carboxylic_acid_1,HeLa,hela,in_vitro,1,hela_4cr_aldehyde
IR_4CR_aldehyde_613-14,613-14,IR_4CR_Amine_14,IR_4CR_Isocyanide_3,IR_4CR_Aldehyde_6,IR_4CR_Carboxylic_acid_1,HeLa,hela,in_vitro,1,hela_4cr_aldehyde
IR_4CR_aldehyde_611-7,611-7,IR_4CR_Amine_7,IR_4CR_Isocyanide_1,IR_4CR_Aldehyde_6,IR_4CR_Carboxylic_acid_1,HeLa,hela,in_vitro,1,hela_4cr_aldehyde
IR_4CR_aldehyde_611-19,611-19,IR_4CR_Amine_19,IR_4CR_Isocyanide_1,IR_4CR_Aldehyde_6,IR_4CR_Carboxylic_acid_1,HeLa,hela,in_vitro,1,hela_4cr_aldehyde
IR_4CR_aldehyde_621-12,621-12,IR_4CR_Amine_12,IR_4CR_Isocyanide_1,IR_4CR_Aldehyde_6,IR_4CR_Carboxylic_acid_2,HeLa,hela,in_vitro,1,hela_4cr_aldehyde
IR_4CR_aldehyde_621-19,621-19,IR_4CR_Amine_19,IR_4CR_Isocyanide_1,IR_4CR_Aldehyde_6,IR_4CR_Carboxylic_acid_2,HeLa,hela,in_vitro,1,hela_4cr_aldehyde
IR_4CR_aldehyde_621-13,621-13,IR_4CR_Amine_13,IR_4CR_Isocyanide_1,IR_4CR_Aldehyde_6,IR_4CR_Carboxylic_acid_2,HeLa,hela,in_vitro,1,hela_4cr_aldehyde
IR_4CR_aldehyde_622-17,622-17,IR_4CR_Amine_17,IR_4CR_Isocyanide_2,IR_4CR_Aldehyde_6,IR_4CR_Carboxylic_acid_2,HeLa,hela,in_vitro,1,hela_4cr_aldehyde
IR_4CR_aldehyde_611-14,611-14,IR_4CR_Amine_14,IR_4CR_Isocyanide_1,IR_4CR_Aldehyde_6,IR_4CR_Carboxylic_acid_1,HeLa,hela,in_vitro,1,hela_4cr_aldehyde
IR_4CR_aldehyde_621-3,621-3,IR_4CR_Amine_3,IR_4CR_Isocyanide_1,IR_4CR_Aldehyde_6,IR_4CR_Carboxylic_acid_2,HeLa,hela,in_vitro,1,hela_4cr_aldehyde
IR_4CR_aldehyde_611-3,611-3,IR_4CR_Amine_3,IR_4CR_Isocyanide_1,IR_4CR_Aldehyde_6,IR_4CR_Carboxylic_acid_1,HeLa,hela,in_vitro,1,hela_4cr_aldehyde
IR_4CR_aldehyde_624-13,624-13,IR_4CR_Amine_13,IR_4CR_Isocyanide_4,IR_4CR_Aldehyde_6,IR_4CR_Carboxylic_acid_2,HeLa,hela,in_vitro,1,hela_4cr_aldehyde
IR_4CR_aldehyde_622-18,622-18,IR_4CR_Amine_18,IR_4CR_Isocyanide_2,IR_4CR_Aldehyde_6,IR_4CR_Carboxylic_acid_2,HeLa,hela,in_vitro,1,hela_4cr_aldehyde
IR_4CR_aldehyde_244-14,244-14,IR_4CR_Amine_14,IR_4CR_Isocyanide_4,IR_4CR_Aldehyde_2,IR_4CR_Carboxylic_acid_4,HeLa,hela,in_vitro,1,hela_4cr_aldehyde
IR_4CR_aldehyde_622-16,622-16,IR_4CR_Amine_16,IR_4CR_Isocyanide_2,IR_4CR_Aldehyde_6,IR_4CR_Carboxylic_acid_2,HeLa,hela,in_vitro,1,hela_4cr_aldehyde
IR_4CR_aldehyde_244-24,244-24,IR_4CR_Amine_24,IR_4CR_Isocyanide_4,IR_4CR_Aldehyde_2,IR_4CR_Carboxylic_acid_4,HeLa,hela,in_vitro,1,hela_4cr_aldehyde
IR_4CR_aldehyde_624-4,624-4,IR_4CR_Amine_4,IR_4CR_Isocyanide_4,IR_4CR_Aldehyde_6,IR_4CR_Carboxylic_acid_2,HeLa,hela,in_vitro,1,hela_4cr_aldehyde
IR_4CR_aldehyde_613-15,613-15,IR_4CR_Amine_15,IR_4CR_Isocyanide_3,IR_4CR_Aldehyde_6,IR_4CR_Carboxylic_acid_1,HeLa,hela,in_vitro,1,hela_4cr_aldehyde
IR_4CR_aldehyde_624-8,624-8,IR_4CR_Amine_8,IR_4CR_Isocyanide_4,IR_4CR_Aldehyde_6,IR_4CR_Carboxylic_acid_2,HeLa,hela,in_vitro,1,hela_4cr_aldehyde
IR_4CR_aldehyde_241-25,241-25,IR_4CR_Amine_25,IR_4CR_Isocyanide_1,IR_4CR_Aldehyde_2,IR_4CR_Carboxylic_acid_4,HeLa,hela,in_vitro,1,hela_4cr_aldehyde
IR_4CR_aldehyde_613-7,613-7,IR_4CR_Amine_7,IR_4CR_Isocyanide_3,IR_4CR_Aldehyde_6,IR_4CR_Carboxylic_acid_1,HeLa,hela,in_vitro,1,hela_4cr_aldehyde
IR_4CR_aldehyde_244-15,244-15,IR_4CR_Amine_15,IR_4CR_Isocyanide_4,IR_4CR_Aldehyde_2,IR_4CR_Carboxylic_acid_4,HeLa,hela,in_vitro,1,hela_4cr_aldehyde
IR_4CR_aldehyde_613-17,613-17,IR_4CR_Amine_17,IR_4CR_Isocyanide_3,IR_4CR_Aldehyde_6,IR_4CR_Carboxylic_acid_1,HeLa,hela,in_vitro,1,hela_4cr_aldehyde
IR_4CR_aldehyde_621-7,621-7,IR_4CR_Amine_7,IR_4CR_Isocyanide_1,IR_4CR_Aldehyde_6,IR_4CR_Carboxylic_acid_2,HeLa,hela,in_vitro,1,hela_4cr_aldehyde
IR_4CR_aldehyde_622-19,622-19,IR_4CR_Amine_19,IR_4CR_Isocyanide_2,IR_4CR_Aldehyde_6,IR_4CR_Carboxylic_acid_2,HeLa,hela,in_vitro,1,hela_4cr_aldehyde
IR_4CR_aldehyde_241-5,241-5,IR_4CR_Amine_5,IR_4CR_Isocyanide_1,IR_4CR_Aldehyde_2,IR_4CR_Carboxylic_acid_4,HeLa,hela,in_vitro,1,hela_4cr_aldehyde
IR_4CR_aldehyde_621-14,621-14,IR_4CR_Amine_14,IR_4CR_Isocyanide_1,IR_4CR_Aldehyde_6,IR_4CR_Carboxylic_acid_2,HeLa,hela,in_vitro,1,hela_4cr_aldehyde
IR_4CR_aldehyde_611-20,611-20,IR_4CR_Amine_20,IR_4CR_Isocyanide_1,IR_4CR_Aldehyde_6,IR_4CR_Carboxylic_acid_1,HeLa,hela,in_vitro,1,hela_4cr_aldehyde
IR_4CR_aldehyde_241-20,241-20,IR_4CR_Amine_20,IR_4CR_Isocyanide_1,IR_4CR_Aldehyde_2,IR_4CR_Carboxylic_acid_4,HeLa,hela,in_vitro,1,hela_4cr_aldehyde
IR_4CR_aldehyde_622-7,622-7,IR_4CR_Amine_7,IR_4CR_Isocyanide_2,IR_4CR_Aldehyde_6,IR_4CR_Carboxylic_acid_2,HeLa,hela,in_vitro,1,hela_4cr_aldehyde
IR_4CR_aldehyde_624-14,624-14,IR_4CR_Amine_14,IR_4CR_Isocyanide_4,IR_4CR_Aldehyde_6,IR_4CR_Carboxylic_acid_2,HeLa,hela,in_vitro,1,hela_4cr_aldehyde
IR_4CR_aldehyde_624-19,624-19,IR_4CR_Amine_19,IR_4CR_Isocyanide_4,IR_4CR_Aldehyde_6,IR_4CR_Carboxylic_acid_2,HeLa,hela,in_vitro,1,hela_4cr_aldehyde
IR_4CR_aldehyde_111-14,111-14,IR_4CR_Amine_14,IR_4CR_Isocyanide_1,IR_4CR_Aldehyde_1,IR_4CR_Carboxylic_acid_1,HeLa,hela,in_vitro,1,hela_4cr_aldehyde
IR_4CR_aldehyde_622-14,622-14,IR_4CR_Amine_14,IR_4CR_Isocyanide_2,IR_4CR_Aldehyde_6,IR_4CR_Carboxylic_acid_2,HeLa,hela,in_vitro,1,hela_4cr_aldehyde
IR_4CR_aldehyde_241-14,241-14,IR_4CR_Amine_14,IR_4CR_Isocyanide_1,IR_4CR_Aldehyde_2,IR_4CR_Carboxylic_acid_4,HeLa,hela,in_vitro,1,hela_4cr_aldehyde
IR_4CR_aldehyde_621-15,621-15,IR_4CR_Amine_15,IR_4CR_Isocyanide_1,IR_4CR_Aldehyde_6,IR_4CR_Carboxylic_acid_2,HeLa,hela,in_vitro,1,hela_4cr_aldehyde
IR_4CR_aldehyde_622-15,622-15,IR_4CR_Amine_15,IR_4CR_Isocyanide_2,IR_4CR_Aldehyde_6,IR_4CR_Carboxylic_acid_2,HeLa,hela,in_vitro,1,hela_4cr_aldehyde
IR_4CR_aldehyde_624-17,624-17,IR_4CR_Amine_17,IR_4CR_Isocyanide_4,IR_4CR_Aldehyde_6,IR_4CR_Carboxylic_acid_2,HeLa,hela,in_vitro,1,hela_4cr_aldehyde
IR_4CR_aldehyde_613-19,613-19,IR_4CR_Amine_19,IR_4CR_Isocyanide_3,IR_4CR_Aldehyde_6,IR_4CR_Carboxylic_acid_1,HeLa,hela,in_vitro,1,hela_4cr_aldehyde
IR_4CR_aldehyde_621-24,621-24,IR_4CR_Amine_24,IR_4CR_Isocyanide_1,IR_4CR_Aldehyde_6,IR_4CR_Carboxylic_acid_2,HeLa,hela,in_vitro,1,hela_4cr_aldehyde
IR_4CR_aldehyde_613-25,613-25,IR_4CR_Amine_25,IR_4CR_Isocyanide_3,IR_4CR_Aldehyde_6,IR_4CR_Carboxylic_acid_1,muscle,muscle,im,3,im_4cr_aldehyde
IR_4CR_aldehyde_622-25,622-25,IR_4CR_Amine_25,IR_4CR_Isocyanide_2,IR_4CR_Aldehyde_6,IR_4CR_Carboxylic_acid_2,muscle,muscle,im,3,im_4cr_aldehyde
IR_4CR_aldehyde_111-22,111-22,IR_4CR_Amine_22,IR_4CR_Isocyanide_1,IR_4CR_Aldehyde_1,IR_4CR_Carboxylic_acid_1,muscle,muscle,im,3,im_4cr_aldehyde
IR_4CR_aldehyde_111-17,111-17,IR_4CR_Amine_17,IR_4CR_Isocyanide_1,IR_4CR_Aldehyde_1,IR_4CR_Carboxylic_acid_1,muscle,muscle,im,3,im_4cr_aldehyde
IR_4CR_aldehyde_111-2,111-2,IR_4CR_Amine_2,IR_4CR_Isocyanide_1,IR_4CR_Aldehyde_1,IR_4CR_Carboxylic_acid_1,muscle,muscle,im,3,im_4cr_aldehyde
IR_4CR_aldehyde_244-25,244-25,IR_4CR_Amine_25,IR_4CR_Isocyanide_4,IR_4CR_Aldehyde_2,IR_4CR_Carboxylic_acid_4,muscle,muscle,im,3,im_4cr_aldehyde
IR_4CR_aldehyde_241-22,241-22,IR_4CR_Amine_22,IR_4CR_Isocyanide_1,IR_4CR_Aldehyde_2,IR_4CR_Carboxylic_acid_4,muscle,muscle,im,3,im_4cr_aldehyde
IR_4CR_aldehyde_241-2,241-2,IR_4CR_Amine_2,IR_4CR_Isocyanide_1,IR_4CR_Aldehyde_2,IR_4CR_Carboxylic_acid_4,muscle,muscle,im,3,im_4cr_aldehyde
IR_4CR_aldehyde_621-25,621-25,IR_4CR_Amine_25,IR_4CR_Isocyanide_1,IR_4CR_Aldehyde_6,IR_4CR_Carboxylic_acid_2,muscle,muscle,im,3,im_4cr_aldehyde
IR_4CR_aldehyde_621-10,621-10,IR_4CR_Amine_10,IR_4CR_Isocyanide_1,IR_4CR_Aldehyde_6,IR_4CR_Carboxylic_acid_2,muscle,muscle,im,3,im_4cr_aldehyde
IR_4CR_aldehyde_111-16,111-16,IR_4CR_Amine_16,IR_4CR_Isocyanide_1,IR_4CR_Aldehyde_1,IR_4CR_Carboxylic_acid_1,muscle,muscle,im,3,im_4cr_aldehyde
IR_4CR_aldehyde_241-19,241-19,IR_4CR_Amine_19,IR_4CR_Isocyanide_1,IR_4CR_Aldehyde_2,IR_4CR_Carboxylic_acid_4,muscle,muscle,im,3,im_4cr_aldehyde
IR_4CR_aldehyde_241-9,241-9,IR_4CR_Amine_9,IR_4CR_Isocyanide_1,IR_4CR_Aldehyde_2,IR_4CR_Carboxylic_acid_4,muscle,muscle,im,3,im_4cr_aldehyde
IR_4CR_aldehyde_241-1,241-1,IR_4CR_Amine_1,IR_4CR_Isocyanide_1,IR_4CR_Aldehyde_2,IR_4CR_Carboxylic_acid_4,muscle,muscle,im,3,im_4cr_aldehyde
IR_4CR_aldehyde_241-21,241-21,IR_4CR_Amine_21,IR_4CR_Isocyanide_1,IR_4CR_Aldehyde_2,IR_4CR_Carboxylic_acid_4,muscle,muscle,im,3,im_4cr_aldehyde
IR_4CR_aldehyde_611-21,611-21,IR_4CR_Amine_21,IR_4CR_Isocyanide_1,IR_4CR_Aldehyde_6,IR_4CR_Carboxylic_acid_1,muscle,muscle,im,3,im_4cr_aldehyde
IR_4CR_aldehyde_244-21,244-21,IR_4CR_Amine_21,IR_4CR_Isocyanide_4,IR_4CR_Aldehyde_2,IR_4CR_Carboxylic_acid_4,muscle,muscle,im,3,im_4cr_aldehyde
IR_4CR_aldehyde_244-12,244-12,IR_4CR_Amine_12,IR_4CR_Isocyanide_4,IR_4CR_Aldehyde_2,IR_4CR_Carboxylic_acid_4,muscle,muscle,im,3,im_4cr_aldehyde
IR_4CR_aldehyde_624-25,624-25,IR_4CR_Amine_25,IR_4CR_Isocyanide_4,IR_4CR_Aldehyde_6,IR_4CR_Carboxylic_acid_2,muscle,muscle,im,3,im_4cr_aldehyde
IR_4CR_aldehyde_613-22,613-22,IR_4CR_Amine_22,IR_4CR_Isocyanide_3,IR_4CR_Aldehyde_6,IR_4CR_Carboxylic_acid_1,muscle,muscle,im,3,im_4cr_aldehyde
IR_4CR_aldehyde_111-4,111-4,IR_4CR_Amine_4,IR_4CR_Isocyanide_1,IR_4CR_Aldehyde_1,IR_4CR_Carboxylic_acid_1,muscle,muscle,im,3,im_4cr_aldehyde
IR_4CR_aldehyde_111-8,111-8,IR_4CR_Amine_8,IR_4CR_Isocyanide_1,IR_4CR_Aldehyde_1,IR_4CR_Carboxylic_acid_1,muscle,muscle,im,3,im_4cr_aldehyde
IR_4CR_aldehyde_244-10,244-10,IR_4CR_Amine_10,IR_4CR_Isocyanide_4,IR_4CR_Aldehyde_2,IR_4CR_Carboxylic_acid_4,muscle,muscle,im,3,im_4cr_aldehyde
IR_4CR_aldehyde_611-10,611-10,IR_4CR_Amine_10,IR_4CR_Isocyanide_1,IR_4CR_Aldehyde_6,IR_4CR_Carboxylic_acid_1,muscle,muscle,im,3,im_4cr_aldehyde
IR_4CR_aldehyde_624-23,624-23,IR_4CR_Amine_23,IR_4CR_Isocyanide_4,IR_4CR_Aldehyde_6,IR_4CR_Carboxylic_acid_2,muscle,muscle,im,3,im_4cr_aldehyde
IR_4CR_aldehyde_111-9,111-9,IR_4CR_Amine_9,IR_4CR_Isocyanide_1,IR_4CR_Aldehyde_1,IR_4CR_Carboxylic_acid_1,muscle,muscle,im,3,im_4cr_aldehyde
IR_4CR_aldehyde_622-22,622-22,IR_4CR_Amine_22,IR_4CR_Isocyanide_2,IR_4CR_Aldehyde_6,IR_4CR_Carboxylic_acid_2,muscle,muscle,im,3,im_4cr_aldehyde
IR_4CR_aldehyde_244-9,244-9,IR_4CR_Amine_9,IR_4CR_Isocyanide_4,IR_4CR_Aldehyde_2,IR_4CR_Carboxylic_acid_4,muscle,muscle,im,3,im_4cr_aldehyde
IR_4CR_aldehyde_613-12,613-12,IR_4CR_Amine_12,IR_4CR_Isocyanide_3,IR_4CR_Aldehyde_6,IR_4CR_Carboxylic_acid_1,muscle,muscle,im,3,im_4cr_aldehyde
IR_4CR_aldehyde_613-24,613-24,IR_4CR_Amine_24,IR_4CR_Isocyanide_3,IR_4CR_Aldehyde_6,IR_4CR_Carboxylic_acid_1,muscle,muscle,im,3,im_4cr_aldehyde
IR_4CR_aldehyde_111-10,111-10,IR_4CR_Amine_10,IR_4CR_Isocyanide_1,IR_4CR_Aldehyde_1,IR_4CR_Carboxylic_acid_1,muscle,muscle,im,3,im_4cr_aldehyde
IR_4CR_aldehyde_621-21,621-21,IR_4CR_Amine_21,IR_4CR_Isocyanide_1,IR_4CR_Aldehyde_6,IR_4CR_Carboxylic_acid_2,muscle,muscle,im,3,im_4cr_aldehyde
IR_4CR_aldehyde_613-9,613-9,IR_4CR_Amine_9,IR_4CR_Isocyanide_3,IR_4CR_Aldehyde_6,IR_4CR_Carboxylic_acid_1,muscle,muscle,im,3,im_4cr_aldehyde
IR_4CR_aldehyde_624-22,624-22,IR_4CR_Amine_22,IR_4CR_Isocyanide_4,IR_4CR_Aldehyde_6,IR_4CR_Carboxylic_acid_2,muscle,muscle,im,3,im_4cr_aldehyde
IR_4CR_aldehyde_111-1,111-1,IR_4CR_Amine_1,IR_4CR_Isocyanide_1,IR_4CR_Aldehyde_1,IR_4CR_Carboxylic_acid_1,muscle,muscle,im,3,im_4cr_aldehyde
IR_4CR_aldehyde_241-10,241-10,IR_4CR_Amine_10,IR_4CR_Isocyanide_1,IR_4CR_Aldehyde_2,IR_4CR_Carboxylic_acid_4,muscle,muscle,im,3,im_4cr_aldehyde
IR_4CR_aldehyde_111-19,111-19,IR_4CR_Amine_19,IR_4CR_Isocyanide_1,IR_4CR_Aldehyde_1,IR_4CR_Carboxylic_acid_1,muscle,muscle,im,3,im_4cr_aldehyde
IR_4CR_aldehyde_613-11,613-11,IR_4CR_Amine_11,IR_4CR_Isocyanide_3,IR_4CR_Aldehyde_6,IR_4CR_Carboxylic_acid_1,muscle,muscle,im,3,im_4cr_aldehyde
IR_4CR_aldehyde_622-3,622-3,IR_4CR_Amine_3,IR_4CR_Isocyanide_2,IR_4CR_Aldehyde_6,IR_4CR_Carboxylic_acid_2,muscle,muscle,im,3,im_4cr_aldehyde
IR_4CR_aldehyde_111-6,111-6,IR_4CR_Amine_6,IR_4CR_Isocyanide_1,IR_4CR_Aldehyde_1,IR_4CR_Carboxylic_acid_1,muscle,muscle,im,3,im_4cr_aldehyde
IR_4CR_aldehyde_111-21,111-21,IR_4CR_Amine_21,IR_4CR_Isocyanide_1,IR_4CR_Aldehyde_1,IR_4CR_Carboxylic_acid_1,muscle,muscle,im,3,im_4cr_aldehyde
IR_4CR_aldehyde_613-3,613-3,IR_4CR_Amine_3,IR_4CR_Isocyanide_3,IR_4CR_Aldehyde_6,IR_4CR_Carboxylic_acid_1,muscle,muscle,im,3,im_4cr_aldehyde
IR_4CR_aldehyde_624-3,624-3,IR_4CR_Amine_3,IR_4CR_Isocyanide_4,IR_4CR_Aldehyde_6,IR_4CR_Carboxylic_acid_2,muscle,muscle,im,3,im_4cr_aldehyde
IR_4CR_aldehyde_622-24,622-24,IR_4CR_Amine_24,IR_4CR_Isocyanide_2,IR_4CR_Aldehyde_6,IR_4CR_Carboxylic_acid_2,muscle,muscle,im,3,im_4cr_aldehyde
IR_4CR_aldehyde_622-12,622-12,IR_4CR_Amine_12,IR_4CR_Isocyanide_2,IR_4CR_Aldehyde_6,IR_4CR_Carboxylic_acid_2,muscle,muscle,im,3,im_4cr_aldehyde
IR_4CR_aldehyde_624-24,624-24,IR_4CR_Amine_24,IR_4CR_Isocyanide_4,IR_4CR_Aldehyde_6,IR_4CR_Carboxylic_acid_2,muscle,muscle,im,3,im_4cr_aldehyde
IR_4CR_aldehyde_244-1,244-1,IR_4CR_Amine_1,IR_4CR_Isocyanide_4,IR_4CR_Aldehyde_2,IR_4CR_Carboxylic_acid_4,muscle,muscle,im,3,im_4cr_aldehyde
IR_4CR_aldehyde_624-20,624-20,IR_4CR_Amine_20,IR_4CR_Isocyanide_4,IR_4CR_Aldehyde_6,IR_4CR_Carboxylic_acid_2,muscle,muscle,im,3,im_4cr_aldehyde
IR_4CR_aldehyde_241-4,241-4,IR_4CR_Amine_4,IR_4CR_Isocyanide_1,IR_4CR_Aldehyde_2,IR_4CR_Carboxylic_acid_4,muscle,muscle,im,3,im_4cr_aldehyde
IR_4CR_aldehyde_622-13,622-13,IR_4CR_Amine_13,IR_4CR_Isocyanide_2,IR_4CR_Aldehyde_6,IR_4CR_Carboxylic_acid_2,muscle,muscle,im,3,im_4cr_aldehyde
IR_4CR_aldehyde_244-4,244-4,IR_4CR_Amine_4,IR_4CR_Isocyanide_4,IR_4CR_Aldehyde_2,IR_4CR_Carboxylic_acid_4,muscle,muscle,im,3,im_4cr_aldehyde